disease	study	measure	model	gsm	value	patient_patient_reference	model_model_reference	pct_of_reference	n_patient_refs	n_models_compared
Liposarcoma	GSE111253	signal_spearman	GSM3027233	GSM3027233	0.4464	0.5242	0.7616	85.2	4	4
Liposarcoma	GSE111253	signal_spearman	GSM3027215	GSM3027215	0.4209	0.5242	0.7616	80.3	4	4
Liposarcoma	GSE111253	signal_spearman	402-91	GSM3027225	0.4079	0.5242	0.7616	77.8	4	4
Liposarcoma	GSE111253	signal_spearman	1765-92	GSM3027231	0.3832	0.5242	0.7616	73.1	4	4
Clear cell sarcoma	GSE180198	peak_jaccard	DTC-1	GSM5455029	0.158	0.3461	0.384	45.7	2	4
Clear cell sarcoma	GSE180198	peak_jaccard	DTC-1	GSM5455025	0.1507	0.3461	0.384	43.5	2	4
Clear cell sarcoma	GSE180198	peak_jaccard	SU-CCS-1	GSM5455038	0.123	0.3461	0.384	35.5	2	4
Clear cell sarcoma	GSE180198	peak_jaccard	SU-CCS-1	GSM5455043	0.0921	0.3461	0.384	26.6	2	4
Clear cell sarcoma	GSE180198	signal_spearman	DTC-1	GSM5454999	0.5965	0.3314	0.2756	180	5	5
Clear cell sarcoma	GSE180198	signal_spearman	SU-CCS-1	GSM5454984	0.5051	0.3314	0.2756	152.4	5	5
Clear cell sarcoma	GSE180198	signal_spearman	GSM5455021	GSM5455021	0.3383	0.3314	0.2756	102.1	5	5
Clear cell sarcoma	GSE180198	signal_spearman	GSM5455017	GSM5455017	0.3375	0.3314	0.2756	101.8	5	5
Clear cell sarcoma	GSE180198	signal_spearman	GSM5455013	GSM5455013	0.2866	0.3314	0.2756	86.5	5	5
DSRCT	GSE212977	signal_spearman	JN-DSRCT-1	GSM6568001	0.445	0.4305	0.858	103.4	2	21
DSRCT	GSE212977	signal_spearman	GSM6568044	GSM6568044	0.3484	0.4305	0.858	80.9	2	21
DSRCT	GSE212977	signal_spearman	GSM6568051	GSM6568051	0.3464	0.4305	0.858	80.5	2	21
DSRCT	GSE212977	signal_spearman	GSM6568050	GSM6568050	0.3363	0.4305	0.858	78.1	2	21
DSRCT	GSE212977	signal_spearman	GSM6568042	GSM6568042	0.3359	0.4305	0.858	78	2	21
DSRCT	GSE212977	signal_spearman	GSM6568043	GSM6568043	0.3154	0.4305	0.858	73.3	2	21
DSRCT	GSE212977	signal_spearman	GSM6568045	GSM6568045	0.3066	0.4305	0.858	71.2	2	21
DSRCT	GSE212977	signal_spearman	GSM6568028	GSM6568028	0.2461	0.4305	0.858	57.2	2	21
DSRCT	GSE212977	signal_spearman	GSM6568069	GSM6568069	0.2299	0.4305	0.858	53.4	2	21
DSRCT	GSE212977	signal_spearman	GSM6568071	GSM6568071	0.2284	0.4305	0.858	53.1	2	21
DSRCT	GSE212977	signal_spearman	GSM6568027	GSM6568027	0.2266	0.4305	0.858	52.6	2	21
DSRCT	GSE212977	signal_spearman	GSM6568064	GSM6568064	0.2265	0.4305	0.858	52.6	2	21
DSRCT	GSE212977	signal_spearman	GSM6568068	GSM6568068	0.2258	0.4305	0.858	52.5	2	21
DSRCT	GSE212977	signal_spearman	GSM6568061	GSM6568061	0.2256	0.4305	0.858	52.4	2	21
DSRCT	GSE212977	signal_spearman	GSM6568029	GSM6568029	0.2255	0.4305	0.858	52.4	2	21
DSRCT	GSE212977	signal_spearman	GSM6568031	GSM6568031	0.2255	0.4305	0.858	52.4	2	21
DSRCT	GSE212977	signal_spearman	GSM6568030	GSM6568030	0.2242	0.4305	0.858	52.1	2	21
DSRCT	GSE212977	signal_spearman	GSM6568070	GSM6568070	0.2239	0.4305	0.858	52	2	21
DSRCT	GSE212977	signal_spearman	GSM6568060	GSM6568060	0.2226	0.4305	0.858	51.7	2	21
DSRCT	GSE212977	signal_spearman	GSM6568065	GSM6568065	0.2225	0.4305	0.858	51.7	2	21
DSRCT	GSE212977	signal_spearman	GSM6568032	GSM6568032	0.2183	0.4305	0.858	50.7	2	21
CIC-DUX4	GSE248040	signal_spearman	GSM7905075	GSM7905075	0.5728	0.4866	0.8196	117.7	3	7
CIC-DUX4	GSE248040	signal_spearman	GSM7905076	GSM7905076	0.5404	0.4866	0.8196	111.1	3	7
CIC-DUX4	GSE248040	signal_spearman	GSM7905067	GSM7905067	0.53	0.4866	0.8196	108.9	3	7
CIC-DUX4	GSE248040	signal_spearman	GSM7905087	GSM7905087	0.5273	0.4866	0.8196	108.4	3	7
CIC-DUX4	GSE248040	signal_spearman	GSM7905069	GSM7905069	0.5134	0.4866	0.8196	105.5	3	7
CIC-DUX4	GSE248040	signal_spearman	GSM7905071	GSM7905071	0.5122	0.4866	0.8196	105.3	3	7
CIC-DUX4	GSE248040	signal_spearman	GSM7905088	GSM7905088	0.5087	0.4866	0.8196	104.6	3	7
FN-RMS	GSE83726	peak_jaccard	RD	GSM2214095	0.2921	0.2871	0.3553	101.7	5	2
FN-RMS	GSE83726	peak_jaccard	GSM2214085	GSM2214085	0.2493	0.2871	0.3553	86.8	5	2
FP-RMS	GSE83726	peak_jaccard	RH4	GSM2214104	0.2232	0.0858	0.338	260.2	3	3
FP-RMS	GSE83726	peak_jaccard	RH5	GSM2214121	0.1685	0.0858	0.338	196.5	3	3
FP-RMS	GSE83726	peak_jaccard	GSM2214135	GSM2214135	0.165	0.0858	0.338	192.4	3	3
