repository	accession	title	query_term	is_geo_mirror	epigenomic_hint	release_date	n_files	access	url
ArrayExpress/BioStudies	E-ERAD-23	Brachyury ChIP sequencing of human chordoma UCH-1 cell line	chordoma		Y	2011-10-17		open	https://www.ebi.ac.uk/biostudies/arrayexpress/studies/E-ERAD-23
ArrayExpress/BioStudies	E-MEXP-1748	Chromatin immunoprecipitation with p53-antibody of human osteosarcoma cell line Saos-2 infected with adenomviruses encoding GFP, or GFP with p53 H1 helix mutants EL or RE	osteosarcoma		Y	2010-05-13		open	https://www.ebi.ac.uk/biostudies/arrayexpress/studies/E-MEXP-1748
ArrayExpress/BioStudies	E-MTAB-10825	MBD-Seq was applied to study the CpG methylation map of rhabdomyosarcoma cells after DiPRO1/ZNF555 inhibition	rhabdomyosarcoma		Y	2022-07-28		open	https://www.ebi.ac.uk/biostudies/arrayexpress/studies/E-MTAB-10825
ArrayExpress/BioStudies	E-MTAB-11031	Methylation profiling of chondrosarcoma tumour samples	chondrosarcoma		Y	2022-03-01		open	https://www.ebi.ac.uk/biostudies/arrayexpress/studies/E-MTAB-11031
ArrayExpress/BioStudies	E-MTAB-12292	ChIP-seq of ADNP and TRIM28 in the U2OS cell line (Human Bone Osteosarcoma Epithelial Cells)	osteosarcoma		Y	2023-06-01		open	https://www.ebi.ac.uk/biostudies/arrayexpress/studies/E-MTAB-12292
ArrayExpress/BioStudies	E-MTAB-12758	Single-cell RNA-seq of JBT19 - a novel PD-L1- and collagen-expressing patient-derived cell line of undifferentiated pleomorphic sarcoma as a model for cancer immunotherapy	sarcoma		Y	2024-01-31		open	https://www.ebi.ac.uk/biostudies/arrayexpress/studies/E-MTAB-12758
ArrayExpress/BioStudies	E-MTAB-13947	Transcriptomic analysis of 162 myxofibrosarcomas and undifferentiated pleomorphic sarcomas	sarcoma		Y	2024-09-30		open	https://www.ebi.ac.uk/biostudies/arrayexpress/studies/E-MTAB-13947
ArrayExpress/BioStudies	E-MTAB-13948	Segment files from SNP array analysis of 145 myxofibrosarcoma and undifferentiated pleomorphic sarcoma	sarcoma		Y	2024-09-30		open	https://www.ebi.ac.uk/biostudies/arrayexpress/studies/E-MTAB-13948
ArrayExpress/BioStudies	E-MTAB-6111	DNAseq of human Ewing cell line - CADO-ES1	sarcoma		Y	2017-10-02		open	https://www.ebi.ac.uk/biostudies/arrayexpress/studies/E-MTAB-6111
ArrayExpress/BioStudies	E-MTAB-6708	Methylation profiling of Malignant Rhabdoid Tumours	malignant peripheral nerve sheath tumor		Y	2020-07-15		open	https://www.ebi.ac.uk/biostudies/arrayexpress/studies/E-MTAB-6708
ArrayExpress/BioStudies	E-MTAB-6961	Methylation array profiling of undifferentiated sarcomas of adults	sarcoma		Y	2019-04-02		open	https://www.ebi.ac.uk/biostudies/arrayexpress/studies/E-MTAB-6961
ArrayExpress/BioStudies	E-MTAB-8864	Methylation profiling of malignant peripheral nerve sheath tumour samples	sarcoma		Y	2020-07-02		open	https://www.ebi.ac.uk/biostudies/arrayexpress/studies/E-MTAB-8864
ArrayExpress/BioStudies	E-MTAB-9875	Methylation profiling (450K and EPIC array) for sarcoma classification	sarcoma		Y	2021-05-01		open	https://www.ebi.ac.uk/biostudies/arrayexpress/studies/E-MTAB-9875
ArrayExpress/BioStudies	E-TABM-1022	Methylation profiling by array of human gastrointestinal stromal tumors MCAM GIST	gastrointestinal stromal tumor		Y	2011-06-29		open	https://www.ebi.ac.uk/biostudies/arrayexpress/studies/E-TABM-1022
ENA	PRJDB12634	Hi-C analysis of sarcoma and renal cell carcinoma	sarcoma		Y	2022-12-03		open	https://www.ebi.ac.uk/ena/browser/view/PRJDB12634
ENA	PRJDB8273	CHIP-seq experiment of ZNF217 in leiomyosarcoma cell line, UT1	sarcoma		Y	2021-04-29		open	https://www.ebi.ac.uk/ena/browser/view/PRJDB8273
ENA	PRJDB9199	ChIP/ATAC-seq data of a primary mouse osteosarcoma cell line.	sarcoma		Y	2020-01-26		open	https://www.ebi.ac.uk/ena/browser/view/PRJDB9199
ENA	PRJEB104098	DIFFERENTIAL DIAGNOSIS OF HISTIOCYTIC SARCOMAS AND UNDIFFERENTIATED PLEOMORPHIC SARCOMAS	sarcoma		Y	2025-11-23		open	https://www.ebi.ac.uk/ena/browser/view/PRJEB104098
ENA	PRJEB112272	Methylation Analysis of iPSC model of MPNST progression	MPNST		Y	2026-04-30		open	https://www.ebi.ac.uk/ena/browser/view/PRJEB112272
ENA	PRJEB21614	Epigenetic consequences of latent infection with Kaposi-sarcoma associated herpesvirus	sarcoma			2019-06-29		open	https://www.ebi.ac.uk/ena/browser/view/PRJEB21614
ENA	PRJEB46871	MBD-Seq was applied to study the CpG methylation map of rhabdomyosarcoma cells after DiPRO1/ZNF555 inhibition	sarcoma		Y	2022-07-27		open	https://www.ebi.ac.uk/ena/browser/view/PRJEB46871
ENA	PRJEB56686	ChIP-seq of ADNP and TRIM28 in the U2OS cell line (Human Bone Osteosarcoma Epithelial Cells)	sarcoma		Y	2023-05-31		open	https://www.ebi.ac.uk/ena/browser/view/PRJEB56686
ENA	PRJEB74484	ChIP-Seq of myxoid liposarcoma patient-derived xenograft models	sarcoma		Y	2025-04-02		open	https://www.ebi.ac.uk/ena/browser/view/PRJEB74484
ENA	PRJNA1006405	Aberrant EZHIP Expression Drives Tumorigenesis in Osteosarcoma [CUT&RUN]	sarcoma		Y	2025-03-30		open	https://www.ebi.ac.uk/ena/browser/view/PRJNA1006405
ENA	PRJNA1007635	A MYOD-SKP2 axis boosts tumorigenesis in fusion negative rhabdomyosarcoma by preventing differentiation through p57Kip2 targeting [ChIP-seq]	rhabdomyosarcoma		Y	2023-08-31		open	https://www.ebi.ac.uk/ena/browser/view/PRJNA1007635
ENA	PRJNA1009037	PAX3-FOXO1 dictates myogenic reprogramming and rhabdomyosarcoma identity in endothelial progenitors [Cut&Run]	rhabdomyosarcoma		Y	2023-10-02		open	https://www.ebi.ac.uk/ena/browser/view/PRJNA1009037
ENA	PRJNA1017514	Investigating how the SPT2 histone chaperone affects chromatin structure in human osteosarcoma cells.	osteosarcoma		Y	2023-09-17		open	https://www.ebi.ac.uk/ena/browser/view/PRJNA1017514
ENA	PRJNA1021251	Single-Nuclei Multiome (ATAC + Gene Expression) Sequencing of a Primary Canine Osteosarcoma Elucidates Intra-Tumoral Heterogeneity and Characterizes the Tumor Microenvironment	osteosarcoma		Y	2023-10-31		open	https://www.ebi.ac.uk/ena/browser/view/PRJNA1021251
ENA	PRJNA1021547	PDGFRβ signaling cooperates with β-catenin to modulate c-Abl and biologic behavior of desmoid-type fibromatosis [ChIP-seq]	desmoid		Y	2023-11-03		open	https://www.ebi.ac.uk/ena/browser/view/PRJNA1021547
ENA	PRJNA1029058	WWOX promotes osteosarcoma development via upregulation of Myc [ChIP-Seq]	osteosarcoma		Y	2025-10-04		open	https://www.ebi.ac.uk/ena/browser/view/PRJNA1029058
ENA	PRJNA1034033	Malignant peripheral nerve sheath tumor (MPNST) and MPNST-like entities defined by DNA methylation profile in pediatric and juvenile population	MPNST		Y	2024-02-01		open	https://www.ebi.ac.uk/ena/browser/view/PRJNA1034033
ENA	PRJNA1041791	CIC-DUX4 chromatin profiling reveals new epigenetic dependencies and actionable therpaeutic targets in CIC-rearranged sarcomas	sarcoma		Y	2024-02-02		open	https://www.ebi.ac.uk/ena/browser/view/PRJNA1041791
ENA	PRJNA1041882	Modeling the next-generation of rhabdomyosarcoma organoids to predict effective drug combinations [methylation]	rhabdomyosarcoma		Y	2023-12-20		open	https://www.ebi.ac.uk/ena/browser/view/PRJNA1041882
ENA	PRJNA1045696	EWSR1::ATF1 Orchestrates the Clear Cell Sarcoma Transcriptome in Human Tumors and A Mouse Genetic Model [ChIP-Seq 1]	sarcoma		Y	2023-12-02		open	https://www.ebi.ac.uk/ena/browser/view/PRJNA1045696
ENA	PRJNA1045697	EWSR1::ATF1 Orchestrates the Clear Cell Sarcoma Transcriptome in Human Tumors and A Mouse Genetic Model [ChIP-Seq 2]	sarcoma		Y	2023-12-02		open	https://www.ebi.ac.uk/ena/browser/view/PRJNA1045697
ENA	PRJNA1053816	Infinium EPIC Array data for desmoid tumors	desmoid			2024-10-01		open	https://www.ebi.ac.uk/ena/browser/view/PRJNA1053816
ENA	PRJNA1058454	Genome-wide DNA methylation profiles of well-differentiated liposarcomas (WDLPS), dedifferentiated liposarcomas (DDLPS), and normal adipose tissues	sarcoma		Y	2025-05-01		open	https://www.ebi.ac.uk/ena/browser/view/PRJNA1058454
ENA	PRJNA1067631	PAX translocations remodel mitochondrial metabolism through altered leucine usage in rhabdomyosarcoma [pcHiC_HiC]	sarcoma		Y	2025-04-05		open	https://www.ebi.ac.uk/ena/browser/view/PRJNA1067631
ENA	PRJNA1067632	PAX translocations remodel mitochondrial metabolism through altered leucine usage in rhabdomyosarcoma [Cut&Run]	rhabdomyosarcoma		Y	2025-04-05		open	https://www.ebi.ac.uk/ena/browser/view/PRJNA1067632
ENA	PRJNA1074430	Primary pleomorphic undifferentiated sarcoma of genomic sequencing	sarcoma		Y	2024-02-11		open	https://www.ebi.ac.uk/ena/browser/view/PRJNA1074430
ENA	PRJNA1089517	Contribution of DNA methylation profiling in the classification of TRIO::TERT sarcomas	sarcoma		Y	2024-06-23		open	https://www.ebi.ac.uk/ena/browser/view/PRJNA1089517
ENA	PRJNA1105617	Targeting of SUMOylation leads to cBAF complex stabilization and disruption of the SS18::SSX transcriptome in synovial sarcoma [HSJHD_ChIP-seq]	sarcoma		Y	2025-08-14		open	https://www.ebi.ac.uk/ena/browser/view/PRJNA1105617
ENA	PRJNA1105618	Targeting of SUMOylation leads to cBAF complex stabilization and disruption of the SS18::SSX transcriptome in synovial sarcoma [HS18_ChIP-seq]	sarcoma		Y	2025-08-08		open	https://www.ebi.ac.uk/ena/browser/view/PRJNA1105618
ENA	PRJNA1105623	Targeting of SUMOylation leads to cBAF complex stabilization and disruption of the SS18::SSX transcriptome in synovial sarcoma [SY18_ChIP-seq]	sarcoma		Y	2025-08-14		open	https://www.ebi.ac.uk/ena/browser/view/PRJNA1105623
ENA	PRJNA1105628	Targeting of SUMOylation leads to cBAF complex stabilization and disruption of the SS18::SSX transcriptome in synovial sarcoma [SYJHD_ChIP-seq]	sarcoma		Y	2025-08-08		open	https://www.ebi.ac.uk/ena/browser/view/PRJNA1105628
ENA	PRJNA1106359	Targeting of SUMOylation leads to cBAF complex stabilization and disruption of the SS18::SSX transcriptome in synovial sarcoma [HSH3_ChIP-seq_HS-SY-II]	sarcoma		Y	2025-08-08		open	https://www.ebi.ac.uk/ena/browser/view/PRJNA1106359
ENA	PRJNA1106371	Targeting of SUMOylation leads to cBAF complex stabilization and disruption of the SS18::SSX transcriptome in synovial sarcoma [HSH3_ChIP-seq_SYO-1]	sarcoma		Y	2025-08-08		open	https://www.ebi.ac.uk/ena/browser/view/PRJNA1106371
ENA	PRJNA110785	Shared prognostic markers in undifferentiated pleomorphic sarcoma and leiomyosarcoma of the extremities	leiomyosarcoma		Y	2014-02-11		open	https://www.ebi.ac.uk/ena/browser/view/PRJNA110785
ENA	PRJNA110875	Genome-wide changes in DNA methylation and copy number play a role in deregulation of gene expression in osteosarcoma	sarcoma		Y	2013-05-31		open	https://www.ebi.ac.uk/ena/browser/view/PRJNA110875
ENA	PRJNA1110266	STAG2 loss in Ewing sarcoma alters enhancer-promoter contacts dependent and independent of EWS::FLI1	sarcoma		Y	2024-09-21		open	https://www.ebi.ac.uk/ena/browser/view/PRJNA1110266
ENA	PRJNA1110267	STAG2 loss in Ewing sarcoma alters enhancer-promoter contacts dependent and independent of EWS::FLI1	sarcoma		Y	2024-09-21		open	https://www.ebi.ac.uk/ena/browser/view/PRJNA1110267
ENA	PRJNA1110268	STAG2 loss in Ewing sarcoma alters enhancer-promoter contacts dependent and independent of EWS::FLI1	sarcoma		Y	2024-09-21		open	https://www.ebi.ac.uk/ena/browser/view/PRJNA1110268
ENA	PRJNA1119209	Gene expression profiles at single cell level of murine undifferentiated pleomorphic sarcoma (UPS)	sarcoma		Y	2024-09-02		open	https://www.ebi.ac.uk/ena/browser/view/PRJNA1119209
ENA	PRJNA1126188	Rhabdomyosarcoma fusion oncoprotein initially pioneers a neural signature in vivo [ATAC-seq]	rhabdomyosarcoma		Y	2025-06-01		open	https://www.ebi.ac.uk/ena/browser/view/PRJNA1126188
ENA	PRJNA1126189	Rhabdomyosarcoma fusion oncoprotein initially pioneers a neural signature in vivo [ChIP-seq]	rhabdomyosarcoma		Y	2025-06-04		open	https://www.ebi.ac.uk/ena/browser/view/PRJNA1126189
ENA	PRJNA1126764	Epigenetic heterogeneity and state-specific transcriptional programs determine differential drug response in osteosarcoma [Cut&Run]	sarcoma		Y	2025-09-30		open	https://www.ebi.ac.uk/ena/browser/view/PRJNA1126764
ENA	PRJNA1126765	Epigenetic heterogeneity and state-specific transcriptional programs determine differential drug response in osteosarcoma [RNA-seq]	sarcoma			2025-09-30		open	https://www.ebi.ac.uk/ena/browser/view/PRJNA1126765
ENA	PRJNA1126766	Epigenetic heterogeneity and state-specific transcriptional programs determine differential drug response in osteosarcoma [snRNAseq + snATACseq]	sarcoma		Y	2025-09-30		open	https://www.ebi.ac.uk/ena/browser/view/PRJNA1126766
ENA	PRJNA1126816	Epigenetic heterogeneity and state-specific transcriptional programs determine differential drug response in osteosarcoma [ATAC-seq]	sarcoma		Y	2025-09-30		open	https://www.ebi.ac.uk/ena/browser/view/PRJNA1126816
ENA	PRJNA1126817	Epigenetic heterogeneity and state-specific transcriptional programs determine differential drug response in osteosarcoma.	sarcoma			2025-09-30		open	https://www.ebi.ac.uk/ena/browser/view/PRJNA1126817
ENA	PRJNA1133696	The G-Quadruplex experimental drug QN-302 effectively impairs liposarcoma cell viability by inhibiting MDM2 expression and restoring p53 levels [CUT&Tag]	liposarcoma		Y	2025-02-01		open	https://www.ebi.ac.uk/ena/browser/view/PRJNA1133696
ENA	PRJNA1147321	MYOD1L122R induces cancer stem cell pathways to impart chemotherapy and radiation-resistance in aggressive rhabdomyosarcoma [ChIP-seq]	rhabdomyosarcoma		Y	2026-01-17		open	https://www.ebi.ac.uk/ena/browser/view/PRJNA1147321
ENA	PRJNA1147323	MYOD1L122R induces cancer stem cell pathways to impart chemotherapy and radiation-resistance in aggressive rhabdomyosarcoma [scATAC-seq]	rhabdomyosarcoma		Y	2026-01-17		open	https://www.ebi.ac.uk/ena/browser/view/PRJNA1147323
ENA	PRJNA1152883	A multitargeting approach rewires cell identity in fusion-negative rhabdomyosarcoma [bulk_ATACseq]	sarcoma		Y	2024-09-04		open	https://www.ebi.ac.uk/ena/browser/view/PRJNA1152883
ENA	PRJNA1154275	Quantification of tumour-infiltrating immune cells through deconvolution of DNA methylation data in Ewing sarcomas	sarcoma		Y	2024-09-05		open	https://www.ebi.ac.uk/ena/browser/view/PRJNA1154275
ENA	PRJNA1167233	Genome-wide DNA methylation profiles of well-differentiated liposarcomas (WDLPS), dedifferentiated liposarcomas (DDLPS), and normal adipose tissues II	sarcoma		Y	2025-05-01		open	https://www.ebi.ac.uk/ena/browser/view/PRJNA1167233
ENA	PRJNA1171882	Dependence of PAX3-FOXO1 chromatin occupancy on ETS1 at important disease-promoting genes exposes new targetable vulnerability in Fusion-Positive Rhabdomyosarcoma	rhabdomyosarcoma		Y	2024-10-29		open	https://www.ebi.ac.uk/ena/browser/view/PRJNA1171882
ENA	PRJNA1171886	Dependence of PAX3-FOXO1 chromatin occupancy on ETS1 at important disease-promoting genes exposes new targetable vulnerability in Fusion-Positive Rhabdomyosarcoma [CUT&Run]	rhabdomyosarcoma		Y	2024-10-29		open	https://www.ebi.ac.uk/ena/browser/view/PRJNA1171886
ENA	PRJNA1171887	Dependence of PAX3-FOXO1 chromatin occupancy on ETS1 at important disease-promoting genes exposes new targetable vulnerability in Fusion-Positive Rhabdomyosarcoma [RNA-Seq]	rhabdomyosarcoma		Y	2024-10-29		open	https://www.ebi.ac.uk/ena/browser/view/PRJNA1171887
ENA	PRJNA1174211	Single-cell RNA-sequencing of undifferentiated pleomorphic sarcoma, myxofibrosarcoma, and liposarcoma samples from patients participating in a clinical trial studying BO-112 plus Nivolumab and hypofractionated pre-operative radiotherapy. (human)	sarcoma		Y	2025-07-20		open	https://www.ebi.ac.uk/ena/browser/view/PRJNA1174211
ENA	PRJNA117533	Undifferentiated Pleomorphic Sarcoma Model	sarcoma		Y	2014-02-11		open	https://www.ebi.ac.uk/ena/browser/view/PRJNA117533
ENA	PRJNA1177871	Plasma DNA Methylation-Based Biomarkers for MPNST Detection in Patients with Neurofibromatosis Type 1	MPNST		Y	2024-12-21		open	https://www.ebi.ac.uk/ena/browser/view/PRJNA1177871
ENA	PRJNA1182275	Single-cell and spatial transcriptomics identify COL6A3 as a prognostic biomarker in undifferentiated pleomorphic sarcoma [scRNA-Seq]	sarcoma		Y	2024-11-11		open	https://www.ebi.ac.uk/ena/browser/view/PRJNA1182275
ENA	PRJNA1183451	Evolutionary pressures shape undifferentiated pleomorphic sarcoma development and radiotherapy response	sarcoma		Y	2025-04-29		open	https://www.ebi.ac.uk/ena/browser/view/PRJNA1183451
ENA	PRJNA1183452	Evolutionary pressures shape undifferentiated pleomorphic sarcoma development and radiotherapy response	sarcoma		Y	2025-01-15		open	https://www.ebi.ac.uk/ena/browser/view/PRJNA1183452
ENA	PRJNA1184336	Single-cell and spatial transcriptomics identify COL6A3 as a prognostic biomarker in undifferentiated pleomorphic sarcoma	sarcoma		Y	2024-11-13		open	https://www.ebi.ac.uk/ena/browser/view/PRJNA1184336
ENA	PRJNA1187596	Plasma DNA Methylation-Based Biomarkers for MPNST Detection in Patients With Neurofibromatosis Type 1	MPNST		Y	2024-11-27		open	https://www.ebi.ac.uk/ena/browser/view/PRJNA1187596
ENA	PRJNA1189452	A multitargeting approach rewires cell identity in fusion-negative rhabdomyosarcoma [snRNAseq and scATACseq]	sarcoma		Y	2024-11-29		open	https://www.ebi.ac.uk/ena/browser/view/PRJNA1189452
ENA	PRJNA120307	Doxorubicin resistance in a novel in vitro model of human pleomorphic liposarcoma associated with ALT	liposarcoma		Y	2014-02-11		open	https://www.ebi.ac.uk/ena/browser/view/PRJNA120307
ENA	PRJNA1207028	Divergent therapeutic and prognostic impacts of immunogenic features in undifferentiated pleomorphic sarcoma and myxofibrosarcoma	myxofibrosarcoma		Y	2025-07-04		open	https://www.ebi.ac.uk/ena/browser/view/PRJNA1207028
ENA	PRJNA1223378	Age-linked DNA Methylation and Gene Expression in Head and Neck Alveolar Rhabdomyosarcoma [RNA-seq]	rhabdomyosarcoma		Y	2025-08-14		open	https://www.ebi.ac.uk/ena/browser/view/PRJNA1223378
ENA	PRJNA1223380	Age-linked DNA Methylation and Gene Expression in Head and Neck Alveolar Rhabdomyosarcoma	rhabdomyosarcoma		Y	2025-07-28		open	https://www.ebi.ac.uk/ena/browser/view/PRJNA1223380
ENA	PRJNA1235682	Integration of scRNA-seq, scATAC-seq and WES reveals malignant characteristics of clear cell renal cell carcinoma with sarcomatoid differentiation	sarcoma		Y	2025-10-06		open	https://www.ebi.ac.uk/ena/browser/view/PRJNA1235682
ENA	PRJNA124313	Undifferentiated Pleomorphic Sarcoma Model Using Tumors from BrafCa	sarcoma		Y	2014-12-01		open	https://www.ebi.ac.uk/ena/browser/view/PRJNA124313
ENA	PRJNA1246599	Alphavirus M1 disrupts super-enhancer-driven oncogenic transcription in osteosarcoma [RNA-seq]	sarcoma		Y	2026-06-19		open	https://www.ebi.ac.uk/ena/browser/view/PRJNA1246599
ENA	PRJNA1246600	Alphavirus M1 disrupts super-enhancer-driven oncogenic transcription in osteosarcoma [ChIP-seq]	sarcoma		Y	2026-06-19		open	https://www.ebi.ac.uk/ena/browser/view/PRJNA1246600
ENA	PRJNA1265692	Synthetic lethality from the combination of a histone methyltransferase, SUV39H2 inhibitor, and a poly (ADP-ribose) polymerase inhibitor for uterine leiomyosarcoma [ChIP-Seq]	leiomyosarcoma		Y	2025-05-30		open	https://www.ebi.ac.uk/ena/browser/view/PRJNA1265692
ENA	PRJNA1265694	Synthetic lethality from the combination of a histone methyltransferase, SUV39H2 inhibitor, and a poly (ADP-ribose) polymerase inhibitor for uterine leiomyosarcoma [RNA-Seq]	leiomyosarcoma		Y	2025-05-30		open	https://www.ebi.ac.uk/ena/browser/view/PRJNA1265694
ENA	PRJNA1281158	The Integrator complex is required for optimal lytic lifecycle of Kaposi’s Sarcoma-Associated Herpesvirus [ChIP-seq]	sarcoma		Y	2025-06-29		open	https://www.ebi.ac.uk/ena/browser/view/PRJNA1281158
ENA	PRJNA1294233	CDK8 Inhibition Releases the Muscle Differentiation Blockade in Fusion-driven Alveolar Rhabdomyosarcoma [ATAC-seq]	sarcoma		Y	2026-06-19		open	https://www.ebi.ac.uk/ena/browser/view/PRJNA1294233
ENA	PRJNA1294235	CDK8 Inhibition Releases the Muscle Differentiation Blockade in Fusion-driven Alveolar Rhabdomyosarcoma [CUT&RUN]	sarcoma		Y	2026-06-19		open	https://www.ebi.ac.uk/ena/browser/view/PRJNA1294235
ENA	PRJNA1301403	Lysine lactylation regulates ATF4-mediated stress responses under glucose starvation in canine hemangiosarcoma [CUT&Tag]	sarcoma		Y	2026-01-10		open	https://www.ebi.ac.uk/ena/browser/view/PRJNA1301403
ENA	PRJNA1314815	Epigenetic and transcriptional heterogeneity define osteosarcoma subtypes and establish targetable vulnerabilities [multiomics]	sarcoma			2025-09-30		open	https://www.ebi.ac.uk/ena/browser/view/PRJNA1314815
ENA	PRJNA1330583	Multimodal integration of epigenetics, spatial transcriptomics and immune microenvironment in sacral chordoma	chordoma			2025-12-04		open	https://www.ebi.ac.uk/ena/browser/view/PRJNA1330583
ENA	PRJNA1333485	Epigenetic heterogeneity and state-specific transcriptional programs determine differential drug response in osteosarcoma. [ATAC-Seq, cell line]	sarcoma		Y	2025-09-30		open	https://www.ebi.ac.uk/ena/browser/view/PRJNA1333485
ENA	PRJNA1333815	Epigenetic heterogeneity and state-specific transcriptional programs determine differential drug response in osteosarcoma [CUT&Run]	sarcoma		Y	2025-09-30		open	https://www.ebi.ac.uk/ena/browser/view/PRJNA1333815
ENA	PRJNA135189	Genome-wide analysis of SRC-1/NCOA1 and Erα/ESR1 binding in chromatin obtained from the ERα stably transfected U2OS osteosarcoma cell line (U2OS-ERα) with ChIP-SEQ.	osteosarcoma		Y	2023-03-28		open	https://www.ebi.ac.uk/ena/browser/view/PRJNA135189
ENA	PRJNA1367140	Cellular and epigenetic heterogeneity of well-differentiated and dedifferentiated liposarcoma at single cell resolution	sarcoma			2026-04-05		open	https://www.ebi.ac.uk/ena/browser/view/PRJNA1367140
ENA	PRJNA1396622	Epigenetic regulation of p53 represents a targetable dependency in synovial sarcoma	sarcoma			2026-04-02		open	https://www.ebi.ac.uk/ena/browser/view/PRJNA1396622
ENA	PRJNA1402432	Mutational profile of Atypical Fibroxanthoma (AFX) and Pleomorphic Dermal Sarcoma (PDS), further expanding the spectrum of genomic alterations in rarely occurring cutaneous neoplasms.	sarcoma		Y	2026-04-16		open	https://www.ebi.ac.uk/ena/browser/view/PRJNA1402432
ENA	PRJNA1433372	Spatially-Resolved Multiomic Atlas of Leiomyosarcoma Identifies Two Clinically Relevant Epigenetically-Driven Cell States	sarcoma			2026-06-23		open	https://www.ebi.ac.uk/ena/browser/view/PRJNA1433372
ENA	PRJNA1433558	Spatially-Resolved Multiomic Atlas of Leiomyosarcoma Identifies Two Clinically Relevant Epigenetically-Driven Cell States [CUT&RUN]	sarcoma		Y	2026-06-23		open	https://www.ebi.ac.uk/ena/browser/view/PRJNA1433558
ENA	PRJNA1453533	MiT Fusions, TSC1–TSC2 Divergence, and Stem-like Programs Reveal Distinct Origins and Vulnerabilities in PEComa [Methylation]	PEComa		Y	2026-04-19		open	https://www.ebi.ac.uk/ena/browser/view/PRJNA1453533
ENA	PRJNA1454924	ATAC-seq of synovial sarcoma cell lines treated with the BRD9 PROTAC degrader WA-68	sarcoma		Y	2026-06-26		open	https://www.ebi.ac.uk/ena/browser/view/PRJNA1454924
ENA	PRJNA1454927	ChIP-seq of GLTSCR1 and SS18::SSX fusion in HS-SY-II synovial sarcoma cells treated with the BRD9 PROTAC degrader WA-68 across a time course	sarcoma		Y	2026-06-26		open	https://www.ebi.ac.uk/ena/browser/view/PRJNA1454927
ENA	PRJNA1459515	CDK8 Inhibition Releases the Muscle Differentiation Blockade in Fusion-driven Alveolar Rhabdomyosarcoma [ChIP-Seq]	sarcoma		Y	2026-06-19		open	https://www.ebi.ac.uk/ena/browser/view/PRJNA1459515
ENA	PRJNA151699	Integrative analysis reveals relationships of genetic and epigenetic alterations in osteosarcoma.	osteosarcoma			2013-05-31		open	https://www.ebi.ac.uk/ena/browser/view/PRJNA151699
ENA	PRJNA152227	Gene expression and ChIP-seq analyses of mesenchymal stem cells, osteoblasts and the U2OS osteosarcoma cell line	osteosarcoma		Y	2013-05-31		open	https://www.ebi.ac.uk/ena/browser/view/PRJNA152227
ENA	PRJNA155741	Integrative analysis reveals relationships of genetic and epigenetic alterations in osteosarcoma [gene expression]	sarcoma			2014-02-11		open	https://www.ebi.ac.uk/ena/browser/view/PRJNA155741
ENA	PRJNA155743	Integrative analysis reveals relationships of genetic and epigenetic alterations in osteosarcoma [methylation]	osteosarcoma		Y	2014-02-11		open	https://www.ebi.ac.uk/ena/browser/view/PRJNA155743
ENA	PRJNA155745	Integrative analysis reveals relationships of genetic and epigenetic alterations in osteosarcoma [DNA copy number]	sarcoma			2014-02-11		open	https://www.ebi.ac.uk/ena/browser/view/PRJNA155745
ENA	PRJNA156085	ChIP-seq analysis of H3K4Me3- and H3K27Me3-marked chromatin in mesenchymal stem cells (MSCs), osteoblasts derived from MSCs and the osteosarcoma cell line U2OS	sarcoma		Y	2013-05-31		open	https://www.ebi.ac.uk/ena/browser/view/PRJNA156085
ENA	PRJNA156959	Goldengate Methylation analysis: Ewing Sarcoma	sarcoma		Y	2014-02-11		open	https://www.ebi.ac.uk/ena/browser/view/PRJNA156959
ENA	PRJNA192274	DNA methylation analysis of Rhabdoid tumor of the kidney, Clear cell sarcoma of the kidney and Ewing's sarcoma family of tumors	sarcoma		Y	2015-06-14		open	https://www.ebi.ac.uk/ena/browser/view/PRJNA192274
ENA	PRJNA192549	Pharmacologic Inhibition of Epigenetic Modification Reveals Targets of Aberrant Promoter Methylation in Ewing Sarcoma	sarcoma		Y	2014-03-05		open	https://www.ebi.ac.uk/ena/browser/view/PRJNA192549
ENA	PRJNA194609	Genomic signatures predict poor outcome in Undifferentiated Pleomorphic Sarcomas and Leiomyosarcomas	leiomyosarcoma		Y	2014-02-11		open	https://www.ebi.ac.uk/ena/browser/view/PRJNA194609
ENA	PRJNA203105	Wnt inhibitory factor 1 (WIF1) is not silenced by DNA methylation in osteosarcoma, and instead, represents a marker of osteoblastic differentiation stage (gene expression)	sarcoma		Y	2015-07-01		open	https://www.ebi.ac.uk/ena/browser/view/PRJNA203105
ENA	PRJNA206090	Wnt inhibitory factor 1 (WIF1) is a marker of osteoblastic differentiation stage and is not silenced by DNA methylation in osteosarcoma	sarcoma		Y	2015-07-01		open	https://www.ebi.ac.uk/ena/browser/view/PRJNA206090
ENA	PRJNA206096	Wnt inhibitory factor 1 (WIF1) is a marker of osteoblastic differentiation stage and is not silenced by DNA methylation in osteosarcoma (methylation)	sarcoma		Y	2015-07-01		open	https://www.ebi.ac.uk/ena/browser/view/PRJNA206096
ENA	PRJNA215413	Gene expression profiling in leiomyosarcomas and undifferentiated pleomorphic sarcomas: SRC as a new diagnostic marker	sarcoma		Y	2014-02-11		open	https://www.ebi.ac.uk/ena/browser/view/PRJNA215413
ENA	PRJNA217446	Comparison of Genome-Wide Binding of MyoD in Normal Human Myogenic Cells and Rhabdomyosarcomas Identifies Regional and Local Suppression of Promyogenic Transcription Factors (MyoD ChIP-Seq profiling)	sarcoma		Y	2013-08-30		open	https://www.ebi.ac.uk/ena/browser/view/PRJNA217446
ENA	PRJNA233524	Undifferentiated pleomorphic sarcoma recapitulates the expressional profile of Subtype II Leiomyosarcoma	leiomyosarcoma		Y	2015-05-20		open	https://www.ebi.ac.uk/ena/browser/view/PRJNA233524
ENA	PRJNA241440	MeDIP chip from ZOS and ZOSM osteosarcoma cell lines	osteosarcoma			2015-08-27		open	https://www.ebi.ac.uk/ena/browser/view/PRJNA241440
ENA	PRJNA241462	Gene expression signature from tumor initiating population predicts clinical outcome in undifferentiated pleomorphic sarcoma (UPS)	sarcoma		Y	2024-04-04		open	https://www.ebi.ac.uk/ena/browser/view/PRJNA241462
ENA	PRJNA242750	Epigenetic screen of metastasis-driving genes in osteosarcoma	osteosarcoma			2015-08-27		open	https://www.ebi.ac.uk/ena/browser/view/PRJNA242750
ENA	PRJNA246553	The epigenetic reader protein SPIN1 controls proliferation and survival of liposarcoma by modulating the RET signaling pathway	liposarcoma			2024-04-04		open	https://www.ebi.ac.uk/ena/browser/view/PRJNA246553
ENA	PRJNA246554	The epigenetic reader protein SPIN1 controls proliferation and survival of liposarcoma by modulating the RET signaling pathway [ChIP-Seq]	liposarcoma		Y	2023-03-28		open	https://www.ebi.ac.uk/ena/browser/view/PRJNA246554
ENA	PRJNA246555	The epigenetic reader protein SPIN1 controls proliferation and survival of liposarcoma by modulating the RET signaling pathway [RNA-Seq]	liposarcoma			2023-03-28		open	https://www.ebi.ac.uk/ena/browser/view/PRJNA246555
ENA	PRJNA248000	Epigenetic profiling of well differentiated and dedifferentiated liposarcoma identifies H3K9me3 and Kruppel-like factor 6 (KLF6) as determinants of aggressiveness in sarcoma (expression)	liposarcoma		Y	2015-08-18		open	https://www.ebi.ac.uk/ena/browser/view/PRJNA248000
ENA	PRJNA248008	Epigenetic profiling of well differentiated and dedifferentiated liposarcoma identifies H3K9me3 and Kruppel-like factor 6 (KLF6) as determinants of aggressiveness in sarcoma	liposarcoma		Y	2015-08-18		open	https://www.ebi.ac.uk/ena/browser/view/PRJNA248008
ENA	PRJNA248009	Epigenetic profiling of well differentiated and dedifferentiated liposarcoma identifies H3K9me3 and Kruppel-like factor 6 (KLF6) as determinants of aggressiveness in sarcoma (ChIP-seq)	sarcoma		Y	2015-08-18		open	https://www.ebi.ac.uk/ena/browser/view/PRJNA248009
ENA	PRJNA254720	Cytosine methylation data generated by HELP-tagging from human osteosarcoma biopsy samples	osteosarcoma		Y	2015-01-20		open	https://www.ebi.ac.uk/ena/browser/view/PRJNA254720
ENA	PRJNA260353	Aberrant DNA methylation in rhabdomyosarcoma	sarcoma		Y	2014-10-22		open	https://www.ebi.ac.uk/ena/browser/view/PRJNA260353
ENA	PRJNA262778	Genome-wide chromatin analysis of Ewing sarcoma (RNA-seq)	sarcoma		Y	2014-11-01		open	https://www.ebi.ac.uk/ena/browser/view/PRJNA262778
ENA	PRJNA266967	Histone H3K36M mutation impairs mesenchymal differentiation and drives sarcoma development	sarcoma		Y	2024-04-04		open	https://www.ebi.ac.uk/ena/browser/view/PRJNA266967
ENA	PRJNA266971	Histone H3K36M mutation impairs mesenchymal differentiation and drives sarcoma development [ChIP-Seq]	sarcoma		Y	2016-10-10		open	https://www.ebi.ac.uk/ena/browser/view/PRJNA266971
ENA	PRJNA266972	Histone H3K36M mutation impairs mesenchymal differentiation and drives sarcoma development [RNA-Seq]	sarcoma		Y	2016-10-10		open	https://www.ebi.ac.uk/ena/browser/view/PRJNA266972
ENA	PRJNA269570	Wnt inhibitory factor 1 (WIF1) is a marker of osteoblastic differentiation stage and is not silenced by DNA methylation in osteosarcoma	osteosarcoma		Y	2015-01-31		open	https://www.ebi.ac.uk/ena/browser/view/PRJNA269570
ENA	PRJNA279257	DNA methylation profiling of rhabdomyosarcoma tumor samples	rhabdomyosarcoma		Y	2024-04-04		open	https://www.ebi.ac.uk/ena/browser/view/PRJNA279257
ENA	PRJNA280699	Kaposi’s Sarcoma-associated Herpesvirus Reactivation by Bacteria Promotes the Hypoxia Response and Epigenetic Regulation	sarcoma			2024-04-04		open	https://www.ebi.ac.uk/ena/browser/view/PRJNA280699
ENA	PRJNA282410	Genomic, epigenomic, and transcriptomic profiling towards identifying omics-features and specific biomarkers that distinguish uterine leiomyosarcoma and leiomyoma at molecular levels (expression)	leiomyosarcoma		Y	2015-04-29		open	https://www.ebi.ac.uk/ena/browser/view/PRJNA282410
ENA	PRJNA282411	Genomic, epigenomic, and transcriptomic profiling towards identifying omics-features and specific biomarkers that distinguish uterine leiomyosarcoma and leiomyoma at molecular levels	leiomyosarcoma		Y	2015-04-29		open	https://www.ebi.ac.uk/ena/browser/view/PRJNA282411
ENA	PRJNA282412	Genomic, epigenomic, and transcriptomic profiling towards identifying omics-features and specific biomarkers that distinguish uterine leiomyosarcoma and leiomyoma at molecular levels (methylation)	leiomyosarcoma		Y	2015-04-29		open	https://www.ebi.ac.uk/ena/browser/view/PRJNA282412
ENA	PRJNA289511	Chordoma ATAC-Seq	chordoma		Y	2015-07-12		open	https://www.ebi.ac.uk/ena/browser/view/PRJNA289511
ENA	PRJNA295294	EWS-FLI1-induced osteosarcoma model unveiled a crucial role of impaired osteogenic differentiation on osteosarcoma development [ChIP-seq]	osteosarcoma		Y	2016-10-10		open	https://www.ebi.ac.uk/ena/browser/view/PRJNA295294
ENA	PRJNA302151	Histone deacetylase inhibitors antagonize distinct pathways to suppress tumorigenesis of embryonal rhabdomyosarcoma.	rhabdomyosarcoma		Y	2015-12-23		open	https://www.ebi.ac.uk/ena/browser/view/PRJNA302151
ENA	PRJNA302855	The histone H3.3K36M mutation reprograms the epigenome of chondroblastomas	chondroblastoma		Y	2016-10-08		open	https://www.ebi.ac.uk/ena/browser/view/PRJNA302855
ENA	PRJNA305538	H3K36 mutations promote sarcomagenesis through genome-wide remodeling of H3K36 and H3K27 methylation [Cbx2_ChIP]	sarcoma		Y	2016-05-14		open	https://www.ebi.ac.uk/ena/browser/view/PRJNA305538
ENA	PRJNA305540	H3K36 mutations promote sarcomagenesis through genome-wide remodeling of H3K36 and H3K27 methylation [RNA_Chondroblastoma_H3K36M_H3WT]	sarcoma		Y	2016-05-14		open	https://www.ebi.ac.uk/ena/browser/view/PRJNA305540
ENA	PRJNA311226	Cell-type dependent enhancer binding of the EWS/ATF1 fusion gene in clear cell sarcomas	sarcoma		Y	2019-07-20		open	https://www.ebi.ac.uk/ena/browser/view/PRJNA311226
ENA	PRJNA312285	Cell-type dependent enhancer binding of the EWS/ATF1 fusion gene in clear cell sarcomas	sarcoma		Y	2019-07-20		open	https://www.ebi.ac.uk/ena/browser/view/PRJNA312285
ENA	PRJNA326873	Epigenetic Lanscape and BRD4 Transcriptional Dependency of PAX3-FOXO1 Driven Rhabdomyosarcoma	rhabdomyosarcoma			2017-04-29		open	https://www.ebi.ac.uk/ena/browser/view/PRJNA326873
ENA	PRJNA327957	DNA Methylation in pediatric rhabdomyosarcoma	sarcoma		Y	2017-09-01		open	https://www.ebi.ac.uk/ena/browser/view/PRJNA327957
ENA	PRJNA330687	ChIP-seq of Active Histone Mark (H3K27ac) and Myogenic Regulatory Factors (MYF5 and MYOD) in Fusion Negative Rhabdomyosarcoma Cell Lines	sarcoma		Y	2017-04-19		open	https://www.ebi.ac.uk/ena/browser/view/PRJNA330687
ENA	PRJNA336374	MEK inhibition profoundly reprograms myogenic super enhancers in mutant-RAS driven Rhabdomyosarcoma	rhabdomyosarcoma		Y	2018-04-02		open	https://www.ebi.ac.uk/ena/browser/view/PRJNA336374
ENA	PRJNA336377	Epigenetic Reprogramming of mutant RAS-driven Rhabdomyosarcoma via MEK Inhibition	rhabdomyosarcoma			2018-04-02		open	https://www.ebi.ac.uk/ena/browser/view/PRJNA336377
ENA	PRJNA336381	MEK inhibition rewires enhancer landscapes in RAS-driven Rhabdomyosarcoma to unlock a myogenic differentation block	sarcoma		Y	2018-04-02		open	https://www.ebi.ac.uk/ena/browser/view/PRJNA336381
ENA	PRJNA349461	cFos-Sox9 Axis Reprograms Bone Marrow-derived Mesenchymal Stem Cells into Chondroblastic Osteosarcoma [ChIP-seq]	osteosarcoma		Y	2017-08-13		open	https://www.ebi.ac.uk/ena/browser/view/PRJNA349461
ENA	PRJNA371619	The histone demethylase KDM3A, and its downstream target MCAM, promote Ewing Sarcoma cell migration and metastasis	sarcoma		Y	2017-04-19		open	https://www.ebi.ac.uk/ena/browser/view/PRJNA371619
ENA	PRJNA385511	Fatty Acid Synthase Reprograms the Epigenome in Uterine Leiomyosarcomas	sarcoma		Y	2017-06-16		open	https://www.ebi.ac.uk/ena/browser/view/PRJNA385511
ENA	PRJNA393452	ChIP-seq for Gli1 and Gli2 in chondrosarcoma	chondrosarcoma		Y	2019-12-15		open	https://www.ebi.ac.uk/ena/browser/view/PRJNA393452
ENA	PRJNA412176	Histone Deacetylase inhibitor, LBH589, has antitumor effects on undifferentiated pleomorphic sarcoma cells via the downregulation of FOSL1	sarcoma		Y	2017-09-28		open	https://www.ebi.ac.uk/ena/browser/view/PRJNA412176
ENA	PRJNA427908	Genome-wide maps of EWS-FLI1 binding sites and histone modification in murine Ewing sarcoma cells	sarcoma		Y	2018-07-27		open	https://www.ebi.ac.uk/ena/browser/view/PRJNA427908
ENA	PRJNA431168	Genome-wide chromatin analysis of Ewing sarcoma (ChIP-seq)	sarcoma		Y	2018-12-06		open	https://www.ebi.ac.uk/ena/browser/view/PRJNA431168
ENA	PRJNA432041	Small-molecule targeting of brachyury transcription factor addiction in chordoma [ATAC-Seq]	chordoma		Y	2019-01-21		open	https://www.ebi.ac.uk/ena/browser/view/PRJNA432041
ENA	PRJNA432044	Small-molecule targeting of brachyury transcription factor addiction in chordoma [ChIP-Seq]	chordoma		Y	2019-01-21		open	https://www.ebi.ac.uk/ena/browser/view/PRJNA432044
ENA	PRJNA432268	450K analysis of pediatric histiocytic sarcomas and anteceding hematologic malignancies	sarcoma			2018-07-05		open	https://www.ebi.ac.uk/ena/browser/view/PRJNA432268
ENA	PRJNA436151	Integrated genetic and epigenetic analysis of myxofibrosarcoma	myxofibrosarcoma			2018-03-09		open	https://www.ebi.ac.uk/ena/browser/view/PRJNA436151
ENA	PRJNA436354	Bromodomain and extraterminal proteins foster the core transcriptional regulatory programs and confer vulnerability in liposarcoma (ChIP-Seq)	sarcoma		Y	2019-04-03		open	https://www.ebi.ac.uk/ena/browser/view/PRJNA436354
ENA	PRJNA438955	Epigenomics analysis of a fibrosarcoma with ESCC case	sarcoma		Y	2018-03-21		open	https://www.ebi.ac.uk/ena/browser/view/PRJNA438955
ENA	PRJNA475783	Histone deacetylase inhibitors in alveolar rhabdomyosarcoma	rhabdomyosarcoma		Y	2018-06-14		open	https://www.ebi.ac.uk/ena/browser/view/PRJNA475783
ENA	PRJNA478843	The effect of STAG2 loss in Ewing sarcoma [ATAC-Seq]	sarcoma		Y	2021-05-16		open	https://www.ebi.ac.uk/ena/browser/view/PRJNA478843
ENA	PRJNA482976	ChIP-Sequencing of H3K27me3 and H3K9me3 repression in response to drug treatment in Ewing Sarcoma	sarcoma		Y	2019-08-23		open	https://www.ebi.ac.uk/ena/browser/view/PRJNA482976
ENA	PRJNA489231	Inhibition of histone H3K27 demethylases inactivates brachyury (TBXT) and promotes chordoma cell death [RNA-Seq I]	chordoma		Y	2020-09-02		open	https://www.ebi.ac.uk/ena/browser/view/PRJNA489231
ENA	PRJNA492132	Inhibition of histone H3K27 demethylases inactivates brachyury (TBXT) and promotes chordoma cell death	chordoma		Y	2020-09-02		open	https://www.ebi.ac.uk/ena/browser/view/PRJNA492132
ENA	PRJNA492133	Inhibition of histone H3K27 demethylases inactivates brachyury (TBXT) and promotes chordoma cell death [RNA-Seq II]	chordoma		Y	2020-09-02		open	https://www.ebi.ac.uk/ena/browser/view/PRJNA492133
ENA	PRJNA492854	Genomic and transcriptomic characterisation of undifferentiated pleomorphic sarcoma of bone	sarcoma		Y	2018-10-16		open	https://www.ebi.ac.uk/ena/browser/view/PRJNA492854
ENA	PRJNA494144	The Role of the RNA-binding protein HuR in MPNST growth and metastasis [ChIP-seq]	MPNST		Y	2021-09-30		open	https://www.ebi.ac.uk/ena/browser/view/PRJNA494144
ENA	PRJNA503973	Selective inhibition of mutant IDH1 by DS-1001b ameliorates aberrant histone modifications and impairs tumor activity in chondrosarcoma	sarcoma		Y	2021-11-07		open	https://www.ebi.ac.uk/ena/browser/view/PRJNA503973
ENA	PRJNA506623	Homo sapiens Raw sequence reads-H3 lysine 27 trimethylation alterations is associated with cisplatin efficacy against osteosarcoma	sarcoma		Y	2020-10-02		open	https://www.ebi.ac.uk/ena/browser/view/PRJNA506623
ENA	PRJNA514052	Cell-type dependent enhancer binding of the EWS/ATF1 fusion gene in clear cell sarcomas	sarcoma		Y	2019-08-03		open	https://www.ebi.ac.uk/ena/browser/view/PRJNA514052
ENA	PRJNA517075	Genome-wide methylation analysis of osteosarcoma and Ewing sarcoma using Infinium HumanMethylation 450 BeadChip	osteosarcoma		Y	2020-01-15		open	https://www.ebi.ac.uk/ena/browser/view/PRJNA517075
ENA	PRJNA521140	CASZ1 directly regulates expression of myogenic genes through regional epigenetic modifications to induce muscle and rhabdomyosarcoma cell differentiation	rhabdomyosarcoma			2019-12-27		open	https://www.ebi.ac.uk/ena/browser/view/PRJNA521140
ENA	PRJNA548372	Different class IIa HDACs repressive complexes regulate specific epigenetic responses related to cell survival in leiomyosarcoma cells	sarcoma			2019-11-15		open	https://www.ebi.ac.uk/ena/browser/view/PRJNA548372
ENA	PRJNA548547	Different class IIa HDACs repressive complexes regulate specific epigenetic responses related to cell survival in leiomyosarcoma cells.	leiomyosarcoma			2019-11-14		open	https://www.ebi.ac.uk/ena/browser/view/PRJNA548547
ENA	PRJNA551030	Inhibition of histone H3K27 demethylases inactivates brachyury (TBXT) and promotes chordoma cell death [RNA-Seq III]	chordoma		Y	2020-09-02		open	https://www.ebi.ac.uk/ena/browser/view/PRJNA551030
ENA	PRJNA551438	RING1B recruits EWSR1-FLI1 and cooperates in the remodelling of chromatin necessary for Ewing sarcoma tumorigenesis [microarray]	sarcoma		Y	2020-11-02		open	https://www.ebi.ac.uk/ena/browser/view/PRJNA551438
ENA	PRJNA555840	Super-enhancer-associated oncogenes as novel therapeutic targets in osteosarcoma	osteosarcoma		Y	2019-12-29		open	https://www.ebi.ac.uk/ena/browser/view/PRJNA555840
ENA	PRJNA555842	Super-enhancer-associated oncogenes as novel therapeutic targets in osteosarcoma (Microarray gene expression data)	osteosarcoma		Y	2019-12-29		open	https://www.ebi.ac.uk/ena/browser/view/PRJNA555842
ENA	PRJNA555843	Super-enhancer-associated oncogenes as novel therapeutic targets in osteosarcoma (ChIP-seq)	osteosarcoma		Y	2019-12-29		open	https://www.ebi.ac.uk/ena/browser/view/PRJNA555843
ENA	PRJNA563682	Miswired enhancer logic drives translocation positive rhabdomyosarcoma	rhabdomyosarcoma		Y	2019-12-27		open	https://www.ebi.ac.uk/ena/browser/view/PRJNA563682
ENA	PRJNA574561	DNA Methylation Profiles do not Distinguish between Primary and Recurrent Well-Differentiated Liposarcoma	sarcoma		Y	2019-09-28		open	https://www.ebi.ac.uk/ena/browser/view/PRJNA574561
ENA	PRJNA579571	Chordoma and osteosarcoma cell lines Illumina Infinium MethylationEPIC array	osteosarcoma		Y	2020-02-15		open	https://www.ebi.ac.uk/ena/browser/view/PRJNA579571
ENA	PRJNA588079	Next-generation sequencing reveals a novel role of lysine-specific demethylase 1 in adhesion of rhabdomyosarcoma cells [ChIP-seq]	sarcoma		Y	2019-11-08		open	https://www.ebi.ac.uk/ena/browser/view/PRJNA588079
ENA	PRJNA588286	CHD4 regulates super-enhancer accessibility in fusion-positive rhabdomyosarcoma and is essential for tumor growth	sarcoma		Y	2019-12-21		open	https://www.ebi.ac.uk/ena/browser/view/PRJNA588286
ENA	PRJNA593495	Epigenomic reprogramming due to PRC2 functional loss induces an aggressive de-differentiated neural crest-like phenotype in MPNST	MPNST		Y	2021-06-30		open	https://www.ebi.ac.uk/ena/browser/view/PRJNA593495
ENA	PRJNA593504	ChIP-seq dataset for epigenomic landscape of MPNST	MPNST		Y	2021-06-30		open	https://www.ebi.ac.uk/ena/browser/view/PRJNA593504
ENA	PRJNA597481	Copy number alteration profiling of myxofibrosarcoma and undifferentiated pleomorphic sarcoma	sarcoma		Y	2021-01-02		open	https://www.ebi.ac.uk/ena/browser/view/PRJNA597481
ENA	PRJNA603579	Transcriptome and chromatin accessibility analyses of UHRF1 KO osteosarcoma cell lines	osteosarcoma		Y	2022-10-06		open	https://www.ebi.ac.uk/ena/browser/view/PRJNA603579
ENA	PRJNA603583	Chromatin accessibility analysis of UHRF1 KO osteosarcoma cell lines	osteosarcoma		Y	2022-10-06		open	https://www.ebi.ac.uk/ena/browser/view/PRJNA603583
ENA	PRJNA604271	DNA methylation of rhabdomyosarcoma	sarcoma		Y	2020-02-03		open	https://www.ebi.ac.uk/ena/browser/view/PRJNA604271
ENA	PRJNA604272	DNA methylation of rhabdomyosarcoma	sarcoma		Y	2020-02-03		open	https://www.ebi.ac.uk/ena/browser/view/PRJNA604272
ENA	PRJNA604749	DNA methylation in desmoid-type fibromatosis tumors	desmoid		Y	2020-02-06		open	https://www.ebi.ac.uk/ena/browser/view/PRJNA604749
ENA	PRJNA607943	FUS-CHOP and ISWI chromatin remodeling in human myxoid liposarcoma	liposarcoma		Y	2022-02-22		open	https://www.ebi.ac.uk/ena/browser/view/PRJNA607943
ENA	PRJNA608554	Copy Number Alteration Profiling of Myxofibrosarcoma and Undifferentiated Pleomorphic Sarcoma	sarcoma		Y	2020-03-24		open	https://www.ebi.ac.uk/ena/browser/view/PRJNA608554
ENA	PRJNA608556	Copy Number Alteration Profiling of Myxofibrosarcoma and Undifferentiated Pleomorphic Sarcoma	sarcoma		Y	2020-03-24		open	https://www.ebi.ac.uk/ena/browser/view/PRJNA608556
ENA	PRJNA613492	Illumina Infinium HumanMethylationEPIC array after SGI-110 treatment in rhabodmyosarcoma cell lines	sarcoma		Y	2021-04-30		open	https://www.ebi.ac.uk/ena/browser/view/PRJNA613492
ENA	PRJNA629591	Comparative analysis of genome-wide DNA methylation identifies patterns that associate with conserved transcriptional programs in osteosarcoma	osteosarcoma		Y	2020-05-06		open	https://www.ebi.ac.uk/ena/browser/view/PRJNA629591
ENA	PRJNA632890	Inhibition of histone H3K27 demethylases inactivates brachyury (TBXT) and promotes chordoma cell death (ChIP-seq)	chordoma		Y	2020-09-02		open	https://www.ebi.ac.uk/ena/browser/view/PRJNA632890
ENA	PRJNA639097	ChIP-seq analysis of SNAIL transcription factor binding sites in RH30 rhabdomyosarcoma cells	rhabdomyosarcoma		Y	2020-07-18		open	https://www.ebi.ac.uk/ena/browser/view/PRJNA639097
ENA	PRJNA641458	DNA methylation in rhabdomyosarcoma PDX and PDX-derived primary cells	sarcoma		Y	2020-06-25		open	https://www.ebi.ac.uk/ena/browser/view/PRJNA641458
ENA	PRJNA641459	DNA methylation in rhabdomyosarcoma PDX and PDX-derived primary cells	sarcoma		Y	2020-06-25		open	https://www.ebi.ac.uk/ena/browser/view/PRJNA641459
ENA	PRJNA644356	KDM3A/Ets1 epigenetic axis contributes to PAX3/FOXO1-driven and independent disease-promoting gene expression in fusion-positive Rhabdomyosarcoma	rhabdomyosarcoma			2020-07-08		open	https://www.ebi.ac.uk/ena/browser/view/PRJNA644356
ENA	PRJNA649791	HDGF ChIP-Seq in Ewing sarcoma cell line RD-ES	sarcoma		Y	2024-07-02		open	https://www.ebi.ac.uk/ena/browser/view/PRJNA649791
ENA	PRJNA655884	NuRD subunit CHD4 regulates super-enhancer accessibility in Rhabdomyosarcoma and represents a general tumor dependency	rhabdomyosarcoma		Y	2020-08-09		open	https://www.ebi.ac.uk/ena/browser/view/PRJNA655884
ENA	PRJNA658089	Long noncoding RNA DICER1-AS1 functions in methylation regulation on the multi-drugresistance of osteosarcoma cells via miR-34a-5p and GADD45A	osteosarcoma		Y	2020-08-21		open	https://www.ebi.ac.uk/ena/browser/view/PRJNA658089
ENA	PRJNA658093	Long noncoding RNA DICER1-AS1 functions in methylation regulation on the multi-drugresistance of osteosarcoma cells via miR-34a-5p and GADD45A (mRNA-seq)	osteosarcoma		Y	2020-08-21		open	https://www.ebi.ac.uk/ena/browser/view/PRJNA658093
ENA	PRJNA658094	Long noncoding RNA DICER1-AS1 functions in methylation regulation on the multi-drugresistance of osteosarcoma cells via miR-34a-5p and GADD45A (lncRNA-seq)	osteosarcoma		Y	2020-08-21		open	https://www.ebi.ac.uk/ena/browser/view/PRJNA658094
ENA	PRJNA660046	Targeting KDM4B to disrupt the core regulatory transcription network governed by PAX3-FOXO1 in high-risk rhabdomyosarcoma [ATAC-seq]	rhabdomyosarcoma		Y	2022-10-06		open	https://www.ebi.ac.uk/ena/browser/view/PRJNA660046
ENA	PRJNA660047	Targeting KDM4B to disrupt the core regulatory transcription network governed by PAX3-FOXO1 in high-risk rhabdomyosarcoma [CUT&RUN]	sarcoma		Y	2022-10-06		open	https://www.ebi.ac.uk/ena/browser/view/PRJNA660047
ENA	PRJNA660049	Targeting KDM4B to disrupt the core regulatory transcription network governed by PAX3-FOXO1 in high-risk rhabdomyosarcoma [ChIP-seq]	rhabdomyosarcoma		Y	2022-10-06		open	https://www.ebi.ac.uk/ena/browser/view/PRJNA660049
ENA	PRJNA663493	ATRX alteration contributes to tumor growth and immune escape in pleomorphic sarcomas	sarcoma		Y	2021-05-28		open	https://www.ebi.ac.uk/ena/browser/view/PRJNA663493
ENA	PRJNA678232	Methylation of osteosarcoma patients	sarcoma		Y	2022-02-01		open	https://www.ebi.ac.uk/ena/browser/view/PRJNA678232
ENA	PRJNA683017	Class I histone deacetylases (HDAC) critically contribute to Ewing sarcoma pathogenesis	sarcoma		Y	2021-10-22		open	https://www.ebi.ac.uk/ena/browser/view/PRJNA683017
ENA	PRJNA683019	Class I histone deacetylases (HDAC) critically contribute to Ewing sarcoma pathogenesis I	sarcoma		Y	2021-10-22		open	https://www.ebi.ac.uk/ena/browser/view/PRJNA683019
ENA	PRJNA683020	Class I histone deacetylases (HDAC) critically contribute to Ewing sarcoma pathogenesis II	sarcoma		Y	2021-10-22		open	https://www.ebi.ac.uk/ena/browser/view/PRJNA683020
ENA	PRJNA683021	Class I histone deacetylases (HDAC) critically contribute to Ewing sarcoma pathogenesis III	sarcoma		Y	2021-10-22		open	https://www.ebi.ac.uk/ena/browser/view/PRJNA683021
ENA	PRJNA686877	HEY1-NCOA2 interacts with RUNX2 to induce mesenchymal chondrosarcoma [ChIP-seq]	chondrosarcoma		Y	2023-09-13		open	https://www.ebi.ac.uk/ena/browser/view/PRJNA686877
ENA	PRJNA702806	Methylation profiling reveals novel molecular classes of rhabdomyosarcoma	rhabdomyosarcoma		Y	2021-11-26		open	https://www.ebi.ac.uk/ena/browser/view/PRJNA702806
ENA	PRJNA704931	Loss of the chromatin remodeler, ATRX, promotes aggressive features of osteosarcomas and activates NF-kB signaling and integrin receptor binding	osteosarcoma		Y	2022-10-14		open	https://www.ebi.ac.uk/ena/browser/view/PRJNA704931
ENA	PRJNA723355	DNA methylation in sarcoma patients	sarcoma		Y	2021-04-22		open	https://www.ebi.ac.uk/ena/browser/view/PRJNA723355
ENA	PRJNA723882	RNA-Seq and ChIP-Seq in SIX1 deficient Rhabdomyosarcoma cells	rhabdomyosarcoma		Y	2022-02-09		open	https://www.ebi.ac.uk/ena/browser/view/PRJNA723882
ENA	PRJNA723890	Chromatin states and transcription factor binding in SIX1 deficient Rhabdomyosarcoma cells	rhabdomyosarcoma		Y	2022-02-09		open	https://www.ebi.ac.uk/ena/browser/view/PRJNA723890
ENA	PRJNA724652	Identification of a novel FUS/ETV4 fusion and comparative analysis with other Ewing sarcoma fusion proteins [CUT&Tag]	sarcoma		Y	2021-09-17		open	https://www.ebi.ac.uk/ena/browser/view/PRJNA724652
ENA	PRJNA737509	Growth Inhibition and Induction of Innate Immune Signaling of Chondrosarcomas with Epigenetic Inhibitors	chondrosarcoma			2021-12-10		open	https://www.ebi.ac.uk/ena/browser/view/PRJNA737509
ENA	PRJNA741802	Transcriptional programs dictating Schwann cell transformation in MPNST [scATACseq]	MPNST		Y	2022-11-09		open	https://www.ebi.ac.uk/ena/browser/view/PRJNA741802
ENA	PRJNA744233	Analysis of PRC2 isogenic human MPNST cells with or without DNA demethylating therapy	MPNST		Y	2022-10-06		open	https://www.ebi.ac.uk/ena/browser/view/PRJNA744233
ENA	PRJNA744234	Transcriptome Analysis of PRC2 isogenic human MPNST cells with or without DNA demethylating therapy (RNA-Seq)	MPNST		Y	2022-11-24		open	https://www.ebi.ac.uk/ena/browser/view/PRJNA744234
ENA	PRJNA744235	Genome wide maps of histone modifications in PRC2 isogenic human MPNST cells with or without DNA demethylating therapy (ChIP-Seq)	MPNST		Y	2022-10-06		open	https://www.ebi.ac.uk/ena/browser/view/PRJNA744235
ENA	PRJNA744236	CpG DNA methylation analysis of PRC2 isogenic human MPNST cells with or without DNA demethylating therapy (Methyl-Seq)	MPNST		Y	2022-11-24		open	https://www.ebi.ac.uk/ena/browser/view/PRJNA744236
ENA	PRJNA744564	The chromatin accessibility change by PRC2 inactivation with or without IFNγ stimulation in human MPNST cancer cells	MPNST		Y	2022-10-06		open	https://www.ebi.ac.uk/ena/browser/view/PRJNA744564
ENA	PRJNA752567	Transcriptional constraint of EWS/FLI by an ETS transcription factor promotes Ewing sarcoma growth [ATAC-seq]	sarcoma		Y	2022-10-06		open	https://www.ebi.ac.uk/ena/browser/view/PRJNA752567
ENA	PRJNA752568	Transcriptional constraint of EWS/FLI by an ETS transcription factor promotes Ewing sarcoma growth [ChIP-seq]	sarcoma		Y	2022-10-06		open	https://www.ebi.ac.uk/ena/browser/view/PRJNA752568
ENA	PRJNA756024	RNA-seq and MYC ChIP-seq in A673 Ewing sarcoma cells with RUVBL1 knockout	sarcoma		Y	2023-02-20		open	https://www.ebi.ac.uk/ena/browser/view/PRJNA756024
ENA	PRJNA767685	Methylation Mediated Silencing of Protein Kinase C Zeta Induces Apoptosis Avoidance through ATM/Chk-2 Inactivation in Dedifferentiated Chondrosarcoma	chondrosarcoma		Y	2021-10-05		open	https://www.ebi.ac.uk/ena/browser/view/PRJNA767685
ENA	PRJNA794112	Genetic and epigenetic instability suggest a regulated mechanism for osteosarcoma tumorigenesis	osteosarcoma			2023-06-23		open	https://www.ebi.ac.uk/ena/browser/view/PRJNA794112
ENA	PRJNA802206	Therapeutic Targeting Ewing Sarcoma through Inhibition of the FACT Complex (ChIP-Seq)	sarcoma		Y	2023-01-08		open	https://www.ebi.ac.uk/ena/browser/view/PRJNA802206
ENA	PRJNA802858	Genomic profiling identifies genes and pathways dysregulated by HEY1-NCOA2 fusion and shed a light on mesenchymal chondrosarcoma tumorigenesis [ChIP-seq]	chondrosarcoma		Y	2022-04-20		open	https://www.ebi.ac.uk/ena/browser/view/PRJNA802858
ENA	PRJNA810875	TRPS1 impairs myogenic differentiation in embryonal rhabdomyosarcoma [ChIP-seq]	rhabdomyosarcoma		Y	2023-07-26		open	https://www.ebi.ac.uk/ena/browser/view/PRJNA810875
ENA	PRJNA816824	Targeting KDM4 for treating PAX3-FOXO1-driven alveolar rhabdomyosarcoma [CUT&Tag]	rhabdomyosarcoma		Y	2022-10-06		open	https://www.ebi.ac.uk/ena/browser/view/PRJNA816824
ENA	PRJNA816825	Targeting KDM4 for treating PAX3-FOXO1-driven alveolar rhabdomyosarcoma [CUT&RUN, 2]	rhabdomyosarcoma		Y	2022-10-06		open	https://www.ebi.ac.uk/ena/browser/view/PRJNA816825
ENA	PRJNA816826	Targeting KDM4 for treating PAX3-FOXO1-driven alveolar rhabdomyosarcoma [ChIP-Seq, 2]	rhabdomyosarcoma		Y	2022-10-06		open	https://www.ebi.ac.uk/ena/browser/view/PRJNA816826
ENA	PRJNA828185	Integrated epigenomic analysis identifies structural alterations associated with oncogenic gene expression in liposarcoma	liposarcoma		Y	2023-03-06		open	https://www.ebi.ac.uk/ena/browser/view/PRJNA828185
ENA	PRJNA835711	Neoadjuvant immune checkpoint blockade in retroperitoneal dedifferentiated liposarcoma and extremity/trunk undifferentiated pleomorphic sarcoma (NCT03307616)	liposarcoma		Y	2024-01-02		open	https://www.ebi.ac.uk/ena/browser/view/PRJNA835711
ENA	PRJNA836551	The histone modification change between PRC2-wt and PRC2-loss in human MPNST cancer cells	MPNST		Y	2022-10-06		open	https://www.ebi.ac.uk/ena/browser/view/PRJNA836551
ENA	PRJNA841595	Histone variant H3.3 promotes experimental metastasis in alveolar rhabdomyosarcoma [ChIP-Seq]	rhabdomyosarcoma		Y	2022-05-25		open	https://www.ebi.ac.uk/ena/browser/view/PRJNA841595
ENA	PRJNA842566	Histone variant H3.3 promotes experimental metastasis in alveolar rhabdomyosarcoma [RNA-Seq]	rhabdomyosarcoma		Y	2022-12-24		open	https://www.ebi.ac.uk/ena/browser/view/PRJNA842566
ENA	PRJNA843484	Histone variant H3.3 promotes experimental metastasis in alveolar rhabdomyosarcoma	rhabdomyosarcoma		Y	2022-12-24		open	https://www.ebi.ac.uk/ena/browser/view/PRJNA843484
ENA	PRJNA844362	DNMT1-repressed NSun2 Expression Wires DNA Cytosine Methylation and mRNA Cytosine Methylation to Modulate Osteosarcoma Apoptosis	sarcoma		Y	2025-06-04		open	https://www.ebi.ac.uk/ena/browser/view/PRJNA844362
ENA	PRJNA844394	Methylation Based Reclassiﬁcation and Risk Stratiﬁcation of Skull Base Chordoma	chordoma		Y	2022-06-03		open	https://www.ebi.ac.uk/ena/browser/view/PRJNA844394
ENA	PRJNA854049	TWIST2-Mediated Chromatin Remodeling Promotes Fusion-Negative Rhabdomyosarcoma.	rhabdomyosarcoma		Y	2023-03-22		open	https://www.ebi.ac.uk/ena/browser/view/PRJNA854049
ENA	PRJNA854058	TWIST2-Mediated Chromatin Remodeling Promotes Fusion-Negative Rhabdomyosarcoma [RNA-seq Xenograft]	rhabdomyosarcoma		Y	2023-03-22		open	https://www.ebi.ac.uk/ena/browser/view/PRJNA854058
ENA	PRJNA854059	TWIST2-Mediated Chromatin Remodeling Promotes Fusion-Negative Rhabdomyosarcoma [RNA-seq FN-RMS Cells]	rhabdomyosarcoma		Y	2023-03-22		open	https://www.ebi.ac.uk/ena/browser/view/PRJNA854059
ENA	PRJNA854060	TWIST2-Mediated Chromatin Remodeling Promotes Fusion-Negative Rhabdomyosarcoma [ChIP-seq]	rhabdomyosarcoma		Y	2023-03-22		open	https://www.ebi.ac.uk/ena/browser/view/PRJNA854060
ENA	PRJNA872359	Transcriptional constraint of EWS/FLI by an ETS transcription factor promotes Ewing sarcoma growth [PEDS0009 CUT&Tag]	sarcoma		Y	2022-10-06		open	https://www.ebi.ac.uk/ena/browser/view/PRJNA872359
ENA	PRJNA872360	Transcriptional constraint of EWS/FLI by an ETS transcription factor promotes Ewing sarcoma growth [CUT&RUN]	sarcoma		Y	2022-10-06		open	https://www.ebi.ac.uk/ena/browser/view/PRJNA872360
ENA	PRJNA875145	Modeling pleomorphic rhabdomyosarcoma in mice	rhabdomyosarcoma		Y	2022-10-06		open	https://www.ebi.ac.uk/ena/browser/view/PRJNA875145
ENA	PRJNA875907	Single cell RNA-sequencing of undifferentiated pleomorphic sarcomas and leiomyosarcomas.	leiomyosarcoma		Y	2023-12-14		open	https://www.ebi.ac.uk/ena/browser/view/PRJNA875907
ENA	PRJNA884321	Methylation profiling of dedifferentiated chondrosarcoma (DDCS) samples	chondrosarcoma		Y	2023-01-25		open	https://www.ebi.ac.uk/ena/browser/view/PRJNA884321
ENA	PRJNA889033	The 3D chromatin landscape of rhabdomyosarcoma [HiC]	rhabdomyosarcoma		Y	2023-06-15		open	https://www.ebi.ac.uk/ena/browser/view/PRJNA889033
ENA	PRJNA889334	The 3D chromatin landscape of rhabdomyosarcoma	rhabdomyosarcoma		Y	2023-06-15		open	https://www.ebi.ac.uk/ena/browser/view/PRJNA889334
ENA	PRJNA889338	The 3D chromatin landscape of rhabdomyosarcoma [ChIP-Seq]	rhabdomyosarcoma		Y	2023-06-15		open	https://www.ebi.ac.uk/ena/browser/view/PRJNA889338
ENA	PRJNA890572	Temporal chromatin accessibility changes define transcriptional states essential for osteosarcoma metastasis	osteosarcoma		Y	2023-09-17		open	https://www.ebi.ac.uk/ena/browser/view/PRJNA890572
ENA	PRJNA890574	Temporal chromatin accessibility changes define transcriptional states essential for osteosarcoma metastasis [RNA-Seq]	osteosarcoma		Y	2023-09-20		open	https://www.ebi.ac.uk/ena/browser/view/PRJNA890574
ENA	PRJNA890576	Temporal chromatin accessibility changes define transcriptional states essential for osteosarcoma metastasis [scATAC-Seq]	osteosarcoma		Y	2023-09-20		open	https://www.ebi.ac.uk/ena/browser/view/PRJNA890576
ENA	PRJNA890577	Temporal chromatin accessibility changes define transcriptional states essential for osteosarcoma metastasis [143b_ATACseq]	osteosarcoma		Y	2023-09-20		open	https://www.ebi.ac.uk/ena/browser/view/PRJNA890577
ENA	PRJNA890580	Temporal chromatin accessibility changes define transcriptional states essential for osteosarcoma metastasis [mg633_ATACseq]	osteosarcoma		Y	2023-09-20		open	https://www.ebi.ac.uk/ena/browser/view/PRJNA890580
ENA	PRJNA902808	PAX3-FOXO1 expression in endothelial progenitors dictates myogenic reprogramming and rhabdomyosarcoma identity[Hi-C]	rhabdomyosarcoma		Y	2023-10-02		open	https://www.ebi.ac.uk/ena/browser/view/PRJNA902808
ENA	PRJNA902823	PAX3-FOXO1 expression in endothelial progenitors dictates myogenic reprogramming and rhabdomyosarcoma identity[Cut&Run]	rhabdomyosarcoma		Y	2023-10-02		open	https://www.ebi.ac.uk/ena/browser/view/PRJNA902823
ENA	PRJNA909175	Super-enhancer-driven MLX mediates redox balance maintanance via SLC7A11 in osteosarcoma	osteosarcoma		Y	2023-08-18		open	https://www.ebi.ac.uk/ena/browser/view/PRJNA909175
ENA	PRJNA930002	Chromatin status of rhabdomyosarcoma (RMS) cell line RH30 in repsonse to MyoD CRISPR/Cas9 deletion [RMS ATAC-seq]	sarcoma		Y	2025-07-30		open	https://www.ebi.ac.uk/ena/browser/view/PRJNA930002
ENA	PRJNA945896	Myo-differentiation reporter screen reveals NF-Y as an activator of PAX3-FOXO1 in rhabdomyosarcoma [4C-seq]	rhabdomyosarcoma			2023-08-30		open	https://www.ebi.ac.uk/ena/browser/view/PRJNA945896
ENA	PRJNA957782	DNA methylation, combined with RNA sequencing, provide novel insight into molecular classification of chordomas and their microenvironment	chordoma		Y	2023-07-13		open	https://www.ebi.ac.uk/ena/browser/view/PRJNA957782
ENA	PRJNA968024	Unique Transcriptional Profiles Underlie Osteosarcomagenesis Driven by Different p53 Mutants (ChIP-Seq)	osteosarcoma		Y	2023-05-17		open	https://www.ebi.ac.uk/ena/browser/view/PRJNA968024
ENA	PRJNA968026	Unique Transcriptional Profiles Underlie Osteosarcomagenesis Driven by Different p53 Mutants (ATAC-Seq)	osteosarcoma		Y	2023-05-17		open	https://www.ebi.ac.uk/ena/browser/view/PRJNA968026
ENA	PRJNA983854	Intrinsic epigenetic state of primary osteosarcoma drives metastasis.	sarcoma			2023-12-12		open	https://www.ebi.ac.uk/ena/browser/view/PRJNA983854
ENA	PRJNA983856	Intrinsic epigenetic state of primary osteosarcoma drives metastasis [ATAC-seq]	sarcoma		Y	2023-12-12		open	https://www.ebi.ac.uk/ena/browser/view/PRJNA983856
ENA	PRJNA983857	Intrinsic epigenetic state of primary osteosarcoma drives metastasis [RNA-seq]	sarcoma			2023-12-12		open	https://www.ebi.ac.uk/ena/browser/view/PRJNA983857
ENA	PRJNA983858	Intrinsic epigenetic state of primary osteosarcoma drives metastasis [ChIP-seq]	sarcoma		Y	2023-12-12		open	https://www.ebi.ac.uk/ena/browser/view/PRJNA983858
ENA	PRJNA985567	Differential chromatin landscape in myxoid liposarcoma and Ewing sarcoma	liposarcoma		Y	2025-09-25		open	https://www.ebi.ac.uk/ena/browser/view/PRJNA985567
