atlas_disease	display_name	age_class	US_cases_per_year_all_ages	US_low	US_high	no_population_rate	incidence_basis	verification_caveat	epigenomic_samples	regulatory_epigenomic_samples	ChIP_input_control_samples	DNA_methylation_samples	pct_DNA_methylation	H3K27ac_samples	accessibility_samples	samples_3D	primary_tumor_epigenomic	primary_tumor_regulatory	patient_derived_regulatory	n_studies	largest_study	pct_from_largest_study	distinct_models	distinct_pdx	models_with_H3K27ac	patients_with_H3K27ac	epi_samples_per_case	regulatory_per_case	cases_per_epi_sample
GIST	GIST	both	4670	4000	5100		13.65/million adults 20+ for GI sites; registry-detected only		360	210	48	102	28.3	86	11	13	211	84	84	14	GSE107447	25.6	8	0	55	29	0.077	0.045	13.0
Leiomyosarcoma	Leiomyosarcoma	adult	3310	2800	3800		NETSARC 9.679/million all sites incl. uterine		212	102	19	91	42.9	11	28	0	90	0	0	12	GSE140686	38.2	8	0	11	0	0.064	0.0308	15.6
Desmoid	Desmoid / aggressive fibromatosis	both	1740	1090	1830		NETSARC 5.07, Netherlands 5.36, Denmark 3.2/million		38	2	2	34	89.5	0	0	0	34	0	0	3	GSE250403	52.6	0	0	0	0	0.022	0.0011	45.8
UPS/MFH	Undifferentiated pleomorphic sarcoma	adult	1500	930	2020		US registry-coded ~930 vs NETSARC central review ~2,020 - coding drift from MFH		77	43	18	16	20.8	12	9	0	25	4	4	7	GSE240030	46.8	3	0	9	0	0.051	0.0287	19.5
DFSP	Dermatofibrosarcoma protuberans	both	1400	1350	1440		SEER 4.1-4.2/million; two independent series agree	Verified zero for regulatory assays. One DFSP tumor has NANOPORE methylation (GSE320108 / GSM9534876), so say 'DNA methylation profiling, predominantly array-based'.	40	0	0	40	100.0	0	0	0	40	0	0	1	GSE140686	100.0	0	0	0	0	0.029	0.0	35.0
Angiosarcoma	Angiosarcoma	adult	1312	1200	1400		1,312 observed cases US 2019 vs 657 in 2001 (Wagner, JAMA Netw Open 2024, PMID 38607625). The CASE COUNT doubled; the age-adjusted RATE rose ~1.6%/yr to 3.3/million, i.e. ~33% - the remainder is population growth and aging	Verified zero for HUMAN. Canine hemangiosarcoma, the accepted spontaneous model, does have regulatory data: GSE304509 (CUT&Tag, H3K27ac/H3K4me3/Kla/RNAPII-Ser5, 16 samples, PMID 41767677) and GSE150705 (ChRO-seq, 21 samples). Scope the claim to human.	46	0	0	46	100.0	0	0	0	46	0	0	1	GSE140686	100.0	6	0	0	0	0.035	0.0	28.5
Chondrosarcoma	Chondrosarcoma	both	1280	1160	1400		3.4-4.1/million all ages		261	31	5	225	86.2	4	6	0	143	0	0	15	GSE140686	34.9	12	0	4	0	0.204	0.0242	4.9
Kaposi sarcoma	Kaposi sarcoma	adult	1268	1100	1400		US ~1,268/yr; 73% of the GLOBAL KS burden is in sub-Saharan Africa		505	417	60	28	5.5	22	7	54	8	0	0	35	GSE231452	12.5	4	0	19	0	0.398	0.3289	2.5
Solitary fibrous tumor	Solitary fibrous tumor	adult	1200	1000	1410		NETSARC 3.504/million extracranial + 0.62/million meningeal		69	12	24	33	47.8	0	0	0	33	0	0	4	GSE330326	52.2	0	0	0	0	0.058	0.01	17.4
Liposarcoma-WD	Liposarcoma, well-differentiated	adult	1100	730	1640		US SEER ~730 (ALT under-reported) vs NETSARC central review ~1,640		39	23	3	13	33.3	0	14	0	13	0	0	4	GSE324208	35.9	3	0	0	0	0.035	0.0209	28.2
Osteosarcoma	Osteosarcoma	pediatric	1060	900	1200		SEER all-ages 3.1/million; ~45% of cases are 0-19		4313	2921	522	493	11.4	139	581	318	548	142	247	302	GSE281920	7.8	32	1	92	34	4.069	2.7557	0.2
Liposarcoma-dediff	Liposarcoma, dedifferentiated	adult	900	470	1740		US 20% of liposarcoma (~470) vs NETSARC 41.4% (~1,740) - central review doubles it		79	29	20	30	38.0	2	0	3	36	5	5	7	GSE271822	22.8	4	0	0	2	0.088	0.0322	11.4
Myxofibrosarcoma	Myxofibrosarcoma	adult	820	700	900		NETSARC 2.386/million	WEAKEST OF THE ZERO CALLS. PMID 39789291 (O'Donnell, npj Precis Oncol 2025) reports ATAC-seq on myxofibrosarcoma PDX 918122-036-R (NCI PDMR); no accession is stated and no matching series exists in GEO or SRA. Phrase as 'no retrievable data' and cite the paper. FANTOM5 CAGE also exists for MFS lines (CNhs11821 incl. NMFH-1).	17	0	0	17	100.0	0	0	0	17	0	0	2	GSE140686	58.8	1	0	0	0	0.021	0.0	48.2
GCTB/Chondroblastoma	GCTB / chondroblastoma	pediatric	570	400	700		GCTB 1.7/million all ages; median age 35		524	416	41	67	12.8	35	0	2	67	9	13	32	GSE149211	17.9	8	0	28	0	0.919	0.7298	1.1
Liposarcoma-NOS	Liposarcoma, NOS / mixed	adult	540	115	540		US residual bucket 21-23%; central review collapses it ~8-fold		410	362	33	15	3.7	75	93	32	24	12	12	19	GSE213300	21.7	15	0	75	0	0.759	0.6704	1.3
Synovial sarcoma	Synovial sarcoma	both	530	450	620		SEER 530 observed/yr; NETSARC 1.5-1.8/million		751	563	86	102	13.6	38	36	72	79	0	26	33	GSE148722	10.8	9	1	38	0	1.417	1.0623	0.7
Liposarcoma-myxoid	Liposarcoma, myxoid / round cell	adult	480	445	530		FUS-DDIT3; US ~445, NETSARC ~530		103	50	5	48	46.6	8	7	0	52	2	2	7	GSE140686	36.9	9	0	6	2	0.215	0.1042	4.7
Ewing	Ewing sarcoma	pediatric	400	350	450		~400/yr US all ages; ~60% is 0-19		2097	1350	190	557	26.6	166	148	157	580	160	164	129	GSE88826	9.0	50	0	131	14	5.242	3.375	0.2
FN-RMS	FN-RMS (fusion-negative)	pediatric	400	330	460		~75-80% of all-ages RMS		320	208	55	57	17.8	28	50	4	56	5	5	29	GSE202761	20.0	14	0	23	5	0.8	0.52	1.2
MPNST	MPNST	both	390	340	450		NETSARC 1.00/million; Japan NCR 1.3/million		611	286	44	281	46.0	56	35	0	61	3	3	25	GSE207207	17.7	13	0	55	0	1.567	0.7333	0.6
Chordoma	Chordoma	both	337	280	400		0.97/million US		215	65	11	139	64.7	34	8	0	96	16	16	13	GSE140686	35.3	6	0	16	16	0.638	0.1929	1.6
Endometrial stromal sarcoma	Endometrial stromal sarcoma	adult	328	275	380		low-grade ~275 + high-grade ~53		71	12	4	55	77.5	0	0	0	43	0	0	6	GSE140686	38.0	1	0	0	0	0.216	0.0366	4.6
LGFMS/SEF	LGFMS / SEF	adult	229	180	280		LGFMS 0.515 + SEF 0.155/million		17	8	0	9	52.9	0	0	0	9	0	0	2	GSE140686	52.9	0	0	0	0	0.074	0.0349	13.5
Liposarcoma-pleomorphic	Liposarcoma, pleomorphic	adult	185	180	190		US ~190, NETSARC ~180; below the ultra-rare threshold	Verified zero for bona fide PLS lines (LiSa-2, LS2, NCC-PLPS1-C1, NCC-PLPS2-C1). Pre-empt SW872, which has 32 ATAC-seq + H3K27ac ChIP-seq runs and is called pleomorphic in some papers; Cellosaurus/NCIt annotate it as liposarcoma NOS and this atlas bins it as Liposarcoma-NOS.	28	0	0	28	100.0	0	0	0	28	0	0	2	GSE52391	75.0	0	0	0	0	0.151	0.0	6.6
IMT	Inflammatory myofibroblastic tumor	both	175	150	200		NCI 150-200/yr US	Strongest zero call. Six SRA runs exist in total (RNA-seq / WXS) and Cellosaurus lists no IMT cell line at all.	9	0	0	9	100.0	0	0	0	9	0	0	1	GSE140686	100.0	0	0	0	0	0.051	0.0	19.4
Epithelioid sarcoma	Epithelioid sarcoma	both	156	120	190		NETSARC 0.455/million		125	84	8	33	26.4	8	24	4	28	0	0	7	GSE90634	22.4	5	0	8	0	0.801	0.5385	1.2
FP-RMS	FP-RMS (PAX3/7-FOXO1)	pediatric	110	80	140		~20% of all-ages RMS (~550-600/yr)		762	582	103	77	10.1	66	130	32	113	35	43	52	GSE183281	20.6	12	1	44	15	6.927	5.2909	0.1
EHE	Epithelioid hemangioendothelioma	both	110	79	140		SEER 0.230 (floor) to NETSARC 0.41/million		56	40	5	11	19.6	0	0	0	11	0	0	2	GSE144581	80.4	0	0	0	0	0.509	0.3636	2.0
Rhabdoid tumor/ATRT	Rhabdoid tumor / ATRT	pediatric	95	70	120		ATRT 0.7/million 0-19 + extrarenal + renal; essentially a disease of infancy		1576	966	91	519	32.9	94	221	10	382	63	109	66	GSE70460	9.5	17	1	83	11	16.589	10.1684	0.1
EMC	Extraskeletal myxoid chondrosarcoma	both	75	60	90		NETSARC 0.220/million	Verified zero (H-EMC-SS, USZ20-EMC1, USZ22-EMC2). FANTOM5 CAGE exists for H-EMC-SS (CNhs10728); note also that Cellosaurus flags H-EMC-SS as lacking an EWSR1 fusion (PMID 34413129).	11	0	0	11	100.0	0	0	0	11	0	0	1	GSE140686	100.0	1	0	0	0	0.147	0.0	6.8
DSRCT	DSRCT	pediatric	67	50	90		NETSARC 0.197/million all ages (PMID 33630918)		167	116	13	38	22.8	34	6	4	57	16	16	10	GSE212977	52.1	4	0	30	3	2.493	1.7313	0.4
Clear cell sarcoma	Clear cell sarcoma of soft tissue	both	65	41	92		NETSARC 0.269/million		310	180	37	93	30.0	31	28	4	100	17	17	21	GSE180187	37.4	4	0	24	5	4.769	2.7692	0.2
Intimal sarcoma	Intimal sarcoma	adult	60	45	75		NETSARC 0.174/million	Strong zero call. Thirty SRA runs in total (WXS / RNA-seq); the only cell line, PIS-1, has nothing.	1	0	0	1	100.0	0	0	0	1	0	0	1	GSE140686	100.0	0	0	0	0	0.017	0.0	60.0
CIC-DUX4	CIC-DUX4 sarcoma	pediatric	50	20	90		no population rate; CTOS ultra-rare, median age ~40. BOUNDED ESTIMATE		69	49	5	15	21.7	12	0	0	27	9	9	5	GSE248117	63.8	4	0	9	3	1.38	0.98	0.7
ASPS	ASPS	both	42	35	50		NETSARC 0.117/million		187	119	45	23	12.3	44	18	92	53	22	23	14	GSE162480	17.1	2	0	37	6	4.452	2.8333	0.2
Fibrosarcoma NOS	Fibrosarcoma (adult)	adult	36	25	50		NETSARC 0.106/million - 28 cases in 4 years nationwide in France		354	304	26	14	4.0	5	24	48	13	6	6	23	GSE287042	24.9	5	0	5	0	9.833	8.4444	0.1
PEComa	PEComa (malignant)	adult	25	20	112		NETSARC malignant 0.072/million; 0.326 incl. all PEComa		49	2	0	47	95.9	0	2	0	47	0	0	3	GSE328029	93.9	2	0	0	0	1.96	0.08	0.5
CCSK	Clear cell sarcoma of the kidney	pediatric	20	15	25		~3% of pediatric renal tumors; BCOR-ITD driven	Strong zero call. TARGET-CCSK holds RNA-seq, genotyping array, methylation array and WGS only. ChIP-Atlas's 'clear cell sarcoma' rows are all clear cell sarcoma of SOFT TISSUE (SU-CCS-1, EWSR1-ATF1), not renal. cfDNA RRBS exists at E-MTAB-8770.	12	0	0	12	100.0	0	0	0	12	0	0	1	GSE140686	100.0	0	0	0	0	0.6	0.0	1.7
RMS-MYOD1	MYOD1-mutant RMS	pediatric	16	10	22		2.7% of all RMS (Shern 2021, PMID 34166060)		48	36	0	12	25.0	0	24	0	16	4	18	5	GSE174376	29.2	2	1	0	0	3.0	2.25	0.3
BCOR-sarcoma	BCOR-CCNB3 sarcoma	pediatric	15	5	30		no population rate; CTOS ultra-rare. BOUNDED ESTIMATE	Strong zero call, and citable: PMID 40841360 (Nat Commun 2025) built BCOR::CCNB3 tumoroids, profiled only WGS/WXS/RNA-seq, and states 'For BCOR-rearranged fusion proteins, no fusion-specific dataset was available'.	9	0	0	9	100.0	0	0	0	9	0	0	1	GSE140686	100.0	0	0	0	0	0.6	0.0	1.7
Infantile fibrosarcoma	Infantile fibrosarcoma	pediatric	13	10	18		NETSARC 0.038/million; by definition an infant tumor		36	16	6	14	38.9	4	0	0	14	0	0	4	GSE140686	38.9	1	0	4	0	2.769	1.2308	0.4
Myoepithelial carcinoma	Myoepithelial carcinoma of soft tissue	adult	0	0	0	Y	NO population rate published; NETSARC coded 2 cases in 4 years		0	0	0	0		0	0	0	0	0	0	0			0	0	0	0			
Ossifying fibromyxoid tumor	Ossifying fibromyxoid tumor	adult	0	0	0	Y	NO population rate published		13	0	0	13	100.0	0	0	0	13	0	0	1	GSE140686	100.0	0	0	0	0			
Angiomatoid fibrous histiocytoma	Angiomatoid fibrous histiocytoma	both	0	0	0	Y	NO population rate published		9	0	0	9	100.0	0	0	0	9	0	0	1	GSE140686	100.0	0	0	0	0			
AFX/PDS	Atypical fibroxanthoma / pleomorphic dermal sarcoma	adult	0	0	0	Y	NO sarcoma-registry rate; captured as cutaneous, not sarcoma		14	0	0	14	100.0	0	0	0	14	0	0	1	GSE140686	100.0	0	0	0	0			
