source	accession	entity	assay_family	n_samples	access	governing_body	title	released	url
EGA	EGAD00010002760	CIC-DUX4	DNA methylation	9	CONTROLLED	Data Access Committee for Patient-derived tumoroids from CIC::DUX4 rearranged sarcoma identify MCL1 as a therapeutic target	Methylation profiling of CDS and ES tumor samples	2025-06-23	https://ega-archive.org/datasets/EGAD00010002760
EGA	EGAD00010002515	Chondrosarcoma	DNA methylation	51	CONTROLLED	Data Access Commitee for the project : Methylome profiling of human mesenchymal chondrosarcoma	Set_of_human_mesenchymal_CSA	2023-06-06	https://ega-archive.org/datasets/EGAD00010002515
EGA	EGAD00010002338	Chordoma	DNA methylation	68	CONTROLLED	Chordoma tissue methylation data	Chordoma_methylation	2022-08-10	https://ega-archive.org/datasets/EGAD00010002338
EGA	EGAD00001000721	Chordoma	other	20	CONTROLLED	ICGC Data Access Compliance Office	Chordoma Sequencing Project Whole Genome	2015-05-27	https://ega-archive.org/datasets/EGAD00001000721
EGA	EGAD00001000653	Chordoma	other	10	CONTROLLED	ICGC Data Access Compliance Office	Chordoma Sequencing Project RNAseq	2015-05-27	https://ega-archive.org/datasets/EGAD00001000653
EGA	EGAD50000002741	Clear cell sarcoma	regulatory	2	CONTROLLED	VIB Data Access Committee	Somatic long-read and short-read sequencing of clear cell sarcoma case CCS15		https://ega-archive.org/datasets/EGAD50000002741
EGA	EGAD00010002689	DSRCT	DNA methylation	24	CONTROLLED	DKFZ-HIPO Data Access Committee of Heidelberg Center for Personalized Oncology	Dataset for desmoplastic small round cell tumor array data	2026-02-16	https://ega-archive.org/datasets/EGAD00010002689
EGA	EGAD00010002571	Epithelioid sarcoma	DNA methylation	32	CONTROLLED	Data Access Commitee epithelioid sarcoma	EpS_methylation_850K	2023-08-11	https://ega-archive.org/datasets/EGAD00010002571
EGA	EGAD50000001673	Ewing	regulatory	66	CONTROLLED	Data Access Committee for Institut Curie	De novo modeling of chromoplectic Ewing sarcoma tumors from patient-derived mesenchymal stem cells	2025-10-02	https://ega-archive.org/datasets/EGAD50000001673
EGA	EGAD00001007080	Ewing	DNA methylation	346	CONTROLLED	DAC Liquid biopsies and matched tumor tissue - EwS and other pediatric sarcomas	WGS of cell-free DNA derived from plasma of patients with pediatric sarcoma and healthy controls, and lcWGS/RRBS of matched tumor tissue	2001-01-01	https://ega-archive.org/datasets/EGAD00001007080
EGA	EGAD50000002051	Ewing	DNA methylation	224	CONTROLLED	Cancer Research UK Manchester Institute/ Cancer Research UK National Biomarker Centre Data Access Committee	Plasma cfDNA dataset from healthy donors and cancer patients	2025-12-08	https://ega-archive.org/datasets/EGAD50000002051
EGA	EGAD00001003133	Ewing	DNA methylation	86	CONTROLLED	ICGC Data Access Compliance Office	Methylation of Ewing sarcoma tumors - RRBS (ICGC)	2017-02-28	https://ega-archive.org/datasets/EGAD00001003133
EGA	EGAD00001005109	GCTB/Chondroblastoma	regulatory	29	CONTROLLED	Data Access Committee of DKFZ-Epigenomics	Genomic, epigenomic and transcriptomic profiling of GCTB	2001-01-01	https://ega-archive.org/datasets/EGAD00001005109
EGA	EGAD00001009074	GCTB/Chondroblastoma	regulatory	3	CONTROLLED	GCTB Cell Lines DAC	Transcriptome profiling of three giant cell tumour of bone (GCTB) cell lines	2001-01-01	https://ega-archive.org/datasets/EGAD00001009074
EGA	EGAD00001005110	GCTB/Chondroblastoma	regulatory	0	CONTROLLED	Data Access Committee of DKFZ-Epigenomics	Genomic, epigenomic and transcriptomic profiling of GCTB	2001-01-01	https://ega-archive.org/datasets/EGAD00001005110
EGA	EGAD00001006253	MPNST	regulatory	98	CONTROLLED	MPNST Data	MPNST_Data	2001-01-01	https://ega-archive.org/datasets/EGAD00001006253
EGA	EGAD50000002533	MPNST	regulatory	56	CONTROLLED	MPNST Genomics Data Access Comitee	WGS, RNAseq and ATACseq data for the validation of an iPSC model of MPNST progression	2026-04-30	https://ega-archive.org/datasets/EGAD50000002533
EGA	EGAD00001007678	Osteosarcoma	regulatory	1	CONTROLLED	McGill ECDAC	"McGill EMC Community projects Release 7 for cell line ""SaOS-2"""	2001-01-01	https://ega-archive.org/datasets/EGAD00001007678
EGA	EGAD00001006398	RMS (any subtype)	regulatory	242	CONTROLLED	St. Jude Children’s Research Hospital – Washington University Pediatric Cancer Genome Project Steering Committee	ChIP-Seq files for RMS.	2001-01-01	https://ega-archive.org/datasets/EGAD00001006398
EGA	EGAD00001004312	RMS (any subtype)	regulatory	158	CONTROLLED	St. Jude Children’s Research Hospital – Washington University Pediatric Cancer Genome Project Steering Committee	ChIP-Seq files for RMS.	2001-01-01	https://ega-archive.org/datasets/EGAD00001004312
St Jude CSTN	GSE174376	RMS (any subtype)	regulatory	64	OPEN	OPEN	Single-cell/nucleus atlas of paediatric RMS		
St Jude CSTN	GSE253895	RMS (any subtype)	regulatory	58	OPEN	OPEN	PAX translocations / mitochondrial metabolism in RMS		
St Jude CSTN	GSE253893	RMS (any subtype)	regulatory	28	OPEN	OPEN	PAX translocations / mitochondrial metabolism in RMS		
St Jude CSTN	GSE253894	RMS (any subtype)	regulatory	12	OPEN	OPEN	PAX translocations / mitochondrial metabolism in RMS		
St Jude CSTN	https://cstn.stjude.cloud (R Shiny at cstn-r-prod.stjude.cloud)	RMS (any subtype)	regulatory	6	CONTROLLED	open (click-through disclaimer; no login for browsing; NO raw download; republication prohibited)	CSTN epigenetic browsers (visualisation only)		
EGA	EGAD00001015707	RMS (any subtype)	regulatory	1	CONTROLLED	Wellcome Trust Sanger Institute	Whole-genome sequencing of rhabdomyosarcoma tumouroids (2025-09-30)	2001-01-01	https://ega-archive.org/datasets/EGAD00001015707
EGA	EGAD00001015708	RMS (any subtype)	regulatory	1	CONTROLLED	Wellcome Trust Sanger Institute	Single-cell RNA-sequencing of rhabdomyosarcoma tumouroids (2025-09-30)	2001-01-01	https://ega-archive.org/datasets/EGAD00001015708
EGA	EGAD00001015709	RMS (any subtype)	regulatory	1	CONTROLLED	Wellcome Trust Sanger Institute	Whole Genome-sequencing of rhabdomyosarcoma tumour tissue (2025-09-30)	2001-01-01	https://ega-archive.org/datasets/EGAD00001015709
EGA	EGAD00001015710	RMS (any subtype)	regulatory	1	CONTROLLED	Wellcome Trust Sanger Institute	Single-cell RNA-sequencing of rhabdomyosarcoma tumour tissue (2025-09-30)	2001-01-01	https://ega-archive.org/datasets/EGAD00001015710
EGA	EGAD00001015711	RMS (any subtype)	regulatory	1	CONTROLLED	Wellcome Trust Sanger Institute	Single-cell ATAC-sequencing of rhabdomyosarcoma tumour tissue (2025-09-30)	2001-01-01	https://ega-archive.org/datasets/EGAD00001015711
EGA	EGAD00001015712	RMS (any subtype)	regulatory	1	CONTROLLED	Wellcome Trust Sanger Institute	Whole Genome-sequencing of rhabdomyosarcoma tumour tissue (2025-09-30)	2001-01-01	https://ega-archive.org/datasets/EGAD00001015712
EGA	EGAD00001015713	RMS (any subtype)	regulatory	1	CONTROLLED	Wellcome Trust Sanger Institute	Single-cell RNA-sequencing of rhabdomyosarcoma tumour tissue (2025-09-30)	2001-01-01	https://ega-archive.org/datasets/EGAD00001015713
EGA	EGAD00001015714	RMS (any subtype)	regulatory	1	CONTROLLED	Wellcome Trust Sanger Institute	Bulk RNA-sequencing of rhabdomyosarcoma tumour tissue (2025-09-30)	2001-01-01	https://ega-archive.org/datasets/EGAD00001015714
EGA	EGAD00001015715	RMS (any subtype)	regulatory	1	CONTROLLED	Wellcome Trust Sanger Institute	Single-cell ATAC-sequencing of rhabdomyosarcoma tumour tissue (2025-09-30)	2001-01-01	https://ega-archive.org/datasets/EGAD00001015715
EGA	EGAD00001015716	RMS (any subtype)	regulatory	1	CONTROLLED	Wellcome Trust Sanger Institute	Whole Genome-sequencing of rhabdomyosarcoma tumour tissue (2025-09-30)	2001-01-01	https://ega-archive.org/datasets/EGAD00001015716
EGA	EGAD00001015717	RMS (any subtype)	regulatory	1	CONTROLLED	Wellcome Trust Sanger Institute	Single-cell RNA-sequencing of rhabdomyosarcoma tumour tissue (2025-09-30)	2001-01-01	https://ega-archive.org/datasets/EGAD00001015717
EGA	EGAD00001015718	RMS (any subtype)	regulatory	1	CONTROLLED	Wellcome Trust Sanger Institute	Bulk RNA-sequencing of rhabdomyosarcoma tumour tissue (2025-09-30)	2001-01-01	https://ega-archive.org/datasets/EGAD00001015718
EGA	EGAD00001015719	RMS (any subtype)	regulatory	1	CONTROLLED	Wellcome Trust Sanger Institute	Single-cell ATAC-sequencing of rhabdomyosarcoma tumour tissue (2025-09-30)	2001-01-01	https://ega-archive.org/datasets/EGAD00001015719
St Jude CSTN	phs000720.v4.p1	RMS (any subtype)	regulatory	0	CONTROLLED	controlled	ARMS patient RNA-seq/ChIP-seq (external, reused)		
EGA	EGAD00010002451	RMS (any subtype)	DNA methylation	345	CONTROLLED	DKFZ-HIPO Data Access Committee of Heidelberg Center for Personalized Oncology	Methylation profiling of sarcoma and TFCP2-rearranged rhadomyosarcoma samples	2023-11-17	https://ega-archive.org/datasets/EGAD00010002451
St Jude CSTN	GSE167059	RMS (any subtype)	DNA methylation	158	OPEN	OPEN	RMS methylation classes		
EGA	EGAD00010000897	RMS (any subtype)	DNA methylation	53	CONTROLLED	Department of Pediatrics, The University of Tokyo Data Access Committee	RMS_Infinium450K	2016-03-17	https://ega-archive.org/datasets/EGAD00010000897
EGA	EGAD00001004315	RMS (any subtype)	DNA methylation	37	CONTROLLED	St. Jude Children’s Research Hospital – Washington University Pediatric Cancer Genome Project Steering Committee	Whole Genome Bi-Sulfite Sequencing files for RMS.	2001-01-01	https://ega-archive.org/datasets/EGAD00001004315
EGA	EGAD00010001596	RMS (any subtype)	DNA methylation	32	CONTROLLED	St. Jude Children’s Research Hospital – Washington University Pediatric Cancer Genome Project Steering Committee	DNA methylation of Rhabdomyosarcoma tumors	2018-08-20	https://ega-archive.org/datasets/EGAD00010001596
EGA	EGAD00001003408	Rhabdoid tumor/ATRT	regulatory	19	CONTROLLED	DKFZ-HIPO Data Access Committee of Heidelberg Center for Personalized Oncology	Chip-Seq sequencing data of Atypical teratoid/rhabdoid tumors (ATRT)	2017-07-04	https://ega-archive.org/datasets/EGAD00001003408
EGA	EGAD00001004847	Rhabdoid tumor/ATRT	regulatory	18	CONTROLLED	Data access agreement for ATRT	ATRT ATACSeq	2001-01-01	https://ega-archive.org/datasets/EGAD00001004847
EGA	EGAD00001002135	Rhabdoid tumor/ATRT	regulatory	15	CONTROLLED	DKFZ-HIPO Data Access Committee of Heidelberg Center for Personalized Oncology	ChIPseq data of Atypical teratoid/rhabdoid tumors (ATRT)	2016-06-22	https://ega-archive.org/datasets/EGAD00001002135
EGA	EGAD00001011819	Rhabdoid tumor/ATRT	regulatory	8	CONTROLLED	EGAC00001001864 - Data Access Committee Princess Maxima Center	RNA-Seq dataset for Malignant rhabdoid study	2001-01-01	https://ega-archive.org/datasets/EGAD00001011819
EGA	EGAD00001011820	Rhabdoid tumor/ATRT	regulatory	8	CONTROLLED	EGAC00001001864 - Data Access Committee Princess Maxima Center	ATAC-Seq/Hi-C/4C-Seq dataset for Malignant rhabdoid study	2001-01-01	https://ega-archive.org/datasets/EGAD00001011820
EGA	EGAD00001015546	Rhabdoid tumor/ATRT	regulatory	6	CONTROLLED	EGAC00001001864 - Data Access Committee Princess Maxima Center	scATAC-seq dataset of A cycling, progenitor-like cell population at the root of atypical teratoid rhabdoid tumor subtype differentiation trajectories	2001-01-01	https://ega-archive.org/datasets/EGAD00001015546
EGA	EGAD00001011821	Rhabdoid tumor/ATRT	regulatory	5	CONTROLLED	EGAC00001001864 - Data Access Committee Princess Maxima Center	CUT&amp;RUN/ChIP-Seq dataset for Malignant rhabdoid study	2001-01-01	https://ega-archive.org/datasets/EGAD00001011821
EGA	EGAD00001004836	Rhabdoid tumor/ATRT	regulatory	3	CONTROLLED	Data access agreement for ATRT	ATRT ChIPSeq H3K27ac	2001-01-01	https://ega-archive.org/datasets/EGAD00001004836
EGA	EGAD00001015649	Rhabdoid tumor/ATRT	regulatory	0	CONTROLLED	BC Cancer, part of the Provincial Health Services Authority, Technology Development Office, Data Access Committee (PHSA TDO DAC)	Bulk ATAC-Seq profiling of 42 flash-frozen malignant rhabdoid tumor samples	2001-01-01	https://ega-archive.org/datasets/EGAD00001015649
EGA	EGAD00001015654	Rhabdoid tumor/ATRT	regulatory	0	CONTROLLED	BC Cancer, part of the Provincial Health Services Authority, Technology Development Office, Data Access Committee (PHSA TDO DAC)	Single-cell multi-omics profiling of 1 MRT cell line (G401) and 4 flash-frozen malignant rhabdoid tumor samples	2001-01-01	https://ega-archive.org/datasets/EGAD00001015654
EGA	EGAD00010001433	Rhabdoid tumor/ATRT	DNA methylation	162	CONTROLLED	Data access agreement for ATRT	Array_dataset_1	2017-11-16	https://ega-archive.org/datasets/EGAD00010001433
EGA	EGAD00001001444	Rhabdoid tumor/ATRT	DNA methylation	55	CONTROLLED	DKFZ-HIPO Data Access Committee of Heidelberg Center for Personalized Oncology	Atypical teratoid/rhabdoid tumors (ATRT) are comprised of three epigenetic subgroups with distinct enhancer landscapes	2016-03-29	https://ega-archive.org/datasets/EGAD00001001444
EGA	EGAD50000002890	Rhabdoid tumor/ATRT	DNA methylation	16	CONTROLLED	MRT PDXs (RNAseq, WGS, EMseq) raw data	Integrated Genomic, Transcriptomic, and Methylation Profiling of Ultra-Rare Malignant Rhabdoid Tumors		https://ega-archive.org/datasets/EGAD50000002890
EGA	EGAD00001002137	Rhabdoid tumor/ATRT	DNA methylation	15	CONTROLLED	DKFZ-HIPO Data Access Committee of Heidelberg Center for Personalized Oncology	WGBS data of Atypical teratoid/rhabdoid tumors (ATRT)	2016-06-22	https://ega-archive.org/datasets/EGAD00001002137
EGA	EGAD00010002357	Rhabdoid tumor/ATRT	DNA methylation	12	CONTROLLED	St. Jude Children’s Research Hospital – Washington University Pediatric Cancer Genome Project Steering Committee	Methylation files for Roussel-ATRT-TM	2023-04-17	https://ega-archive.org/datasets/EGAD00010002357
EGA	EGAD00001009793	Rhabdoid tumor/ATRT	other	8	CONTROLLED	EGAC00001001864 - Data Access Committee Princess Maxima Center	Atypical teratoid/rhabdoid tumoroids reveal subgroup-specific drug vulnerabilities - WGS	2001-01-01	https://ega-archive.org/datasets/EGAD00001009793
EGA	EGAD00010002400	Rhabdoid tumor/ATRT	DNA methylation	8	CONTROLLED	EGAC00001001864 - Data Access Committee Princess Maxima Center	DNA-Methylation data for atypical teratoid/rhabdoid tumoroids study	2023-05-12	https://ega-archive.org/datasets/EGAD00010002400
EGA	EGAD00001009794	Rhabdoid tumor/ATRT	other	4	CONTROLLED	EGAC00001001864 - Data Access Committee Princess Maxima Center	Atypical teratoid/rhabdoid tumoroids reveal subgroup-specific drug vulnerabilities - RNA-Seq	2001-01-01	https://ega-archive.org/datasets/EGAD00001009794
EGA	EGAD00010002495	Rhabdoid tumor/ATRT	DNA methylation	3	CONTROLLED	St. Jude Children’s Research Hospital – Washington University Pediatric Cancer Genome Project Steering Committee	Additional Methylation files for Roussel-ATRT-TM	2023-04-27	https://ega-archive.org/datasets/EGAD00010002495
St Jude CSTN	GSE100148	Sarcoma, unspecified / mixed cohort	regulatory	65	OPEN	OPEN	ATRX fusion NB / EZH2		
St Jude CSTN	GSE253786	Sarcoma, unspecified / mixed cohort	regulatory	54	OPEN	OPEN	BMP signalling in neuroblastoma		
St Jude CSTN	cstn.stjude.cloud/resources	Sarcoma, unspecified / mixed cohort	regulatory	15	CONTROLLED	open	CSTN ChIP-seq SOPs (15 protocols)		
EGA	EGAD00001000646	Sarcoma, unspecified / mixed cohort	regulatory	14	CONTROLLED	ICGC Data Access Compliance Office	Novel driver variants in the histone 3.3 genes, H3F3A and H3F3B, define bone and cartilage cancer sub-types	2016-08-13	https://ega-archive.org/datasets/EGAD00001000646
EGA	EGAD00001007680	Sarcoma, unspecified / mixed cohort	regulatory	3	CONTROLLED	McGill ECDAC	"McGill EMC Community projects Release 7 for cell line ""hTERT RPE1"""	2001-01-01	https://ega-archive.org/datasets/EGAD00001007680
St Jude CSTN	no public accession found	Sarcoma, unspecified / mixed cohort	DNA methylation	4700	CONTROLLED	portal visualisation only; no repository deposit identified	CSTN COMET methylation (Blue Sky project)		
St Jude CSTN	GSE289017	Sarcoma, unspecified / mixed cohort	DNA methylation	570	OPEN	OPEN	Preclinical Pediatric MATCH		
St Jude CSTN	GSE174201	Sarcoma, unspecified / mixed cohort	DNA methylation	150	OPEN	OPEN	Retinoblastoma from stem-cell organoids		
St Jude CSTN	SJC-DS-1008 (CSTN)	Sarcoma, unspecified / mixed cohort	DNA methylation	143	CONTROLLED	controlled (St. Jude Cloud Data Access Agreement; DAUs = PCGP + Clinical Genomics)	St. Jude Cloud CSTN dataset		
EGA	EGAD50000000073	Sarcoma, unspecified / mixed cohort	DNA methylation	52	CONTROLLED	CEITEC DAC	Agilent Sarcoma cohort	2023-11-27	https://ega-archive.org/datasets/EGAD50000000073
EGA	EGAD00010002275	Sarcoma, unspecified / mixed cohort	DNA methylation	48	CONTROLLED	EORTC Data Sharing DAC	RP1759 AYA sarcoma methylation array	2022-01-14	https://ega-archive.org/datasets/EGAD00010002275
EGA	EGAD00001008667	Sarcoma, unspecified / mixed cohort	DNA methylation	6	CONTROLLED	Sarcoma biology and genomics data access commitee	FACS sorting of ploidy populations in an undifferentiated soft tissue sarcoma for RRBS	2001-01-01	https://ega-archive.org/datasets/EGAD00001008667
EGA	EGAD50000000040	Solitary fibrous tumour	DNA methylation	3	CONTROLLED	Cancer Discovery Hub (CDH), National Cancer Center Singapore	Methylome profiling of Solitary fibrous tumor/Hemangiopericytoma (SFT/HPC) and a patient derived cell-line model	2023-11-08	https://ega-archive.org/datasets/EGAD50000000040
EGA	EGAD50000000743	Synovial sarcoma	regulatory	138	CONTROLLED	Wellcome Trust Sanger Institute	Target sequencing of 53 synovial sarcoma patients	2024-09-12	https://ega-archive.org/datasets/EGAD50000000743
EGA	EGAD00001004135	Synovial sarcoma	other	85	CONTROLLED	Synovial Sarcoma Data Access Committee	SS18-SSX-mediated hijacking of BAF complexes drives synovial sarcoma	2001-01-01	https://ega-archive.org/datasets/EGAD00001004135
EGA	EGAD00001004162	UPS / undifferentiated sarcoma	DNA methylation	56	CONTROLLED	WTSI CGP Data access committee	Undifferentiated sarcomas develop through distinct evolutionary pathways	2001-01-01	https://ega-archive.org/datasets/EGAD00001004162
