resource	accession	repository	access	assay	n_samples	diseases	pmid	notes
CSTN / Nature 2017 O-PDX resource	EGAS00001002528	EGA	controlled (DUA; St. Jude PCGP DAC, policy EGAP00001000051)	umbrella study (ChIP-seq, RNA-seq, WES, WGS)	417 samples across 4 datasets	12 paediatric solid tumour types (RMS, OS, NB, RB, EWS, WT, MRT, DSRCT, HGS, ACT, LPS, epithelioid sarcoma etc.)	28854174	Umbrella EGA study for Stewart et al. Nature 2017;549:96-100. VERIFIED via EGA metadata API.
CSTN ChIP-seq (Nature 2017)	EGAD00001003432	EGA	controlled (DUA; PCGP DAC)	ChIP-seq (12 antibodies: H3K27ac,H3K27me3,H3K36me3,H3K4me1,H3K4me2,H3K4me3,H3K9-14ac,H3K9me2,H3K9me3,RNA PolII,CTCF,BRD4 + input)	20 samples / 104 BAM files (0.21 TB)	RMS, OS, NB (4 O-PDX: SJRHB000026_X1, SJRHB010463_X16, SJOS001112_X1, SJNBL046_X)	28854174	Paper states 96 ChIP-seq libraries from biological replicates. NOT IN GEO. VERIFIED.
CSTN RNA-seq (Nature 2017)	EGAD00001003433	EGA	controlled (DUA; PCGP DAC)	RNA-seq	98 samples / 95 files (2.60 TB)	12 paediatric solid tumour types	28854174	NOT IN GEO. VERIFIED.
CSTN WES (Nature 2017)	EGAD00001003434	EGA	controlled (DUA; PCGP DAC)	WES	149 samples / 141 files (0.69 TB)	12 paediatric solid tumour types	28854174	NOT IN GEO. VERIFIED.
CSTN WGS (Nature 2017)	EGAD00001003435	EGA	controlled (DUA; PCGP DAC)	WGS	150 samples / 300 BAMs (24.36 TB)	12 paediatric solid tumour types	28854174	NOT IN GEO. VERIFIED.
CSTN / iRDb integrated RMS resource	EGAS00001002967	EGA	controlled (DUA; PCGP DAC)	umbrella study (ChIP-seq, WGBS)	3 datasets; 437 sample entries	Rhabdomyosarcoma (ERMS + ARMS), plus myoblast/myotube/fetal skeletal muscle controls	30146332	Stewart et al. Cancer Cell 2018;34:411-426. THE source of the CSTN '>750 ChIP-seq libraries' claim. VERIFIED.
CSTN RMS ChIP-seq (batch 1)	EGAD00001004312	EGA	controlled (DUA; PCGP DAC)	ChIP-seq (19 antibodies; 8 histone marks + CTCF, BRD4, RNAPII)	158 samples / 158 BAMs (0.34 TB)	Rhabdomyosarcoma	30146332	NOT IN GEO. VERIFIED via EGA API.
CSTN RMS ChIP-seq (batch 2)	EGAD00001006398	EGA	controlled (DUA; PCGP DAC)	ChIP-seq (19 antibodies; 8 histone marks + CTCF, BRD4, RNAPII)	242 samples / 642 BAMs (1.43 TB)	Rhabdomyosarcoma	30146332	Released ~2020. Sample set is a SUPERSET of EGAD00001004312 samples but file sets are DISJOINT. NOT IN GEO. VERIFIED.
CSTN RMS WGBS	EGAD00001004315	EGA	controlled (DUA; PCGP DAC)	Whole-genome bisulfite sequencing (WGBS)	37 samples / 37 BAMs (3.01 TB)	Rhabdomyosarcoma (O-PDX + patient tumour + myoblast/myotube/fetal muscle)	30146332	The ONLY deposited copy of CSTN WGBS. NOT IN GEO. VERIFIED.
CSTN RMS methylation array	EGAD00010001596	EGA	controlled (DUA; PCGP DAC)	Illumina 450K/EPIC methylation array (idat)	32 samples / 65 files	Rhabdomyosarcoma patient tumours	30146332	Listed under study EGAS00001000256. Sample aliases SJRHB021_D ... VERIFIED.
PCGP RMS genomic landscape	EGAS00001000256	EGA	controlled (DUA; PCGP DAC)	WGS, WES, RNA-seq, DNA methylation array	6 datasets	Rhabdomyosarcoma (embryonal)	24332040	Chen X et al. Cancer Cell 2013 (Targeting oxidative stress in ERMS); cited by CSTN 2016 resource paper. VERIFIED.
PCGP CSTN phase-1 (Dev Biol 2016)	EGAD00001000135	EGA	controlled (DUA; PCGP DAC)	WGS/WES/RNA-seq	not resolved	Neuroblastoma	26068307	Listed in CSTN resource paper data-availability. VERIFIED (accession text).
PCGP CSTN phase-1 (Dev Biol 2016)	EGAD00001000159	EGA	controlled (DUA; PCGP DAC)	WGS/WES/RNA-seq	not resolved	Osteosarcoma	26068307	Listed in CSTN resource paper. VERIFIED (accession text).
PCGP CSTN phase-1 (Dev Biol 2016)	EGAD00001000160	EGA	controlled (DUA; PCGP DAC)	WGS/WES/RNA-seq	not resolved	Adrenocortical carcinoma	26068307	Listed in CSTN resource paper. VERIFIED (accession text).
PCGP CSTN phase-1 (Dev Biol 2016)	EGAD00001000164	EGA	controlled (DUA; PCGP DAC)	WGS	29 samples	Rhabdomyosarcoma	26068307	Listed in CSTN resource paper; also appears under EGAS00001000256. VERIFIED.
PCGP CSTN phase-1 (Dev Biol 2016)	EGAD00001000261	EGA	controlled (DUA; PCGP DAC)	WGS/WES/RNA-seq	not resolved	Retinoblastoma	26068307	Listed in CSTN resource paper. VERIFIED (accession text).
PCGP Ewing sarcoma	EGAS00001000839	EGA	controlled (DUA; PCGP DAC)	WGS	EGAD00001001020: 38 samples	Ewing sarcoma	26068307	VERIFIED via EGA API.
PCGP Ewing sarcoma	EGAS00001000855	EGA	controlled (DUA; PCGP DAC)	WGS	EGAD00001001051: 200 samples	Ewing sarcoma	26068307	VERIFIED via EGA API.
O-PDX neuroblastoma (Dev Biol 2015)	EGAS00001000256	EGA	controlled (DUA; PCGP DAC)	WGS	see above	Neuroblastoma	25863122	Stewart E et al. Dev Biol 2015;411:287-93. VERIFIED.
Metastatic osteosarcoma clonal evolution	EGAS00001000263	EGA	controlled (DUA; PCGP DAC)	WGS	not resolved	Osteosarcoma	30651371	Brady SW et al. Mol Cancer Res 2019. Also states WGS available through St. Jude Cloud. VERIFIED (accession text).
ATRX neuroblastoma WES/CNV	EGAS00001002507	EGA	controlled (DUA; PCGP DAC)	WES, CNV	not resolved	Neuroblastoma	31631027	Qadeer ZA et al. Cancer Cell 2019. VERIFIED (accession text).
St. Jude Cloud CSTN dataset	SJC-DS-1008 (CSTN)	St. Jude Cloud Genomics Platform	controlled (St. Jude Cloud Data Access Agreement; DAUs = PCGP + Clinical Genomics)	WGS, WES, RNA-Seq ONLY	143 samples	Paediatric solid tumours (paired tumour-normal)	28854174	KEY NEGATIVE: St. Jude Cloud's CSTN raw-data release contains NO ChIP-seq, NO WGBS, NO methylation array. Portal 'Access Raw Genomics Data' link points here. VERIFIED on docs.stjude.cloud data-sets-and-data-access-units.
CSTN epigenetic browsers (visualisation only)	https://cstn.stjude.cloud (R Shiny at cstn-r-prod.stjude.cloud)	St. Jude Cloud CSTN portal	open (click-through disclaimer; no login for browsing; NO raw download; republication prohibited)	ChIP-seq + WGBS chromHMM/track browsers	cohort-level; 6 browsers	Ewing sarcoma, Neuroblastoma, Osteosarcoma, Retinoblastoma, Rhabdomyosarcoma, Rare tumours	30146332	Only route to view the full >750-library ChIP-seq resource without a DUA. Shiny backend blocks direct scraping (403). VERIFIED.
CSTN COMET methylation (Blue Sky project)	no public accession found	St. Jude Cloud CSTN portal (internal)	portal visualisation only; no repository deposit identified	DNA methylation array (methylation classification)	>4700 samples claimed by portal; 66 of 375 CSTN portal models have an active methylationClassification panel	patient tumours, xenografts and cell lines across CSTN diseases		INFERENCE/NEGATIVE RESULT: exhaustive GEO (db=gds), Europe PMC and EGA searches found NO accession for a >4700-sample St. Jude solid-tumour COMET dataset. Not in GEO. Treat as portal-only until St. Jude publishes it.
RMS methylation classes	GSE167059	GEO	OPEN	Illumina methylation array (EPIC/450K)	158 samples	Rhabdomyosarcoma (ERMS, ARMS, SC/SRMS, PRMS)	34782706	Clay MR et al. Sci Rep 2021. VERIFIED.
Preclinical Pediatric MATCH	GSE289017	GEO	OPEN	Illumina methylation array	570 samples	Paediatric solid tumours (preclinical models)		Dyer/Stewart-affiliated; largest open St. Jude paediatric solid-tumour methylation set. Preprint PPR886388. VERIFIED via GEO esummary.
Single-cell/nucleus atlas of paediatric RMS	GSE174376	GEO	OPEN	scRNA-seq, snRNA-seq, ChIP-seq(H3K27ac)/ATAC-type tracks, other	64 samples	Rhabdomyosarcoma (12 ERMS, 6 ARMS + 18 matched O-PDX)	35483358	Patel AG et al. Dev Cell 2022. GEO gdstype includes 'Genome binding/occupancy profiling'. VERIFIED.
snRNA-seq atlas of paediatric solid tumours	GSE293805	GEO	OPEN	snRNA-seq / scRNA-seq	182 samples (patient tumours + O-PDX)	OS(57), EWS(13), WT(10), DSRCT(8), MRT(8), RB(8), HGS(7), ERMS(6), ARMS(6), ACT(5), MEL(5), SS(4), URCS(4), + 12 rarer	41648517	Norrie JL, Patel AG, Dyer MA. Public 2026-07-30. Best open proxy for the CSTN model roster. VERIFIED.
Retinoblastoma from stem-cell organoids	GSE174200	GEO	OPEN	RNA-seq	132 samples	Retinoblastoma	34315877	Norrie JL et al. Nat Commun 2021. VERIFIED.
Retinoblastoma from stem-cell organoids	GSE174201	GEO	OPEN	Methylation array (BeadChip)	150 samples	Retinoblastoma	34315877	VERIFIED.
Retinoblastoma from stem-cell organoids	GSE174202	GEO	OPEN	multi-assay superseries	282 samples	Retinoblastoma	34315877	VERIFIED.
ATRX fusion NB / EZH2	GSE100148	GEO	OPEN	ChIP-seq + RNA-seq	65 samples	Neuroblastoma	31631027	Qadeer ZA et al. Cancer Cell 2019. Paired WES/CNV are in EGA (EGAS00001002507). VERIFIED.
PAX translocations / mitochondrial metabolism in RMS	GSE253893	GEO	OPEN	ChIP-seq / CUT&RUN (genome binding)	28 samples	Rhabdomyosarcoma	40185100	Cell 2025. VERIFIED.
PAX translocations / mitochondrial metabolism in RMS	GSE253894	GEO	OPEN	Hi-C / pcHi-C ('Other')	12 samples	Rhabdomyosarcoma	40185100	VERIFIED.
PAX translocations / mitochondrial metabolism in RMS	GSE253895	GEO	OPEN	superseries: RNA-seq, CUT&RUN, HiC, pcHiC	58 samples	Rhabdomyosarcoma	40185100	VERIFIED.
PAX translocations / mitochondrial metabolism in RMS	GSE253892	GEO	OPEN	RNA-seq	18 samples	Rhabdomyosarcoma	40185100	VERIFIED.
BMP signalling in neuroblastoma	GSE253786	GEO	OPEN	ChIP-seq	54 samples	Neuroblastoma	40021625	Nat Commun 2025. VERIFIED.
BMP signalling in neuroblastoma	GSE253785	GEO	OPEN	RNA-seq	17 samples	Neuroblastoma	40021625	VERIFIED.
scRNA of neuroblastoma O-PDX	GSE228957	GEO	OPEN	scRNA-seq/snRNA-seq	17 samples	Neuroblastoma PDX	40021625	VERIFIED.
FP-RMS longitudinal biopsies	GSE240308	GEO	OPEN	RNA-seq	16 samples	Fusion-positive rhabdomyosarcoma O-PDX	39060228	Nat Commun 2024. VERIFIED.
RMS pre/mid-therapy matched RNA-seq	GSE240287	GEO	OPEN	RNA-seq	18 samples	Rhabdomyosarcoma	39060228	VERIFIED.
sc/sn RNA-seq toolbox (incl. CSTN O-PDX)	GSE140819	GEO	OPEN	scRNA-seq / snRNA-seq	40 samples	Multiple tumour types incl. paediatric solid tumours	32405060	Slyper M et al. Nat Med 2020. Raw reads controlled in dbGaP phs001983.v1.p1. VERIFIED.
sc/sn RNA-seq toolbox raw reads	phs001983.v1.p1	dbGaP	controlled	scRNA-seq / snRNA-seq raw	n/a	Multiple tumour types	32405060	Counts matrices open in GSE140819. VERIFIED.
ARMS patient RNA-seq/ChIP-seq (external, reused)	phs000720.v4.p1	dbGaP	controlled	RNA-seq, ChIP-seq	n/a	Alveolar rhabdomyosarcoma	40185100	Reused, not generated by CSTN. VERIFIED.
High-risk Wilms tumour models	EGAS00001003361	EGA	controlled	WES, RNA-seq	not resolved	Wilms tumour	39368485	Cell Rep Med 2024; cites CSTN. VERIFIED (accession text).
High-risk Wilms tumour models	GSE246479	GEO	OPEN	RNA-seq	not resolved	Wilms tumour (WiT49 lines)	39368485	VERIFIED (accession text).
CSTN O-PDX / cell model bank	cstn.stjude.cloud (375 model records)	St. Jude CSTN (physical bank)	MTA required; free to academics; limit 5 samples/request; approval by M. Dyer, A. Pappo + CSTN committee	living O-PDX cryovials, 2D-adapted lines, 3D spheroids, iPSC	375 O-PDX/cell-model records across 31 diagnosis labels (20 top-level disease categories)	31 diagnosis labels; top: RMS 66, Wilms 63, OS 62, RB 56, NB 32, EWS 27	28854174	Enumerated from the CSTN gateway API (cstn-gateway-prod.azurewebsites.net/p/samplesearch/search). 136/375 have an active cell-model panel. VERIFIED. Models collected under MAST protocol NCT01050296.
CSTN chemical sensitivity screen	cstn.stjude.cloud	St. Jude CSTN portal	open (portal browsing)	in vitro EC50 screen, 156 drugs	27/375 models have active per-sample chemical-sensitivity panel; disease-level panels for all	all CSTN diseases	28854174	VERIFIED via portal + API.
CSTN histology / EM / STR	cstn.stjude.cloud	St. Jude CSTN portal	open (portal browsing)	H&E + IHC, electron microscopy (5000x/19000x/29000x), STR DNA profile	histology 375/375; EM 226/375; STR via API	all CSTN diseases	28854174	VERIFIED via API (sampleDnaProfileInfo returns 16-locus STR).
CSTN ChIP-seq SOPs (15 protocols)	cstn.stjude.cloud/resources	St. Jude CSTN portal	open	protocol documents (H3K4me1/2/3, H3K36me3, H3K9-14ac, H3K27ac, H3K27me3, H3K9me3 with vendor-specific antibodies)	15 SOPs	n/a	30146332	Useful for white-paper methods harmonisation. VERIFIED.
