model_name	diagnosis	subtype	sample_type	assays_available	pmid	notes
SJACT030812_X1	Adrenal cortical carcinoma		O-PDX	WGS/WES(matched); RNA-seq(matched); histology/IHC; somatic-variants; expr-correlation; STR; snRNA/scRNA-seq[GSE293805]	28854174	mutations: ATRX, MYCN, RECQ4 | status: Diagnostic, Unknown | site: Adrenal mass | age: 24 | sex: Male
SJACT030812_X2	Adrenal cortical carcinoma		O-PDX	WGS/WES(matched); RNA-seq(matched); histology/IHC; EM; somatic-variants; expr-correlation; STR; snRNA/scRNA-seq[GSE293805]	28854174	mutations: ATRX, MYCN, RECQ4 | status: Diagnostic, Unknown | site: Distal pancreas | age: 24 | sex: Male
SJACT032255_X1	Adrenal cortical carcinoma		O-PDX	histology/IHC; STR	28854174	status: Recurrent, Primary | site: Adrenal | age: 120 | sex: Female
SJCCS030167_X1	Clear cell sarcoma		O-PDX	WGS/WES(matched); RNA-seq(matched); histology/IHC; EM; somatic-variants; expr-correlation; STR; snRNA/scRNA-seq[GSE293805]	28854174	mutations: MYCN | status: Diagnostic, Primary | site: Kidney | age: 5 | sex: Male
SJCCS030604_X1	Clear cell sarcoma		O-PDX	WGS/WES(matched); RNA-seq(matched); histology/IHC; EM; somatic-variants; expr-correlation; STR; snRNA/scRNA-seq[GSE293805]	28854174	mutations: ATF1, EWSR1, SMARCB1 | status: Recurrent, Primary | site: Thumb | age: 264 | sex: Female
SJCCS098175_X1	Clear cell sarcoma		O-PDX	histology/IHC; STR	28854174	status: Recurrent, Metastatic | site: Neck | age: 132 | sex: Female
SJCCS098175_X2	Clear cell sarcoma		O-PDX	histology/IHC; STR	28854174	status: Recurrent, Metastatic | site: Neck | age: 132 | sex: Female
SJDSRCT030490_X1	Desmoplastic small round cell tumor		O-PDX	WGS/WES(matched); RNA-seq(matched); histology/IHC; EM; somatic-variants; expr-correlation; STR	28854174	mutations: EWSR1, MYC, WT1 | status: Recurrent, Primary | site: Pelvis | age: 240 | sex: Female
SJDSRCT030722_X1	Desmoplastic small round cell tumor		O-PDX	WGS/WES(matched); RNA-seq(matched); histology/IHC; EM; somatic-variants; STR; snRNA/scRNA-seq[GSE293805]	28854174	mutations: CDKN2, FOXO3, MUC16, NOTCH3 | status: Diagnostic, Metastatic | site: Thigh | age: 240 | sex: Male
SJDSRCT046151_X1	Desmoplastic small round cell tumor		O-PDX	WGS/WES(matched); RNA-seq(matched); histology/IHC; EM; STR; snRNA/scRNA-seq[GSE293805]	28854174	mutations: EWSR1, WT1 | status: Diagnostic, Primary | site: Pelvis | age: 168 | sex: Male
SJDSRCT046155_X1	Desmoplastic small round cell tumor		O-PDX	WGS/WES(matched); RNA-seq(matched); histology/IHC; EM; somatic-variants; expr-correlation; STR	28854174	mutations: BCR, EWSR1, FGFR4, FOXO1, PIK3CA, SMARCB1, WT1 | status: Recurrent, Primary | site: Abdomen | age: 276 | sex: Male
SJDSRCT049192_X1	Desmoplastic small round cell tumor		O-PDX	WGS/WES(matched); RNA-seq(matched); histology/IHC; EM; somatic-variants; expr-correlation; STR; snRNA/scRNA-seq[GSE293805]	28854174	mutations: EWSR1, WT1 | status: Diagnostic, Primary | site: Abdominalpelvic | age: 132 | sex: Male
SJDSRCT049192_X3	Desmoplastic small round cell tumor		O-PDX	WGS/WES(matched); RNA-seq(matched); histology/IHC; EM; somatic-variants; expr-correlation; STR; snRNA/scRNA-seq[GSE293805]	28854174	mutations: EWSR1, WT1 | status: Recurrent, Metastatic | site: Liver | age: 144 | sex: Male
SJUESL030381_X1	Embroyonal sarcoma		O-PDX	WGS/WES(matched); RNA-seq(matched); histology/IHC; EM; somatic-variants; expr-correlation; STR	28854174	mutations: SMARCB1, TP53, ZNRF3 | status: Diagnostic, Primary | site: Liver | age: 120 | sex: Female
SJST032284_X1	Epitheliod Neoplasm		O-PDX	histology/IHC; STR	28854174	mutations: SMARCA4 | status: Diagnostic, Metastatic | site: Parotid | age: 19 | sex: Male
SJST032284_X2	Epitheliod Neoplasm		O-PDX	histology/IHC; STR	28854174	mutations: SMARCA4 | status: Recurrent, Metastatic | site: Parotid | age: 24 | sex: Male
SJSTS031700_X1	Epithelioid sarcoma		O-PDX	WGS/WES(matched); RNA-seq(matched); histology/IHC; EM; somatic-variants; expr-correlation; STR	28854174	mutations: MYCN, STAG2 | status: Diagnostic, Primary | site: Neck | age: 216 | sex: Female
SJSTS033807_X1	Epithelioid sarcoma		O-PDX	histology/IHC; STR	28854174	status: Diagnostic, Primary | site: Pelvis | age: 204 | sex: Male
SJSTS046147_X1	Epithelioid sarcoma		O-PDX	WGS/WES(matched); RNA-seq(matched); histology/IHC; EM; somatic-variants; expr-correlation; STR; snRNA/scRNA-seq[GSE293805]	28854174	mutations: ATRX, BCR, MYCN, NF1 | status: Diagnostic, Primary | site: Spine | age: 216 | sex: Male
SJEWS001321_X1	Ewing sarcoma		O-PDX	WGS/WES(matched); RNA-seq(matched); histology/IHC; EM; somatic-variants; clonal-evolution; chemical-sensitivity(156 drugs); expr-correlation; STR; snRNA/scRNA-seq[GSE293805]	28854174	mutations: EWSR1, FLI1 | status: Diagnostic, Primary | site: Tibia | age: 120 | sex: Male | in Nature2017 TableS1
SJEWS030393_X1	Ewing sarcoma		O-PDX	WGS/WES(matched); RNA-seq(matched); histology/IHC; EM; somatic-variants; expr-correlation; cell-model(2D/3D/line/iPSC); STR	28854174	cell models: 3D-spheroid,2D-adapted,cell-line | mutations: EWSR1, FLI1 | status: Recurrent, Metastatic | site: Lung | age: 204 | sex: Female
SJEWS030565_X1	Ewing sarcoma		O-PDX	WGS/WES(matched); RNA-seq(matched); histology/IHC; EM; somatic-variants; expr-correlation; STR	28854174	mutations: EWSR1, FLI1 | status: Recurrent, Metastatic | site: Lung | age: 168 | sex: Female
SJEWS031029_X1	Ewing sarcoma		O-PDX	histology/IHC; STR	28854174	status: Recurrent, Metastatic | site: Lung | age: 84 | sex: Female
SJEWS031703_X1	Ewing sarcoma		O-PDX	WGS/WES(matched); RNA-seq(matched); histology/IHC; EM; somatic-variants; expr-correlation; cell-model(2D/3D/line/iPSC); STR	28854174	cell models: 3D-spheroid,2D-adapted | mutations: EWSR1, FLI1 | status: Diagnostic, Primary | site: Pelvis | age: 180 | sex: Male
SJEWS031887_X1	Ewing sarcoma		O-PDX	histology/IHC; STR	28854174	status: Recurrent, Metastatic | site: Chest | age: 132 | sex: Male
SJEWS033429_X1	Ewing sarcoma		O-PDX	histology/IHC; STR	28854174	status: Diagnostic, Primary | site: Tibia | age: 228 | sex: Male
SJEWS034914_X1	Ewing sarcoma		O-PDX	histology/IHC; STR	28854174	status: Diagnostic, Metastatic | site: Lung | age: 84 | sex: Male
SJEWS049193_X1	Ewing sarcoma		O-PDX	WGS/WES(matched); RNA-seq(matched); histology/IHC; somatic-variants; expr-correlation; cell-model(2D/3D/line/iPSC); STR; snRNA/scRNA-seq[GSE293805]	28854174	cell models: 3D-spheroid,2D-adapted | mutations: EWSR1, FLI1, TP53 | status: Recurrent, Metastatic | site: Lung | age: 132 | sex: Male
SJEWS049193_X2	Ewing sarcoma		O-PDX	WGS/WES(matched); RNA-seq(matched); histology/IHC; EM; somatic-variants; expr-correlation; cell-model(2D/3D/line/iPSC); STR; snRNA/scRNA-seq[GSE293805]	28854174	cell models: 3D-spheroid,2D-adapted | mutations: EWSR1, FLI1, TP53 | status: Recurrent, Metastatic | site: Lung | age: 132 | sex: Male
SJEWS056156_X1	Ewing sarcoma		O-PDX	WGS/WES(matched); RNA-seq(matched); histology/IHC; somatic-variants; expr-correlation; cell-model(2D/3D/line/iPSC); STR	28854174	cell models: 3D-spheroid,2D-adapted,cell-line | mutations: EWSR1, FLI1, TP53 | status: Recurrent, Metastatic | site: Rib | age: 264 | sex: Male
SJEWS056156_X2	Ewing sarcoma		O-PDX	WGS/WES(matched); RNA-seq(matched); histology/IHC; EM; somatic-variants; expr-correlation; STR	28854174	mutations: EWSR1, FLI1, TP53 | status: Recurrent, Metastatic | site: Rib | age: 264 | sex: Male
SJEWS063826_X1	Ewing sarcoma		O-PDX	WGS/WES(matched); RNA-seq(matched); histology/IHC; EM; somatic-variants; expr-correlation; cell-model(2D/3D/line/iPSC); STR; snRNA/scRNA-seq[GSE293805]	28854174	cell models: 3D-spheroid,2D-adapted,cell-line | mutations: EWSR1, FLI1, TP53 | status: Recurrent, Metastatic | site: Axilla | age: 204 | sex: Male
SJEWS063829_X1	Ewing sarcoma		O-PDX	WGS/WES(matched); RNA-seq(matched); histology/IHC; EM; somatic-variants; expr-correlation; STR; snRNA/scRNA-seq[GSE293805]	28854174	mutations: EWSR1, FLI1 | status: Diagnostic, Primary | site: Femur | age: 96 | sex: Female
SJEWS063834_X1	Ewing sarcoma		O-PDX	WGS/WES(matched); RNA-seq(matched); histology/IHC; EM; somatic-variants; expr-correlation; cell-model(2D/3D/line/iPSC); STR	28854174	cell models: 3D-spheroid,2D-adapted | mutations: EWSR1, FLI1 | status: Recurrent, Metastatic | site: Chest wall | age: 168 | sex: Female
SJEWS063834_X2	Ewing sarcoma		O-PDX	WGS/WES(matched); RNA-seq(matched); histology/IHC; EM; somatic-variants; expr-correlation; STR; snRNA/scRNA-seq[GSE293805]	28854174	mutations: EWSR1, FLI1 | status: Recurrent, Metastatic | site: Lung | age: 168 | sex: Female
SJEWS071780_X1	Ewing sarcoma		O-PDX	WGS/WES(matched); histology/IHC; EM; somatic-variants; STR	28854174	mutations: EWSR1, FLI1, MYCN, PIK3CA | status: Diagnostic, Primary | site: Chest wall | age: 216 | sex: Female
SJEWS071783_X1	Ewing sarcoma		O-PDX	WGS/WES(matched); histology/IHC; EM; somatic-variants; expr-correlation; STR	28854174	mutations: EWSR1, FLI1, TP53 | status: Recurrent, Metastatic | site: Chest | age: 240 | sex: Male
SJEWS071783_X2	Ewing sarcoma		O-PDX	WGS/WES(matched); RNA-seq(matched); histology/IHC; EM; STR	28854174	mutations: EWSR1, FLI1, TP53 | status: Recurrent, Metastatic | site: Lung | age: 240 | sex: Male
SJEWS071783_X3	Ewing sarcoma		O-PDX	WGS/WES(matched); RNA-seq(matched); histology/IHC; EM; somatic-variants; expr-correlation; cell-model(2D/3D/line/iPSC); STR	28854174	cell models: 3D-spheroid,2D-adapted | mutations: EWSR1, FLI1, TP53 | status: Recurrent, Metastatic | site: Lung | age: 240 | sex: Male
SJEWS071783_X4	Ewing sarcoma		O-PDX	WGS/WES(matched); histology/IHC; EM; somatic-variants; expr-correlation; cell-model(2D/3D/line/iPSC); STR	28854174	cell models: 3D-spheroid,2D-adapted | mutations: EWSR1, FLI1, TP53 | status: Recurrent, Metastatic | site: Spleen | age: 240 | sex: Male
SJEWS071783_X5	Ewing sarcoma		O-PDX	RNA-seq(matched); histology/IHC; somatic-variants; expr-correlation; cell-model(2D/3D/line/iPSC); STR	28854174	cell models: 3D-spheroid,2D-adapted | mutations: EWSR1, FLI1, TP53 | status: Recurrent, Metastatic | site: Liver | age: 240 | sex: Male
SJEWS071785_X1	Ewing sarcoma		O-PDX	WGS/WES(matched); RNA-seq(matched); histology/IHC; somatic-variants; expr-correlation; cell-model(2D/3D/line/iPSC); STR	28854174	cell models: 3D-spheroid,2D-adapted | mutations: EWSR1, FLI1 | status: Recurrent, Metastatic | site: Spine | age: 144 | sex: Female
SJEWS071785_X2	Ewing sarcoma		O-PDX	WGS/WES(matched); RNA-seq(matched); histology/IHC; EM; somatic-variants; expr-correlation; cell-model(2D/3D/line/iPSC); STR	28854174	cell models: 3D-spheroid,2D-adapted | mutations: EWSR1, FLI1 | status: Recurrent, Metastatic | site: Periorbital | age: 144 | sex: Female
SJEWS075883_X1	Ewing sarcoma		O-PDX	histology/IHC; STR	28854174	status: Recurrent, Metastatic | site: Humerus | age: 300 | sex: Male
SJEWS075883_X2	Ewing sarcoma		O-PDX	histology/IHC; STR	28854174	status: Recurrent, Metastatic | site: Humerus | age: 300 | sex: Male
SJEWS095951_X2	Ewing sarcoma		O-PDX	histology/IHC; STR	28854174	status: Recurrent, Metastatic | site: Lung | age: 156 | sex: Female
SJHGS030456_X1	Fibromyxoid sarcoma		O-PDX	WGS/WES(matched); histology/IHC; EM; somatic-variants; expr-correlation; STR	28854174	mutations: TP53 | status: Recurrent, Metastatic | site: Lung | age: 216 | sex: Female
SJIFS030375_X1	Fibrosarcoma		O-PDX	WGS/WES(matched); RNA-seq(matched); histology/IHC; somatic-variants; expr-correlation; STR; snRNA/scRNA-seq[GSE293805]	28854174	mutations: no common mutation found | status: Recurrent, Primary | site: Thigh | age: 24 | sex: Male
SJIFS032952_X1	Fibrosarcoma		O-PDX	histology/IHC; STR	28854174	status: Recurrent, Primary | site: Buttock | age: 48 | sex: Male
SJIFS032952_X2	Fibrosarcoma		O-PDX	histology/IHC; STR	28854174	status: Recurrent, Primary | site: Buttock | age: 48 | sex: Male
SJGIST030657_X1	GIST		O-PDX	WGS/WES(matched); RNA-seq(matched); histology/IHC; EM; somatic-variants; expr-correlation; STR; snRNA/scRNA-seq[GSE293805]	28854174	mutations: ATRX, DICER1, TERT | status: Diagnostic, Primary | site: Stomach | age: 216 | sex: Male
SJGCT032196_X1	Germ cell tumor		O-PDX	WGS/WES(matched); RNA-seq(matched); histology/IHC; somatic-variants; STR	28854174	status: Diagnostic, Primary | site: Testicle | age: 180 | sex: Male
SJGCT032196_X2	Germ cell tumor		O-PDX	histology/IHC; STR	28854174	mutations: CRLF2 | status: Recurrent, Metastatic | site: Lung | age: 192 | sex: Male
SJGCT076005_X1	Germ cell tumor		O-PDX	histology/IHC; STR	28854174	status: Diagnostic, Primary | site: Testicle | age: 204 | sex: Male
SJGCT098176_X1	Germ cell tumor		O-PDX	histology/IHC; STR	28854174	status: Diagnostic, Metastatic | site: Liver | age: 192 | sex: Female
SJHB030622_X1	Hepatoblastoma		O-PDX	WGS/WES(matched); histology/IHC; EM; somatic-variants; STR	28854174	mutations: ATRX, CREBBP, CTNNB1, ERG | status: Diagnostic, Metastatic | site: Lung | age: 48 | sex: Female
SJHB030622_X2	Hepatoblastoma		O-PDX	histology/IHC; EM; STR	28854174	mutations: not available | status: Diagnostic, Metastatic | site: Lung | age: 48 | sex: Female
SJHB031109_X1	Hepatoblastoma		O-PDX	WGS/WES(matched); RNA-seq(matched); histology/IHC; EM; somatic-variants; STR	28854174	mutations: CTNNB1 | status: Diagnostic, Primary | site: Liver | age: 60 | sex: Female
SJHB032197_X1	Hepatoblastoma		O-PDX	histology/IHC; STR	28854174	status: Recurrent, Metastatic | site: Lung | age: 24 | sex: Female
SJHB032535_X1	Hepatoblastoma		O-PDX	histology/IHC; STR	28854174	status: Diagnostic, Primary | site: Liver | age: 23 | sex: Male
SJHGS012410_X1	High grade sarcoma		O-PDX	WGS/WES(matched); RNA-seq(matched); histology/IHC; EM; somatic-variants; clonal-evolution; expr-correlation; STR; snRNA/scRNA-seq[GSE293805]	28854174	mutations: CIC, CREBBP | status: Diagnostic, Metastatic | site: Lung | age: 252 | sex: Female | in Nature2017 TableS1
SJHGS012411_X1	High grade sarcoma		O-PDX	WGS/WES(matched); RNA-seq(matched); histology/IHC; EM; somatic-variants; clonal-evolution; expr-correlation; STR	28854174	mutations: CIC, MYCN, | status: Recurrent, Primary | site: Thigh | age: 228 | sex: Female | in Nature2017 TableS1
SJHGS015726_X1	High grade sarcoma		O-PDX	WGS/WES; RNA-seq; histology/IHC; EM; STR	28854174	from Nature 2017 Suppl Table S1 only; not returned by live CSTN portal API (retired/renamed?) | D/R=R treated=Y site=P
SJHGS015726_X2	High grade sarcoma		O-PDX	WGS/WES(matched); RNA-seq(matched); histology/IHC; EM; somatic-variants; clonal-evolution; expr-correlation; STR; snRNA/scRNA-seq[GSE293805]	28854174	mutations: ALK, CIC, NTRK1 | status: Recurrent, Metastatic | site: Lung | age: 144 | sex: Male | in Nature2017 TableS1
SJLPS014753_X1	Liposarcoma		O-PDX	WGS/WES(matched); RNA-seq(matched); histology/IHC; EM; somatic-variants; expr-correlation; STR	28854174	mutations: TP53 | status: Recurrent, Metastatic | site: Lung | age: 264 | sex: Female | in Nature2017 TableS1
SJMPNST058433_X1	MPNST		O-PDX	histology/IHC; STR	28854174	status: Diagnostic, Primary | site: Pelvis | age: 204 | sex: Male
SJST034788_X1	Malignant Neoplasm		O-PDX	histology/IHC; expr-correlation; STR	28854174	mutations: SMARCB1 | status: Recurrent, Metastatic | site: Lymph Node | age: 108 | sex: Male
SJMRT014754_X1	Malignant rhabdoid tumor		O-PDX	WGS/WES; RNA-seq; histology/IHC; EM; STR	28854174	from Nature 2017 Suppl Table S1 only; not returned by live CSTN portal API (retired/renamed?) | D/R=R treated=Y site=M
SJMEL030083_X1	Melanoma		O-PDX	WGS/WES(matched); RNA-seq(matched); histology/IHC; EM; somatic-variants; expr-correlation; STR; snRNA/scRNA-seq[GSE293805]	28854174	mutations: CDKN2A, MYC, TERT, MAP3K8 | status: Recurrent, Metastatic | site: Superior leg | age: 168 | sex: Male
SJMEL030083_X2	Melanoma		O-PDX	WGS/WES(matched); RNA-seq(matched); histology/IHC; EM; somatic-variants; expr-correlation; STR	28854174	mutations: CDKN2A, MYC, TERT, MAP3K8 | status: Recurrent, Metastatic | site: Inferior leg | age: 168 | sex: Male
SJMEL031086_X3	Melanoma		O-PDX	WGS/WES(matched); RNA-seq(matched); histology/IHC; somatic-variants; expr-correlation; STR	28854174	mutations: BCR, CDK4, MYC, TERT, MAP3K8 | status: Recurrent, Primary | site: Scalp | age: 156 | sex: Female
SJMEL031086_X4	Melanoma		O-PDX	WGS/WES(matched); RNA-seq(matched); histology/IHC; EM; somatic-variants; expr-correlation; STR	28854174	mutations: BCR, CDK4 | status: Recurrent, Primary | site: Scalp | age: 156 | sex: Female
SJMEL032780_X1	Melanoma		O-PDX	histology/IHC; STR	28854174	status: Recurrent, Metastatic | site: Parotid | age: 168 | sex: Female
SJMEL033630_X1	Melanoma		O-PDX	WGS/WES(matched); RNA-seq(matched); histology/IHC; somatic-variants; STR	28854174	mutations: ADCY2, AKAP13, BRAF, CNTN1, COL14A1, HDAC7, HERC2, RB1, TP53, UNC13C | status: Diagnostic, Metastatic | site: Axilla | age: 192 | sex: Male
SJMEL034672_X1	Melanoma		O-PDX	histology/IHC; STR	28854174	status: Recurrent, Metastatic | site: Lymph Node | age: 180 | sex: Female
SJMEL063827_X1	Melanoma		O-PDX	WGS/WES(matched); RNA-seq(matched); histology/IHC; EM; somatic-variants; expr-correlation; STR; snRNA/scRNA-seq[GSE293805]	28854174	mutations: NRAS | status: Diagnostic, Primary | site: Pontine meninges | age: 204 | sex: Female
SJNBL012407_X1	Neuroblastoma	MYCN-amplified	O-PDX	WGS/WES(matched); RNA-seq(matched); histology/IHC; EM; somatic-variants; chemical-sensitivity(156 drugs); expr-correlation; cell-model(2D/3D/line/iPSC); STR	28854174	cell models: 3D-spheroid,2D-adapted | mutations: NRAS, MYCN | status: Diagnostic, Primary | site: Adrenal mass | age: 10 | sex: Female | in Nature2017 TableS1
SJNBL013761_X1	Neuroblastoma		O-PDX	RNA-seq(matched); histology/IHC; EM; somatic-variants; STR	28854174	mutations: no common mutation found | status: Diagnostic, Primary | site: Adrenal mass | age: 36 | sex: Female | in Nature2017 TableS1
SJNBL013762_X1	Neuroblastoma	MYCN-amplified	O-PDX	WGS/WES(matched); RNA-seq(matched); histology/IHC; EM; somatic-variants; clonal-evolution; chemical-sensitivity(156 drugs); expr-correlation; cell-model(2D/3D/line/iPSC); STR	28854174	cell models: 3D-spheroid,2D-adapted,cell-line | mutations: ALK, FGFR1, MYCN | status: Diagnostic, Primary | site: Adrenal mass | age: 15 | sex: Male
SJNBL013763_X1	Neuroblastoma	MYCN-amplified	O-PDX	WGS/WES(matched); RNA-seq(matched); histology/IHC; EM; somatic-variants; clonal-evolution; expr-correlation; STR	28854174	mutations: MYCN | status: Diagnostic, Primary | site: Adrenal mass | age: 24 | sex: Female | in Nature2017 TableS1
SJNBL015724_X1	Neuroblastoma		O-PDX	WGS/WES; RNA-seq; histology/IHC; EM; STR	28854174	from Nature 2017 Suppl Table S1 only; not returned by live CSTN portal API (retired/renamed?) | D/R=D treated=Y site=P
SJNBL015725_X1	Neuroblastoma		O-PDX	WGS/WES; RNA-seq; histology/IHC; EM; STR	28854174	from Nature 2017 Suppl Table S1 only; not returned by live CSTN portal API (retired/renamed?) | D/R=D treated=N site=P
SJNBL030339_X1	Neuroblastoma		O-PDX	WGS/WES(matched); RNA-seq(matched); histology/IHC; EM; somatic-variants; expr-correlation; STR	28854174	mutations: MUC16 | status: Diagnostic, Unknown | site: Adrenal mass | age: 132 | sex: Male
SJNBL030513_X1	Neuroblastoma		O-PDX	WGS/WES(matched); RNA-seq(matched); histology/IHC; EM; somatic-variants; expr-correlation; cell-model(2D/3D/line/iPSC); STR	28854174	cell models: 3D-spheroid,iPSC | mutations: ALK | status: Diagnostic, Unknown | site: Pelvis | age: 24 | sex: Female
SJNBL030721_X1	Neuroblastoma		O-PDX	WGS/WES(matched); RNA-seq(matched); histology/IHC; EM; somatic-variants; expr-correlation; cell-model(2D/3D/line/iPSC); STR	28854174	cell models: 3D-spheroid | mutations: ALK | status: Diagnostic, Unknown | site: Peritoneal mass | age: 36 | sex: Male
SJNBL030721_X2	Neuroblastoma		O-PDX	WGS/WES(matched); RNA-seq(matched); histology/IHC; EM; somatic-variants; expr-correlation; cell-model(2D/3D/line/iPSC); STR	28854174	cell models: 3D-spheroid | mutations: ALK | status: Diagnostic, Primary | site: Retroperitoneum | age: 36 | sex: Male
SJNBL030721_X3	Neuroblastoma		O-PDX	WGS/WES(matched); RNA-seq(matched); histology/IHC; EM; somatic-variants; expr-correlation; cell-model(2D/3D/line/iPSC); STR	28854174	cell models: 3D-spheroid,2D-adapted | mutations: ALK | status: Diagnostic, Metastatic | site: Aortocaval | age: 36 | sex: Male
SJNBL030721_X4	Neuroblastoma		O-PDX	WGS/WES(matched); RNA-seq(matched); histology/IHC; EM; somatic-variants; expr-correlation; cell-model(2D/3D/line/iPSC); STR	28854174	cell models: 3D-spheroid,2D-adapted,cell-line | mutations: ALK | status: Recurrent, Metastatic | site: Rib | age: 48 | sex: Male
SJNBL030721_X5	Neuroblastoma		O-PDX	WGS/WES(matched); RNA-seq(matched); histology/IHC; EM; somatic-variants; cell-model(2D/3D/line/iPSC); STR	28854174	cell models: 3D-spheroid,2D-adapted | mutations: ALK | status: Recurrent, Metastatic | site: Paravetebral | age: 48 | sex: Male
SJNBL030721_X6	Neuroblastoma		O-PDX	WGS/WES(matched); RNA-seq(matched); histology/IHC; somatic-variants; expr-correlation; cell-model(2D/3D/line/iPSC); STR	28854174	cell models: 3D-spheroid,2D-adapted | mutations: ALK | status: Recurrent, Metastatic | site: Thoracic | age: 48 | sex: Male
SJNBL030721_X7	Neuroblastoma		O-PDX	WGS/WES(matched); RNA-seq(matched); histology/IHC; EM; somatic-variants; cell-model(2D/3D/line/iPSC); STR	28854174	cell models: 3D-spheroid,2D-adapted | mutations: ALK | status: Recurrent, Metastatic | site: Retroperitoneum | age: 48 | sex: Male
SJNBL030824_X1	Neuroblastoma	MYCN-amplified	O-PDX	WGS/WES(matched); RNA-seq(matched); histology/IHC; somatic-variants; expr-correlation; STR	28854174	mutations: ALK, MYCN | status: Recurrent, Metastatic | site: Pelvis | age: 72 | sex: Female
SJNBL030824_X2	Neuroblastoma	MYCN-amplified	O-PDX	WGS/WES(matched); RNA-seq(matched); histology/IHC; EM; somatic-variants; expr-correlation; cell-model(2D/3D/line/iPSC); STR	28854174	cell models: 3D-spheroid | mutations: ALK, MYCN, NRAS | status: Recurrent, Metastatic | site: Pelvis | age: 72 | sex: Female
SJNBL031232_X1	Neuroblastoma		O-PDX	WGS/WES(matched); RNA-seq(matched); histology/IHC; EM; somatic-variants; expr-correlation; cell-model(2D/3D/line/iPSC); STR	28854174	cell models: 3D-spheroid | mutations: MUC16, RB1 | status: Diagnostic, Primary | site: Adrenal | age: 24 | sex: Male
SJNBL031239_X1	Neuroblastoma	MYCN-amplified	O-PDX	WGS/WES(matched); RNA-seq(matched); histology/IHC; EM; somatic-variants; expr-correlation; cell-model(2D/3D/line/iPSC); STR	28854174	cell models: 3D-spheroid,2D-adapted,cell-line | mutations: ALK | status: Diagnostic, Primary | site: Retroperitoneum | age: 22 | sex: Female
SJNBL031239_X2	Neuroblastoma	MYCN-amplified	O-PDX	WGS/WES(matched); RNA-seq(matched); histology/IHC; somatic-variants; expr-correlation; cell-model(2D/3D/line/iPSC); STR	28854174	cell models: 3D-spheroid,2D-adapted | mutations: ALK | status: Diagnostic, Primary | site: Retroperitoneum | age: 22 | sex: Female
SJNBL031668_X1	Neuroblastoma	MYCN-amplified	O-PDX	WGS/WES(matched); RNA-seq(matched); histology/IHC; EM; somatic-variants; expr-correlation; cell-model(2D/3D/line/iPSC); STR	28854174	cell models: 3D-spheroid | mutations: ALK, NF1, NRAS | status: Diagnostic, Metastatic | site: Lung | age: 36 | sex: Female
SJNBL032831_X1	Neuroblastoma		O-PDX	WGS/WES(matched); RNA-seq(matched); histology/IHC; somatic-variants; STR	28854174	mutations: MYO3B, NEB, PPM1D, PRKAA2 | status: Diagnostic, Primary | site: Adrenal | age: 24 | sex: Male
SJNBL033705_X1	Neuroblastoma	MYCN-amplified	O-PDX	histology/IHC; expr-correlation; STR	28854174	mutations: MYCN | status: Diagnostic, Primary | site: Adrenal | age: 24 | sex: Male
SJNBL034873_X1	Neuroblastoma		O-PDX	WGS/WES(matched); RNA-seq(matched); histology/IHC; somatic-variants; STR	28854174	mutations: CFTR | status: Diagnostic, Primary | site: Adrenal | age: 36 | sex: Male
SJNBL046145_X1	Neuroblastoma		O-PDX	WGS/WES(matched); RNA-seq(matched); histology/IHC; EM; expr-correlation; STR	28854174	mutations: CTNNB1, CREBBP, DLG2, MUC16 | status: Diagnostic, Primary | site: Paraspinal mass resection | age: 24 | sex: Female
SJNBL046148_X1	Neuroblastoma	MYCN-amplified	O-PDX	WGS/WES(matched); RNA-seq(matched); histology/IHC; EM; somatic-variants; expr-correlation; cell-model(2D/3D/line/iPSC); STR	28854174	cell models: 3D-spheroid,2D-adapted,cell-line | mutations: MYCN | status: Diagnostic, Primary | site: Adrenal mass | age: 23 | sex: Male
SJNBL046_X	Neuroblastoma	MYCN-amplified	O-PDX	WGS/WES(matched); RNA-seq(matched); histology/IHC; EM; somatic-variants; clonal-evolution; chemical-sensitivity(156 drugs); expr-correlation; cell-model(2D/3D/line/iPSC); STR; ChIP-seq[EGAD00001003432]	28854174	cell models: 2D-adapted | mutations: MYCN, NF1 | status: Diagnostic, Primary | site: Adrenal mass | age: 24 | sex: Male | in Nature2017 TableS1
SJNBL047443_X1	Neuroblastoma		O-PDX	WGS/WES(matched); RNA-seq(matched); histology/IHC; EM; somatic-variants; expr-correlation; STR	28854174	mutations: ATRX | status: Recurrent, Metastatic | site: Spine | age: 144 | sex: Male
SJNBL063820_X1	Neuroblastoma		O-PDX	WGS/WES(matched); histology/IHC; EM; somatic-variants; cell-model(2D/3D/line/iPSC); STR	28854174	cell models: 3D-spheroid | mutations: no common mutation found | status: Diagnostic, Unknown | site: Adrenal mass | age: 36 | sex: Female
SJNBL063821_X1	Neuroblastoma		O-PDX	WGS/WES(matched); RNA-seq(matched); histology/IHC; EM; somatic-variants; expr-correlation; cell-model(2D/3D/line/iPSC); STR	28854174	cell models: 3D-spheroid | mutations: EP300, MUC16, ATRX | status: Diagnostic, Unknown | site: Chest mass | age: 36 | sex: Female
SJNBL071352_X1	Neuroblastoma	MYCN-amplified	O-PDX	histology/IHC; STR	28854174	mutations: MYCN | status: Diagnostic, Primary | site: Adrenal | age: 24 | sex: Male
SJNBL071352_X2	Neuroblastoma	MYCN-amplified	O-PDX	histology/IHC; STR	28854174	mutations: MYCN | status: Diagnostic, Metastatic | site: Lymph Node | age: 36 | sex: Male
SJNBL071354_X1	Neuroblastoma		O-PDX	WGS/WES(matched); RNA-seq(matched); histology/IHC; EM; somatic-variants; expr-correlation; STR	28854174	mutations: ALK | status: Diagnostic, Primary | site: Adrenal | age: 36 | sex: Male
SJNBL124_X	Neuroblastoma	MYCN-amplified	O-PDX	WGS/WES(matched); histology/IHC; EM; somatic-variants; STR	28854174	mutations: EP300, MUC16, NOTCH1 | status: Diagnostic, Primary | site: Adrenal | age: 24 | sex: Male | in Nature2017 TableS1
SJOS001105_X1	Osteosarcoma		O-PDX	WGS/WES(matched); RNA-seq(matched); histology/IHC; EM; somatic-variants; clonal-evolution; chemical-sensitivity(156 drugs); expr-correlation; cell-model(2D/3D/line/iPSC); STR; snRNA/scRNA-seq[GSE293805]	28854174	cell models: 3D-spheroid | mutations: DLG2, NF1, TP53 | status: Recurrent, Metastatic | site: Femur | age: 96 | sex: Female | in Nature2017 TableS1
SJOS001105_X2	Osteosarcoma		O-PDX	WGS/WES; RNA-seq; histology/IHC; EM; STR	28854174	from Nature 2017 Suppl Table S1 only; not returned by live CSTN portal API (retired/renamed?) | D/R=R treated=Y site=M
SJOS001105_X3	Osteosarcoma		O-PDX	WGS/WES; RNA-seq; histology/IHC; EM; STR	28854174	from Nature 2017 Suppl Table S1 only; not returned by live CSTN portal API (retired/renamed?) | D/R=D treated=N site=P
SJOS001107_X1	Osteosarcoma		O-PDX	WGS/WES(matched); RNA-seq(matched); histology/IHC; EM; somatic-variants; clonal-evolution; chemical-sensitivity(156 drugs); expr-correlation; STR	28854174	mutations: DLG2, TP53 | status: Unknown, Primary | site: Humerus | age: 156 | sex: Male | in Nature2017 TableS1
SJOS001107_X3	Osteosarcoma		O-PDX	WGS/WES(matched); RNA-seq(matched); histology/IHC; EM; somatic-variants; clonal-evolution; chemical-sensitivity(156 drugs); expr-correlation; STR; snRNA/scRNA-seq[GSE293805]	28854174	mutations: DLG2, TP53 | status: Recurrent, Metastatic | site: Lung | age: 168 | sex: Male | in Nature2017 TableS1
SJOS001108_X1	Osteosarcoma		O-PDX	WGS/WES(matched); RNA-seq(matched); histology/IHC; EM; somatic-variants; clonal-evolution; chemical-sensitivity(156 drugs); expr-correlation; STR; snRNA/scRNA-seq[GSE293805]	28854174	mutations: DLG2, NF1, RB1, TP53 | status: Unknown, Primary | site: Lung | age: 168 | sex: Female | in Nature2017 TableS1
SJOS001112_X1	Osteosarcoma		O-PDX	WGS/WES(matched); RNA-seq(matched); histology/IHC; EM; somatic-variants; clonal-evolution; chemical-sensitivity(156 drugs); expr-correlation; STR; ChIP-seq[EGAD00001003432]; snRNA/scRNA-seq[GSE293805]	28854174	mutations: ATRX, DLG2,  RB1, TP53 | status: Recurrent, Primary | site: Lung | age: 216 | sex: Male | in Nature2017 TableS1
SJOS001120_X1	Osteosarcoma		O-PDX	WGS/WES; RNA-seq; histology/IHC; EM; STR	28854174	from Nature 2017 Suppl Table S1 only; not returned by live CSTN portal API (retired/renamed?) | D/R=D treated=N site=P
SJOS001121_X	Osteosarcoma		O-PDX	WGS/WES; RNA-seq; histology/IHC; EM; STR	28854174	from Nature 2017 Suppl Table S1 only; not returned by live CSTN portal API (retired/renamed?) | D/R=R treated=N site=P
SJOS001121_X2	Osteosarcoma		O-PDX	histology/IHC; EM; somatic-variants; clonal-evolution; STR	28854174	mutations: TP53, RB1 | status: Recurrent, Metastatic | site: Leg | age: 156 | sex: Male
SJOS001126_X1	Osteosarcoma		O-PDX	WGS/WES; RNA-seq; histology/IHC; EM; STR	28854174	from Nature 2017 Suppl Table S1 only; not returned by live CSTN portal API (retired/renamed?) | D/R=N/A treated=N/A site=N/A
SJOS001127_X1	Osteosarcoma		O-PDX	histology/IHC; EM; expr-correlation; STR	28854174	mutations: MUC16, SMARCB1 | status: Recurrent, Metastatic | site: Lung | age: 156 | sex: Male
SJOS001132_X1	Osteosarcoma		O-PDX	WGS/WES; RNA-seq; histology/IHC; EM; STR	28854174	from Nature 2017 Suppl Table S1 only; not returned by live CSTN portal API (retired/renamed?) | D/R=R treated=N site=M
SJOS003939_X1	Osteosarcoma		O-PDX	WGS/WES(matched); RNA-seq(matched); histology/IHC; EM; somatic-variants; expr-correlation; cell-model(2D/3D/line/iPSC); STR; snRNA/scRNA-seq[GSE293805]	28854174	cell models: 3D-spheroid | mutations: DLG2, RB1 | status: Diagnostic, Primary | site: Humerus | age: 180 | sex: Male
SJOS003939_X2	Osteosarcoma		O-PDX	WGS/WES(matched); RNA-seq(matched); histology/IHC; EM; somatic-variants; expr-correlation; cell-model(2D/3D/line/iPSC); STR	28854174	cell models: 3D-spheroid,2D-adapted | mutations: DLG2, RB1 | status: Recurrent, Metastatic | site: Lung | age: 204 | sex: Male
SJOS010929_X1	Osteosarcoma		O-PDX	WGS/WES(matched); RNA-seq(matched); histology/IHC; EM; somatic-variants; clonal-evolution; chemical-sensitivity(156 drugs); expr-correlation; STR; snRNA/scRNA-seq[GSE293805]	28854174	mutations: ATRX, DLG2, RB1, TP53 | status: Diagnostic, Primary | site: Femur | age: 132 | sex: Male | in Nature2017 TableS1
SJOS010930_X1	Osteosarcoma		O-PDX	WGS/WES; RNA-seq; histology/IHC; EM; STR	28854174	from Nature 2017 Suppl Table S1 only; not returned by live CSTN portal API (retired/renamed?) | D/R=D treated=Y site=P
SJOS012409_X1	Osteosarcoma		O-PDX	WGS/WES(matched); RNA-seq(matched); histology/IHC; EM; somatic-variants; expr-correlation; STR; snRNA/scRNA-seq[GSE293805]	28854174	mutations: ATRX, CCND3, CDK4, DLG2, RB1, TP53 | status: Diagnostic, Primary | site: Femur | age: 108 | sex: Female | in Nature2017 TableS1
SJOS013768_X1	Osteosarcoma		O-PDX	WGS/WES; RNA-seq; histology/IHC; EM; STR	28854174	from Nature 2017 Suppl Table S1 only; not returned by live CSTN portal API (retired/renamed?) | D/R=D treated=Y site=P
SJOS013768_X3	Osteosarcoma		O-PDX	WGS/WES(matched); RNA-seq(matched); histology/IHC; EM; somatic-variants; expr-correlation; cell-model(2D/3D/line/iPSC); STR; snRNA/scRNA-seq[GSE293805]	28854174	cell models: 3D-spheroid | mutations: ATRX, DLG2 | status: Recurrent, Metastatic | site: Lung | age: 180 | sex: Female
SJOS013769_X1	Osteosarcoma		O-PDX	WGS/WES(matched); RNA-seq(matched); histology/IHC; EM; somatic-variants; chemical-sensitivity(156 drugs); expr-correlation; STR; snRNA/scRNA-seq[GSE293805]	28854174	mutations: DLG2, PTEN | status: Diagnostic, Primary | site: Tibia | age: 204 | sex: Male | in Nature2017 TableS1
SJOS016015_X1	Osteosarcoma		O-PDX	WGS/WES(matched); RNA-seq(matched); histology/IHC; EM; somatic-variants; clonal-evolution; expr-correlation; cell-model(2D/3D/line/iPSC); STR; snRNA/scRNA-seq[GSE293805]	28854174	cell models: 3D-spheroid | mutations: DLG2, RB1,TP53 | status: Diagnostic, Primary | site: Femur | age: 204 | sex: Male | in Nature2017 TableS1
SJOS030101_X1	Osteosarcoma		O-PDX	WGS/WES(matched); RNA-seq(matched); histology/IHC; EM; somatic-variants; expr-correlation; STR; snRNA/scRNA-seq[GSE293805]	28854174	mutations: ATRX, TP53 | status: Diagnostic, Primary | site: Femur | age: 252 | sex: Male
SJOS030272_X1	Osteosarcoma		O-PDX	WGS/WES(matched); RNA-seq(matched); histology/IHC; EM; somatic-variants; expr-correlation; STR; snRNA/scRNA-seq[GSE293805]	28854174	mutations: ATRX, TP53 | status: Recurrent, Primary | site: Femur | age: 144 | sex: Male
SJOS030279_X1	Osteosarcoma		O-PDX	WGS/WES(matched); RNA-seq(matched); histology/IHC; EM; somatic-variants; expr-correlation; STR; snRNA/scRNA-seq[GSE293805]	28854174	mutations: TP53 | status: Diagnostic, Primary | site: Femur | age: 108 | sex: Female
SJOS030422_X1	Osteosarcoma		O-PDX	WGS/WES(matched); RNA-seq(matched); histology/IHC; somatic-variants; expr-correlation; STR	28854174	mutations: ATRX, DLG2 | status: Recurrent, Metastatic | site: Lung | age: 228 | sex: Male
SJOS030441_X1	Osteosarcoma		O-PDX	WGS/WES(matched); RNA-seq(matched); histology/IHC; EM; somatic-variants; expr-correlation; STR; snRNA/scRNA-seq[GSE293805]	28854174	mutations: DLG2, TP53, PTEN | status: Recurrent, Metastatic | site: Lung | age: 228 | sex: Male
SJOS030566_X1	Osteosarcoma		O-PDX	WGS/WES(matched); RNA-seq(matched); histology/IHC; EM; somatic-variants; expr-correlation; cell-model(2D/3D/line/iPSC); STR	28854174	cell models: 3D-spheroid | mutations: DLG2, TP53 | status: Diagnostic, Primary | site: Femur | age: 84 | sex: Female
SJOS030589_X1	Osteosarcoma		O-PDX	WGS/WES(matched); RNA-seq(matched); histology/IHC; EM; somatic-variants; expr-correlation; cell-model(2D/3D/line/iPSC); STR	28854174	cell models: 3D-spheroid | mutations: DLG2, TP53 | status: Recurrent, Primary | site: Femur | age: 72 | sex: Female
SJOS030589_X2	Osteosarcoma		O-PDX	WGS/WES(matched); RNA-seq(matched); histology/IHC; EM; somatic-variants; expr-correlation; STR	28854174	mutations: DLG2, TP53 | status: Recurrent, Primary | site: Femur | age: 72 | sex: Female
SJOS030589_X3	Osteosarcoma		O-PDX	WGS/WES(matched); RNA-seq(matched); histology/IHC; somatic-variants; expr-correlation; STR	28854174	mutations: DLG2, TP53 | status: Recurrent, Metastatic | site: Lung | age: 72 | sex: Female
SJOS030589_X4	Osteosarcoma		O-PDX	WGS/WES(matched); RNA-seq(matched); histology/IHC; EM; somatic-variants; expr-correlation; STR	28854174	mutations: DLG2, TP53 | status: Recurrent, Primary | site: Femur | age: 72 | sex: Female
SJOS030589_X5	Osteosarcoma		O-PDX	RNA-seq(matched); histology/IHC; EM; somatic-variants; expr-correlation; STR	28854174	mutations: DLG2, TP53 | status: Recurrent, Metastatic | site: Lung | age: 72 | sex: Female
SJOS030597_X1	Osteosarcoma		O-PDX	WGS/WES(matched); RNA-seq(matched); histology/IHC; EM; somatic-variants; expr-correlation; cell-model(2D/3D/line/iPSC); STR	28854174	cell models: 3D-spheroid | mutations: TP53 | status: Recurrent, Primary | site: Femur | age: 216 | sex: Female
SJOS030605_X1	Osteosarcoma		O-PDX	WGS/WES(matched); RNA-seq(matched); histology/IHC; EM; somatic-variants; expr-correlation; STR	28854174	mutations: MUC16 | status: Recurrent, Metastatic | site: Chest wall | age: 120 | sex: Female
SJOS030605_X2	Osteosarcoma		O-PDX	WGS/WES(matched); RNA-seq(matched); histology/IHC; EM; somatic-variants; expr-correlation; cell-model(2D/3D/line/iPSC); STR; snRNA/scRNA-seq[GSE293805]	28854174	cell models: 3D-spheroid,2D-adapted,cell-line | mutations: ATRX, DLG2, TP53 | status: Recurrent, Primary | site: Femur | age: 120 | sex: Female
SJOS030645_X1	Osteosarcoma		O-PDX	WGS/WES(matched); RNA-seq(matched); histology/IHC; EM; somatic-variants; expr-correlation; cell-model(2D/3D/line/iPSC); STR	28854174	cell models: 3D-spheroid | mutations: TP53 | status: Diagnostic, Primary | site: Femur | age: 72 | sex: Male
SJOS030645_X2	Osteosarcoma		O-PDX	WGS/WES(matched); RNA-seq(matched); histology/IHC; EM; somatic-variants; expr-correlation; STR	28854174	mutations: TP53 | status: Recurrent, Metastatic | site: Lung | age: 96 | sex: Male
SJOS030645_X3	Osteosarcoma		O-PDX	RNA-seq(matched); histology/IHC; EM; somatic-variants; expr-correlation; STR	28854174	mutations: DLG2, TP53 | status: Recurrent, Metastatic | site: Lung | age: 120 | sex: Male
SJOS030648_X1	Osteosarcoma		O-PDX	WGS/WES(matched); RNA-seq(matched); histology/IHC; somatic-variants; expr-correlation; STR	28854174	mutations: MUC16, LPAR6, RB1 | status: Diagnostic, Primary | site: Tibia | age: 168 | sex: Male
SJOS030759_X1	Osteosarcoma		O-PDX	WGS/WES(matched); RNA-seq(matched); histology/IHC; somatic-variants; expr-correlation; STR	28854174	mutations: DLG2, TP53 | status: Diagnostic, Primary | site: Femur | age: 204 | sex: Male
SJOS030876_X1	Osteosarcoma		O-PDX	WGS/WES(matched); RNA-seq(matched); histology/IHC; EM; somatic-variants; expr-correlation; cell-model(2D/3D/line/iPSC); STR	28854174	cell models: 3D-spheroid,2D-adapted | mutations: DLG2, TP53 | status: Recurrent, Metastatic | site: Femur | age: 168 | sex: Female
SJOS030876_X2	Osteosarcoma		O-PDX	WGS/WES(matched); RNA-seq(matched); histology/IHC; somatic-variants; expr-correlation; cell-model(2D/3D/line/iPSC); STR	28854174	cell models: 3D-spheroid,2D-adapted | mutations: ATRX, TP53 | status: Recurrent, Metastatic | site: Lung | age: 180 | sex: Female
SJOS031125_X1	Osteosarcoma		O-PDX	WGS/WES(matched); RNA-seq(matched); histology/IHC; somatic-variants; expr-correlation; STR	28854174	mutations: CCND3, CDK4, TP53 | status: Diagnostic, Primary | site: Tibia | age: 156 | sex: Female
SJOS031130_X1	Osteosarcoma		O-PDX	WGS/WES(matched); RNA-seq(matched); histology/IHC; EM; somatic-variants; expr-correlation; STR	28854174	mutations: DLG2 | status: Diagnostic, Primary | site: Femur | age: 72 | sex: Male
SJOS031478_X5	Osteosarcoma		O-PDX	histology/IHC; STR	28854174	status: Recurrent, Metastatic | site: Arm | age: 216 | sex: Male
SJOS031782_X1	Osteosarcoma		O-PDX	WGS/WES(matched); RNA-seq(matched); histology/IHC; EM; somatic-variants; expr-correlation; cell-model(2D/3D/line/iPSC); STR	28854174	cell models: 3D-spheroid | mutations: MYC | status: Diagnostic, Primary | site: Femur | age: 168 | sex: Male
SJOS032521_X1	Osteosarcoma		O-PDX	histology/IHC; STR	28854174	status: Diagnostic, Primary | site: Femur | age: 36 | sex: Female
SJOS033652_X1	Osteosarcoma		O-PDX	histology/IHC; STR	28854174	status: Recurrent, Metastatic | site: Lung | age: 204 | sex: Male
SJOS034009_X1	Osteosarcoma		O-PDX	histology/IHC; STR	28854174	status: Diagnostic, Primary | site: Lung | age: 180 | sex: Female
SJOS034009_X2	Osteosarcoma		O-PDX	histology/IHC; STR	28854174	status: Recurrent, Metastatic | site: Lung | age: 192 | sex: Female
SJOS034155_X1	Osteosarcoma		O-PDX	WGS/WES(matched); RNA-seq(matched); histology/IHC; somatic-variants; expr-correlation; STR	28854174	mutations: BCL11A, BCL11B | status: Diagnostic, Primary | site: Femur | age: 192 | sex: Female
SJOS034285_X2	Osteosarcoma		O-PDX	histology/IHC; STR	28854174	status: Recurrent, Primary | site: Tibia | age: 156 | sex: Female
SJOS034352_X1	Osteosarcoma		O-PDX	histology/IHC; STR	28854174	status: Recurrent, Metastatic | site: Lung | age: 192 | sex: Male
SJOS034595_X1	Osteosarcoma		O-PDX	histology/IHC; STR	28854174	status: Diagnostic, Primary | site: Tibia | age: 48 | sex: Male
SJOS046149_X1	Osteosarcoma		O-PDX	WGS/WES(matched); RNA-seq(matched); histology/IHC; EM; somatic-variants; expr-correlation; STR; snRNA/scRNA-seq[GSE293805]	28854174	mutations: ATRX, RB1 | status: Recurrent, Metastatic | site: Back | age: 144 | sex: Female
SJOS046149_X2	Osteosarcoma		O-PDX	WGS/WES(matched); RNA-seq(matched); histology/IHC; EM; somatic-variants; expr-correlation; STR	28854174	mutations: RB1 | status: Recurrent, Metastatic | site: Lung | age: 156 | sex: Female
SJOS063819_X1	Osteosarcoma		O-PDX	WGS/WES(matched); RNA-seq(matched); histology/IHC; EM; somatic-variants; expr-correlation; cell-model(2D/3D/line/iPSC); STR; snRNA/scRNA-seq[GSE293805]	28854174	cell models: 3D-spheroid | mutations: NRAS | status: Diagnostic, Primary | site: Femur | age: 108 | sex: Female
SJOS063822_X1	Osteosarcoma		O-PDX	WGS/WES(matched); histology/IHC; EM; somatic-variants; STR	28854174	mutations: BCR, FOXO3, MUC16 | status: Recurrent, Metastatic | site: Lung | age: 168 | sex: Male
SJOS063833_X1	Osteosarcoma		O-PDX	WGS/WES(matched); histology/IHC; EM; somatic-variants; cell-model(2D/3D/line/iPSC); STR; snRNA/scRNA-seq[GSE293805]	28854174	cell models: 3D-spheroid | mutations: ALK, BCR, BRAF, CIC, CREBBP, DROSHA, DLG2, FOXO3, MUC16, MYC, NFIB, NO | status: Diagnostic, Metastatic | site: Lung | age: 168 | sex: Male
SJOS063833_X2	Osteosarcoma		O-PDX	WGS/WES(matched); histology/IHC; EM; somatic-variants; cell-model(2D/3D/line/iPSC); STR; snRNA/scRNA-seq[GSE293805]	28854174	cell models: 3D-spheroid | mutations: ALK, BCR, BRAF, FOXO3, MUC16, MYC, NFIB, NOTCH1, NOTCH3, NTRK1, TERT,  | status: Diagnostic, Primary | site: Femur | age: 168 | sex: Male
SJOS071776_X1	Osteosarcoma		O-PDX	WGS/WES(matched); RNA-seq(matched); histology/IHC; EM; somatic-variants; expr-correlation; cell-model(2D/3D/line/iPSC); STR	28854174	cell models: 3D-spheroid | mutations: CDKN2A, DROSHA, ERG, FOXO3, MUC16, NOTCH1, PBX1 | status: Recurrent, Metastatic | site: Lung | age: 156 | sex: Male
SJOS071776_X2	Osteosarcoma		O-PDX	WGS/WES(matched); RNA-seq(matched); histology/IHC; EM; somatic-variants; expr-correlation; STR	28854174	mutations: CDKN2A, DROSHA, ERG, FOXO3, MUC16, NOTCH1 | status: Recurrent, Metastatic | site: Lung | age: 156 | sex: Male
SJOS071776_X3	Osteosarcoma		O-PDX	WGS/WES(matched); RNA-seq(matched); histology/IHC; EM; somatic-variants; expr-correlation; cell-model(2D/3D/line/iPSC); STR	28854174	cell models: 3D-spheroid | mutations: CDKN2A, DROSHA, ERG, FOXO3, MUC16, NOTCH1 | status: Recurrent, Metastatic | site: Lung | age: 156 | sex: Male
SJOS071781_X1	Osteosarcoma		O-PDX	WGS/WES(matched); RNA-seq(matched); histology/IHC; EM; somatic-variants; expr-correlation; cell-model(2D/3D/line/iPSC); STR	28854174	cell models: 3D-spheroid | mutations: ATRX, DLG2, TP53 | status: Diagnostic, Primary | site: Femur | age: 144 | sex: Female
SJOS071782_X1	Osteosarcoma		O-PDX	WGS/WES(matched); RNA-seq(matched); histology/IHC; EM; somatic-variants; expr-correlation; cell-model(2D/3D/line/iPSC); STR	28854174	cell models: 3D-spheroid | mutations: DLG2, TP53 | status: Diagnostic, Primary | site: Humerus | age: 168 | sex: Female
SJOS079430_X1	Osteosarcoma		O-PDX	histology/IHC; STR	28854174	status: Diagnostic, Primary | site: Humerus | age: 252 | sex: Male
SJOS097689_X1	Osteosarcoma		O-PDX	histology/IHC; STR	28854174	status: Recurrent, Metastatic | site: Lung | age: 192 | sex: Male
SJOS097690_X1	Osteosarcoma		O-PDX	histology/IHC; STR	28854174	status: Diagnostic, Primary | site: Femur | age: 180 | sex: Female
SJOS097691_X1	Osteosarcoma		O-PDX	histology/IHC; STR	28854174	status: Diagnostic, Primary | site: Tibia | age: 132 | sex: Female
SJOS16016_X1	Osteosarcoma		O-PDX	WGS/WES; RNA-seq; histology/IHC; EM; STR	28854174	from Nature 2017 Suppl Table S1 only; not returned by live CSTN portal API (retired/renamed?) | D/R=R treated=Y site=P
SJST030732_X1	Parathyroid carcinoma		O-PDX	WGS/WES(matched); RNA-seq(matched); histology/IHC; somatic-variants; expr-correlation; STR	28854174	mutations: ALK, CIC, CREBBP, RB1 | status: Recurrent, Primary | site: Neck | age: 132 | sex: Female
SJRCC033569_X1	Renal cell carcinoma		O-PDX	histology/IHC; STR	28854174	status: Diagnostic, Primary | site: Kidney | age: 192 | sex: Female
SJST079416_X1	Renal medullary carcinoma		O-PDX	histology/IHC; STR	28854174	status: Diagnostic, Primary | site: Kidney | age: 228 | sex: Male
SJRB012408_X1	Retinoblastoma		O-PDX	WGS/WES(matched); RNA-seq(matched); histology/IHC; EM; somatic-variants; expr-correlation; cell-model(2D/3D/line/iPSC); STR	28854174	cell models: 3D-spheroid | mutations: MYCN | status: Recurrent, Primary | site: Orbit | age: 16 | sex: Female
SJRB012408_X2	Retinoblastoma		O-PDX	WGS/WES(matched); histology/IHC; EM; somatic-variants; clonal-evolution; expr-correlation; cell-model(2D/3D/line/iPSC); STR	28854174	cell models: 3D-spheroid | mutations: MYCN | status: Recurrent, Metastatic | site: Orbit | age: 16 | sex: Female | in Nature2017 TableS1
SJRB013765_X2	Retinoblastoma		O-PDX	WGS/WES(matched); histology/IHC; EM; somatic-variants; STR	28854174	mutations: MYCN, RB1 | status: Diagnostic, Primary | site: Eye | age: 24 | sex: Female
SJRB030135_X1	Retinoblastoma		O-PDX	WGS/WES(matched); RNA-seq(matched); histology/IHC; EM; somatic-variants; expr-correlation; STR	28854174	mutations: MYCN, RB1 | status: Recurrent, Primary | site: Eye | age: 22 | sex: Male
SJRB030149_X1	Retinoblastoma		O-PDX	WGS/WES(matched); histology/IHC; somatic-variants; STR	28854174	mutations: no common mutation found | status: Diagnostic, Primary | site: Eye | age: 14 | sex: Male
SJRB030188_X1	Retinoblastoma		O-PDX	WGS/WES(matched); RNA-seq(matched); histology/IHC; EM; somatic-variants; expr-correlation; STR	28854174	mutations: MYCN, RB1 | status: Diagnostic, Primary | site: Eye | age: 24 | sex: Male
SJRB030197_X1	Retinoblastoma		O-PDX	WGS/WES(matched); RNA-seq(matched); histology/IHC; EM; somatic-variants; expr-correlation; cell-model(2D/3D/line/iPSC); STR	28854174	cell models: 3D-spheroid | mutations: ALK, PDE4DIP | status: Diagnostic, Primary | site: Eye | age: 23 | sex: Male
SJRB030199_X1	Retinoblastoma		O-PDX	WGS/WES(matched); RNA-seq(matched); histology/IHC; EM; somatic-variants; expr-correlation; STR	28854174	mutations: ALK, BCR, MYCN | status: Diagnostic, Primary | site: Eye | age: 18 | sex: Male
SJRB030240_X2	Retinoblastoma		O-PDX	WGS/WES(matched); RNA-seq(matched); histology/IHC; EM; somatic-variants; expr-correlation; STR	28854174	mutations: MYCN, PDE4DIP | status: Diagnostic, Primary | site: Eye | age: 8 | sex: Female
SJRB030241_X1	Retinoblastoma		O-PDX	WGS/WES(matched); histology/IHC; EM; somatic-variants; STR	28854174	mutations: MYCN, PDE4DIP, RB1 | status: Diagnostic, Primary | site: Eye | age: 60 | sex: Female
SJRB030252_X1	Retinoblastoma		O-PDX	WGS/WES(matched); RNA-seq(matched); histology/IHC; EM; somatic-variants; expr-correlation; STR	28854174	mutations: MYCN, RB1 | status: Diagnostic, Primary | site: Eye | age: 8 | sex: Female
SJRB030260_X1	Retinoblastoma		O-PDX	WGS/WES(matched); histology/IHC; EM; cell-model(2D/3D/line/iPSC); STR	28854174	cell models: 3D-spheroid | mutations: PDE4DIP, RB1 | status: Diagnostic, Primary | site: Eye | age: 36 | sex: Female
SJRB030281_X1	Retinoblastoma		O-PDX	histology/IHC; EM; cell-model(2D/3D/line/iPSC); STR; snRNA/scRNA-seq[GSE293805]	28854174	cell models: 2D-adapted | mutations: MYCN, PDE4DIP, RB1 | status: Diagnostic, Primary | site: Eye | age: 36 | sex: Female
SJRB030289_X1	Retinoblastoma		O-PDX	WGS/WES(matched); RNA-seq(matched); histology/IHC; EM; somatic-variants; expr-correlation; cell-model(2D/3D/line/iPSC); STR	28854174	cell models: 3D-spheroid | mutations: no common mutation found | status: Diagnostic, Primary | site: Eye | age: 17 | sex: Female
SJRB030304_X1	Retinoblastoma		O-PDX	WGS/WES(matched); RNA-seq(matched); histology/IHC; EM; somatic-variants; expr-correlation; cell-model(2D/3D/line/iPSC); STR	28854174	cell models: 3D-spheroid | mutations: PDE4DIP, RB1 | status: Diagnostic, Primary | site: Eye | age: 5 | sex: Male
SJRB030317_X1	Retinoblastoma		O-PDX	WGS/WES(matched); RNA-seq(matched); histology/IHC; EM; somatic-variants; expr-correlation; cell-model(2D/3D/line/iPSC); STR	28854174	cell models: 3D-spheroid | mutations: MYCN, PDE4DIP, RB1 | status: Diagnostic, Primary | site: Eye | age: 20 | sex: Male
SJRB030402_X1	Retinoblastoma		O-PDX	WGS/WES(matched); RNA-seq(matched); histology/IHC; EM; somatic-variants; expr-correlation; cell-model(2D/3D/line/iPSC); STR	28854174	cell models: 3D-spheroid | mutations: MYCN, PDE4DIP | status: Diagnostic, Primary | site: Eye | age: 20 | sex: Male
SJRB030403_X1	Retinoblastoma		O-PDX	WGS/WES(matched); RNA-seq(matched); histology/IHC; EM; somatic-variants; expr-correlation; cell-model(2D/3D/line/iPSC); STR	28854174	cell models: 3D-spheroid | mutations: MYCN, PDE4DIP, RB1 | status: Diagnostic, Primary | site: Eye | age: 24 | sex: Male
SJRB030485_X1	Retinoblastoma		O-PDX	WGS/WES(matched); RNA-seq(matched); histology/IHC; EM; somatic-variants; expr-correlation; cell-model(2D/3D/line/iPSC); STR	28854174	cell models: 3D-spheroid | mutations: MYCN, PDE4DIP | status: Diagnostic, Primary | site: Eye | age: 16 | sex: Male
SJRB030518_X1	Retinoblastoma		O-PDX	WGS/WES(matched); RNA-seq(matched); histology/IHC; EM; expr-correlation; STR	28854174	mutations: MYCN, PDE4DIP, RB1 | status: Recurrent, Primary | site: Eye | age: 36 | sex: Male
SJRB046150_X1	Retinoblastoma		O-PDX	WGS/WES(matched); RNA-seq(matched); histology/IHC; EM; somatic-variants; STR	28854174	mutations: SS18, SMARCA4 | status: Diagnostic, Primary | site: Eye | age: 19 | sex: Female
SJRB046154_X1	Retinoblastoma		O-PDX	WGS/WES(matched); RNA-seq(matched); histology/IHC; EM; somatic-variants; expr-correlation; STR	28854174	mutations: NF1, MYCN | status: Recurrent, Metastatic | site: Orbit | age: 144 | sex: Male
SJRB046160_X1	Retinoblastoma		O-PDX	WGS/WES(matched); RNA-seq(matched); histology/IHC; EM; somatic-variants; expr-correlation; cell-model(2D/3D/line/iPSC); STR	28854174	cell models: 3D-spheroid | mutations: MYCN | status: Recurrent, Primary | site: Eye | age: 24 | sex: Male
SJRB046161_X1	Retinoblastoma		O-PDX	WGS/WES(matched); RNA-seq(matched); histology/IHC; EM; somatic-variants; expr-correlation; cell-model(2D/3D/line/iPSC); STR	28854174	cell models: 3D-spheroid | mutations: MYCN | status: Diagnostic, Primary | site: Eye | age: 22 | sex: Male
SJRB046162_X1	Retinoblastoma		O-PDX	histology/IHC; EM; somatic-variants; cell-model(2D/3D/line/iPSC); STR	28854174	cell models: 3D-spheroid | mutations: NF1, MYCN, RB1 | status: Diagnostic, Primary | site: Eye | age: 24 | sex: Female
SJRB046163_X1	Retinoblastoma		O-PDX	WGS/WES(matched); histology/IHC; somatic-variants; STR	28854174	mutations: ALK, ATRX, ERG, CIC, CREBBP, FLI1, KRAS, NF1, NF1B, MYCN, SMARCA4, STA | status: Diagnostic, Primary | site: Eye | age: 24 | sex: Female
SJRB049185_X1	Retinoblastoma		O-PDX	histology/IHC; EM; STR	28854174	mutations: not available | status: Diagnostic, Primary | site: Eye | age: 36 | sex: Male
SJRB049186_X1	Retinoblastoma		O-PDX	WGS/WES(matched); histology/IHC; EM; somatic-variants; cell-model(2D/3D/line/iPSC); STR	28854174	cell models: 3D-spheroid | mutations: CREBBP, CTNNB1, RB1, TP53 | status: Diagnostic, Primary | site: Eye | age: 24 | sex: Male
SJRB049187_X1	Retinoblastoma		O-PDX	WGS/WES(matched); RNA-seq(matched); histology/IHC; EM; somatic-variants; expr-correlation; STR	28854174	mutations: MYCN, RB1 | status: Diagnostic, Primary | site: Eye | age: 22 | sex: Female
SJRB063836_X1	Retinoblastoma		O-PDX	WGS/WES(matched); RNA-seq(matched); histology/IHC; EM; somatic-variants; expr-correlation; STR	28854174	mutations: MYCN, NTRK1, RB1, TP53 | status: Diagnostic, Primary | site: Eye | age: 22 | sex: Male
SJRB063837_X1	Retinoblastoma		O-PDX	WGS/WES(matched); RNA-seq(matched); histology/IHC; EM; somatic-variants; expr-correlation; STR	28854174	mutations: MYCN, RB1 | status: Diagnostic, Primary | site: Eye | age: 4 | sex: Male
SJRB063838_X1	Retinoblastoma		O-PDX	WGS/WES(matched); RNA-seq(matched); histology/IHC; EM; somatic-variants; expr-correlation; STR	28854174	mutations: RB1 | status: Diagnostic, Primary | site: Eye | age: 18 | sex: Female
SJRB063839_X1	Retinoblastoma		O-PDX	WGS/WES(matched); RNA-seq(matched); histology/IHC; EM; somatic-variants; expr-correlation; STR	28854174	mutations: MYCN, RB1 | status: Diagnostic, Primary | site: Eye | age: 22 | sex: Male
SJRB063840_X1	Retinoblastoma		O-PDX	WGS/WES(matched); RNA-seq(matched); histology/IHC; EM; somatic-variants; expr-correlation; cell-model(2D/3D/line/iPSC); STR	28854174	cell models: 3D-spheroid,2D-adapted | mutations: MYCN, RB1 | status: Diagnostic, Primary | site: Eye | age: 48 | sex: Female
SJRB063841_X1	Retinoblastoma		O-PDX	WGS/WES(matched); RNA-seq(matched); histology/IHC; EM; somatic-variants; expr-correlation; STR	28854174	mutations: NF1 | status: Diagnostic, Primary | site: Eye | age: 18 | sex: Male
SJRB063842_X1	Retinoblastoma		O-PDX	WGS/WES(matched); RNA-seq(matched); histology/IHC; EM; somatic-variants; expr-correlation; STR	28854174	mutations: MYCN, RB1 | status: Diagnostic, Primary | site: Eye | age: 24 | sex: Female
SJRB071788_X1	Retinoblastoma		O-PDX	histology/IHC; somatic-variants; cell-model(2D/3D/line/iPSC); STR	28854174	cell models: 3D-spheroid | mutations: RB1 | status: Recurrent, Primary | site: Eye | age: 48 | sex: Male
SJRB071789_X1	Retinoblastoma		O-PDX	WGS/WES(matched); RNA-seq(matched); histology/IHC; somatic-variants; expr-correlation; STR	28854174	mutations: RB1 | status: Diagnostic, Primary | site: Eye | age: 1 | sex: Male
SJRB071790_X1	Retinoblastoma		O-PDX	WGS/WES(matched); histology/IHC; EM; STR	28854174	mutations: DLG2, MUC16, ERG | status: Diagnostic, Primary | site: Eye | age: 17 | sex: Male
SJRB071792_X1	Retinoblastoma		O-PDX	WGS/WES(matched); RNA-seq(matched); histology/IHC; EM; somatic-variants; expr-correlation; STR	28854174	mutations: MYCN, RB1 | status: Diagnostic, Primary | site: Eye | age: 24 | sex: Female
SJRB071793_X1	Retinoblastoma		O-PDX	WGS/WES(matched); histology/IHC; EM; somatic-variants; expr-correlation; cell-model(2D/3D/line/iPSC); STR	28854174	cell models: 3D-spheroid | mutations: MUC16 | status: Diagnostic, Primary | site: Eye | age: 21 | sex: Male
SJRB071794_X1	Retinoblastoma		O-PDX	WGS/WES(matched); RNA-seq(matched); histology/IHC; somatic-variants; expr-correlation; cell-model(2D/3D/line/iPSC); STR	28854174	cell models: 3D-spheroid | mutations: CTNNB1, DICER1, MYCN, RB1 | status: Diagnostic, Primary | site: Eye | age: 4 | sex: Male
SJRB071795_X1	Retinoblastoma		O-PDX	WGS/WES(matched); RNA-seq(matched); histology/IHC; EM; somatic-variants; expr-correlation; cell-model(2D/3D/line/iPSC); STR	28854174	cell models: 3D-spheroid | mutations: MYCN, RB1 | status: Diagnostic, Primary | site: Eye | age: 24 | sex: Female
SJRB071796_X1	Retinoblastoma		O-PDX	WGS/WES(matched); RNA-seq(matched); histology/IHC; EM; somatic-variants; expr-correlation; cell-model(2D/3D/line/iPSC); STR	28854174	cell models: 3D-spheroid | mutations: MYCN, NF1 | status: Diagnostic, Primary | site: Eye | age: 24 | sex: Male
SJRB071797_X1	Retinoblastoma		O-PDX	WGS/WES(matched); RNA-seq(matched); histology/IHC; EM; somatic-variants; expr-correlation; STR	28854174	mutations: DICER1, RB1 | status: Diagnostic, Primary | site: Eye | age: 20 | sex: Female
SJRB071798_X1	Retinoblastoma		O-PDX	WGS/WES(matched); RNA-seq(matched); histology/IHC; EM; somatic-variants; expr-correlation; STR	28854174	mutations: RB1 | status: Diagnostic, Primary | site: Eye | age: 3 | sex: Male
SJRB071799_X1	Retinoblastoma		O-PDX	WGS/WES(matched); histology/IHC; EM; somatic-variants; STR	28854174	mutations: ALK, FLI1, RB1 | status: Diagnostic, Primary | site: Eye | age: 24 | sex: Male
SJRB071800_X1	Retinoblastoma		O-PDX	WGS/WES(matched); RNA-seq(matched); histology/IHC; somatic-variants; expr-correlation; cell-model(2D/3D/line/iPSC); STR	28854174	cell models: 3D-spheroid | mutations: CREBBP, NTRK1 | status: Diagnostic, Primary | site: Eye | age: 13 | sex: Male
SJRB071801_X1	Retinoblastoma		O-PDX	WGS/WES(matched); RNA-seq(matched); histology/IHC; EM; somatic-variants; expr-correlation; STR	28854174	mutations: CREBBP, MYCN, RB1 | status: Diagnostic, Primary | site: Eye | age: 24 | sex: Male
SJRB071802_X1	Retinoblastoma		O-PDX	WGS/WES(matched); RNA-seq(matched); histology/IHC; EM; somatic-variants; expr-correlation; STR	28854174	mutations: MYCN | status: Diagnostic, Primary | site: Eye | age: 132 | sex: Female
SJRB071804_X1	Retinoblastoma		O-PDX	WGS/WES(matched); histology/IHC; EM; somatic-variants; STR	28854174	mutations: MYCN, RB1 | status: Diagnostic, Primary | site: Eye | age: 9 | sex: Male
SJRB071805_X1	Retinoblastoma		O-PDX	WGS/WES(matched); RNA-seq(matched); histology/IHC; somatic-variants; expr-correlation; cell-model(2D/3D/line/iPSC); STR	28854174	cell models: 3D-spheroid | mutations: MYCN, RB1 | status: Recurrent, Primary | site: Eye | age: 24 | sex: Male
SJRB071806_X1	Retinoblastoma		O-PDX	WGS/WES(matched); histology/IHC; EM; somatic-variants; cell-model(2D/3D/line/iPSC); STR	28854174	cell models: 3D-spheroid | mutations: MYCN, RB1 | status: Diagnostic, Primary | site: Eye | age: 11 | sex: Male
SJRB071807_X1	Retinoblastoma		O-PDX	WGS/WES(matched); RNA-seq(matched); histology/IHC; EM; somatic-variants; expr-correlation; cell-model(2D/3D/line/iPSC); STR	28854174	cell models: 3D-spheroid | mutations: RB1 | status: Diagnostic, Primary | site: Eye | age: 36 | sex: Female
SJRB071808_X1	Retinoblastoma		O-PDX	WGS/WES(matched); RNA-seq(matched); histology/IHC; somatic-variants; expr-correlation; cell-model(2D/3D/line/iPSC); STR	28854174	cell models: 3D-spheroid | mutations: RB1 | status: Diagnostic, Primary | site: Eye | age: 24 | sex: Female
SJRB071809_X1	Retinoblastoma		O-PDX	RNA-seq(matched); histology/IHC; EM; expr-correlation; cell-model(2D/3D/line/iPSC); STR	28854174	cell models: 3D-spheroid,2D-adapted | mutations: not available | status: Recurrent, Primary | site: Eye | age: 18 | sex: Female
SJMRT015723_X1	Rhabdoid tumor		O-PDX	WGS/WES(matched); RNA-seq(matched); histology/IHC; EM; somatic-variants; clonal-evolution; chemical-sensitivity(156 drugs); expr-correlation; STR; snRNA/scRNA-seq[GSE293805]	28854174	mutations: NFIB, SMARCB1 | status: Recurrent, Metastatic | site: Chest wall | age: 12 | sex: Male | in Nature2017 TableS1
SJMRT031055_X1	Rhabdoid tumor		O-PDX	RNA-seq(matched); histology/IHC; STR; snRNA/scRNA-seq[GSE293805]	28854174	mutations: ATRX | status: Diagnostic, Primary | site: Liver | age: 16 | sex: Male
SJMRT031758_X1	Rhabdoid tumor		O-PDX	WGS/WES(matched); RNA-seq(matched); histology/IHC; somatic-variants; expr-correlation; STR	28854174	mutations: no common mutation found | status: Diagnostic, Primary | site: Kidney | age: 24 | sex: Female
SJMRT034177_X1	Rhabdoid tumor		O-PDX	histology/IHC; STR	28854174	status: Recurrent, Metastatic | site: Abdomen | age: 36 | sex: Male
SJMRT063832_X1	Rhabdoid tumor		O-PDX	WGS/WES(matched); histology/IHC; EM; somatic-variants; expr-correlation; STR; snRNA/scRNA-seq[GSE293805]	28854174	mutations: SMARCB1 | status: Diagnostic, Primary | site: Paraspinal mass | age: 48 | sex: Male
SJMRT074528_X1	Rhabdoid tumor		O-PDX	histology/IHC; STR	28854174	status: Diagnostic, Metastatic | site: Abdomen | age: 1 | sex: Female
SJMRT030873_X1	Rhabdoid tumor of kidney		O-PDX	WGS/WES(matched); RNA-seq(matched); histology/IHC; EM; somatic-variants; expr-correlation; STR; snRNA/scRNA-seq[GSE293805]	28854174	mutations: SMARCB1 | status: Diagnostic, Primary | site: Kidney | age: 9 | sex: Male
SJRHB000026_X1	Rhabdomyosarcoma	fusion negative	O-PDX	WGS/WES(matched); RNA-seq(matched); histology/IHC; EM; somatic-variants; clonal-evolution; chemical-sensitivity(156 drugs); expr-correlation; methylation-classification(COMET); cell-model(2D/3D/line/iPSC); STR; ChIP-seq[EGAD00001003432]; ChIP-seq+WGBS[EGAD00001004312/6398/4315]	28854174;30146332	cell models: 3D-spheroid,2D-adapted,cell-line | mutations: CDKN2A, HRAS, NOTCH1, PIK3CA | status: Recurrent, Primary | site: Pelvis | age: 48 | sex: Female | in Nature2017 TableS1
SJRHB000026_X2	Rhabdomyosarcoma	fusion negative	O-PDX	WGS/WES(matched); RNA-seq(matched); histology/IHC; EM; somatic-variants; clonal-evolution; chemical-sensitivity(156 drugs); expr-correlation; methylation-classification(COMET); cell-model(2D/3D/line/iPSC); STR	28854174	cell models: 3D-spheroid,2D-adapted | mutations: CDKN2A, HRAS, NOTCH1, PIK3CA | status: Recurrent, Metastatic | site: Stomach | age: 60 | sex: Female | in Nature2017 TableS1
SJRHB010463_X16	Rhabdomyosarcoma	fusion positive, PAX3-FOXO1	O-PDX	WGS/WES(matched); RNA-seq(matched); histology/IHC; EM; somatic-variants; clonal-evolution; chemical-sensitivity(156 drugs); expr-correlation; methylation-classification(COMET); cell-model(2D/3D/line/iPSC); STR; ChIP-seq[EGAD00001003432]; snRNA/scRNA-seq[GSE293805]	28854174	cell models: 3D-spheroid,2D-adapted | mutations: FOXO1, PAX3 | status: Recurrent, Metastatic | site: Lung | age: 216 | sex: Male | in Nature2017 TableS1
SJRHB010468_X1	Rhabdomyosarcoma	fusion positive, PAX7-FOXO1	O-PDX	WGS/WES(matched); RNA-seq(matched); histology/IHC; EM; somatic-variants; clonal-evolution; chemical-sensitivity(156 drugs); expr-correlation; methylation-classification(COMET); cell-model(2D/3D/line/iPSC); STR	28854174	cell models: 3D-spheroid,2D-adapted | mutations: FOXO, PAX7 | status: Diagnostic, Primary | site: Thigh | age: 13 | sex: Male | in Nature2017 TableS1
SJRHB010927_X1	Rhabdomyosarcoma	fusion negative	O-PDX	WGS/WES(matched); RNA-seq(matched); histology/IHC; EM; somatic-variants; chemical-sensitivity(156 drugs); expr-correlation; methylation-classification(COMET); cell-model(2D/3D/line/iPSC); STR	28854174	cell models: 3D-spheroid,2D-adapted | mutations: NF1, NRAS | status: Diagnostic, Primary | site: Parapharyngeal | age: 60 | sex: Female | in Nature2017 TableS1
SJRHB010928_X1	Rhabdomyosarcoma	fusion negative	O-PDX	WGS/WES(matched); RNA-seq(matched); histology/IHC; EM; somatic-variants; clonal-evolution; expr-correlation; methylation-classification(COMET); cell-model(2D/3D/line/iPSC); STR	28854174	cell models: 3D-spheroid,2D-adapted,cell-line | mutations: CDKN2A, NF1, NOTCH3, SMARCA2 | status: Recurrent, Primary | site: Prostate | age: 108 | sex: Male | in Nature2017 TableS1
SJRHB011_X	Rhabdomyosarcoma	fusion negative	O-PDX	WGS/WES(matched); RNA-seq(matched); histology/IHC; somatic-variants; clonal-evolution; chemical-sensitivity(156 drugs); expr-correlation; methylation-classification(COMET); cell-model(2D/3D/line/iPSC); STR	28854174	cell models: 3D-spheroid,2D-adapted | mutations: CDKN2A, FGFR4, PIK3CA, TP53 | status: Recurrent, Primary | site: Infratemporal fossa | age: 60 | sex: Male | in Nature2017 TableS1
SJRHB011_Y	Rhabdomyosarcoma	fusion negative	O-PDX	WGS/WES(matched); RNA-seq(matched); histology/IHC; EM; somatic-variants; clonal-evolution; chemical-sensitivity(156 drugs); expr-correlation; methylation-classification(COMET); cell-model(2D/3D/line/iPSC); STR; snRNA/scRNA-seq[GSE293805]	28854174	cell models: 3D-spheroid,2D-adapted | mutations: CDKN2A, FGFR4, PIK3CA, TP53 | status: Diagnostic, Primary | site: Neck | age: 48 | sex: Male | in Nature2017 TableS1
SJRHB012405_X1	Rhabdomyosarcoma	fusion negative	O-PDX	WGS/WES(matched); RNA-seq(matched); histology/IHC; EM; somatic-variants; clonal-evolution; chemical-sensitivity(156 drugs); expr-correlation; methylation-classification(COMET); cell-model(2D/3D/line/iPSC); STR	28854174	cell models: 3D-spheroid,2D-adapted | mutations: PAX3, TP53 | status: Recurrent, Primary | site: Abdominalpelvic | age: 96 | sex: Female | in Nature2017 TableS1
SJRHB012_X	Rhabdomyosarcoma	fusion negative	O-PDX	WGS/WES(matched); RNA-seq(matched); histology/IHC; EM; somatic-variants; chemical-sensitivity(156 drugs); expr-correlation; methylation-classification(COMET); cell-model(2D/3D/line/iPSC); STR	28854174	cell models: 3D-spheroid,2D-adapted | mutations: HRAS, PIK3CA | status: Diagnostic, Primary | site: Prostate | age: 204 | sex: Male
SJRHB012_Y	Rhabdomyosarcoma	fusion negative	O-PDX	WGS/WES(matched); RNA-seq(matched); histology/IHC; EM; somatic-variants; clonal-evolution; chemical-sensitivity(156 drugs); expr-correlation; methylation-classification(COMET); cell-model(2D/3D/line/iPSC); STR; ChIP-seq+WGBS[EGAD00001004312/6398/4315]	28854174;30146332	cell models: 3D-spheroid,2D-adapted | mutations: ALK | status: Recurrent, Primary | site: Prostate | age: 216 | sex: Male | in Nature2017 TableS1
SJRHB012_Z	Rhabdomyosarcoma	fusion negative	sample	WGS/WES(matched); RNA-seq(matched); histology/IHC; EM; somatic-variants; clonal-evolution; chemical-sensitivity(156 drugs); expr-correlation; methylation-classification(COMET); cell-model(2D/3D/line/iPSC); STR	28854174	cell models: 3D-spheroid,2D-adapted | mutations: ALK | status: Recurrent, Primary | site: Bladder | age: 216 | sex: Male
SJRHB013757_X2	Rhabdomyosarcoma	fusion positive, PAX7-FOXO1	O-PDX	WGS/WES(matched); RNA-seq(matched); histology/IHC; EM; somatic-variants; clonal-evolution; expr-correlation; methylation-classification(COMET); cell-model(2D/3D/line/iPSC); STR; ChIP-seq+WGBS[EGAD00001004312/6398/4315]	28854174;30146332	cell models: 3D-spheroid,2D-adapted | mutations: FOXO1, PAX7 | status: Diagnostic, Primary | site: Calf | age: 36 | sex: Female | in Nature2017 TableS1
SJRHB013758_X1	Rhabdomyosarcoma	fusion negative	O-PDX	WGS/WES(matched); RNA-seq(matched); histology/IHC; EM; somatic-variants; clonal-evolution; chemical-sensitivity(156 drugs); expr-correlation; methylation-classification(COMET); cell-model(2D/3D/line/iPSC); STR	28854174	cell models: 3D-spheroid,2D-adapted | mutations: HRAS, TP53 | status: Diagnostic, Primary | site: Abdomen | age: 48 | sex: Female | in Nature2017 TableS1
SJRHB013758_X2	Rhabdomyosarcoma	fusion negative	O-PDX	WGS/WES(matched); RNA-seq(matched); histology/IHC; EM; somatic-variants; expr-correlation; methylation-classification(COMET); cell-model(2D/3D/line/iPSC); STR	28854174	cell models: 3D-spheroid,2D-adapted,cell-line | mutations: HRAS, NOTCH3, TP53 | status: Recurrent, Primary | site: Abdomen | age: 60 | sex: Female | in Nature2017 TableS1
SJRHB013759_X1	Rhabdomyosarcoma	fusion positive, PAX3-FOXO1	O-PDX	WGS/WES(matched); RNA-seq(matched); histology/IHC; EM; somatic-variants; clonal-evolution; chemical-sensitivity(156 drugs); expr-correlation; methylation-classification(COMET); cell-model(2D/3D/line/iPSC); STR; ChIP-seq+WGBS[EGAD00001004312/6398/4315]	28854174;30146332	cell models: 3D-spheroid,2D-adapted | mutations: FOXO1, PAX3 | status: Recurrent, Metastatic | site: Inguinal mass | age: 228 | sex: Male | in Nature2017 TableS1
SJRHB013759_X14	Rhabdomyosarcoma	fusion positive, PAX3-FOXO1	O-PDX	WGS/WES(matched); RNA-seq(matched); histology/IHC; EM; somatic-variants; expr-correlation; methylation-classification(COMET); cell-model(2D/3D/line/iPSC); STR	28854174	cell models: 3D-spheroid,2D-adapted | mutations: FOXO1, PAX3 | status: Recurrent, Metastatic | site: Chest | age: 240 | sex: Male
SJRHB013759_X15	Rhabdomyosarcoma	fusion positive, PAX3-FOXO1	O-PDX	WGS/WES(matched); RNA-seq(matched); histology/IHC; EM; somatic-variants; expr-correlation; methylation-classification(COMET); cell-model(2D/3D/line/iPSC); STR	28854174	cell models: 3D-spheroid,2D-adapted,cell-line | mutations: FOXO1, PAX3 | status: Recurrent, Metastatic | site: Omentum | age: 240 | sex: Male
SJRHB013_X	Rhabdomyosarcoma	fusion negative	O-PDX	WGS/WES(matched); RNA-seq(matched); histology/IHC; EM; somatic-variants; chemical-sensitivity(156 drugs); expr-correlation; methylation-classification(COMET); cell-model(2D/3D/line/iPSC); STR	28854174	cell models: 3D-spheroid,2D-adapted | mutations: NRAS, MAP2K1 | status: Recurrent, Primary | site: Abdominalpelvic | age: 36 | sex: Female | in Nature2017 TableS1
SJRHB015720_X1	Rhabdomyosarcoma	Sclerosing subtype	O-PDX	WGS/WES(matched); RNA-seq(matched); histology/IHC; EM; somatic-variants; expr-correlation; methylation-classification(COMET); cell-model(2D/3D/line/iPSC); STR; snRNA/scRNA-seq[GSE293805]	28854174	cell models: 3D-spheroid,2D-adapted | mutations: PIK3CA | status: Recurrent, Primary | site: Oropharynx | age: 72 | sex: Female
SJRHB015721_X1	Rhabdomyosarcoma	fusion negative	O-PDX	WGS/WES(matched); RNA-seq(matched); histology/IHC; EM; somatic-variants; chemical-sensitivity(156 drugs); expr-correlation; methylation-classification(COMET); cell-model(2D/3D/line/iPSC); STR; snRNA/scRNA-seq[GSE293805]	28854174	cell models: 3D-spheroid,2D-adapted | mutations: not available | status: Recurrent, Metastatic | site: Retroperitoneum | age: 96 | sex: Male
SJRHB030451_X1	Rhabdomyosarcoma	fusion negative	O-PDX	WGS/WES(matched); RNA-seq(matched); histology/IHC; somatic-variants; expr-correlation; methylation-classification(COMET); cell-model(2D/3D/line/iPSC); STR	28854174	cell models: 3D-spheroid,2D-adapted | mutations: NRAS, FGFR4, TP53 | status: Recurrent, Metastatic | site: Lymph node | age: 24 | sex: Female
SJRHB030476_X1	Rhabdomyosarcoma	fusion positive, PAX3-FOXO1	O-PDX	WGS/WES(matched); RNA-seq(matched); histology/IHC; EM; somatic-variants; expr-correlation; methylation-classification(COMET); cell-model(2D/3D/line/iPSC); STR	28854174	cell models: 3D-spheroid,2D-adapted | mutations: FOXO1, PAX3 | status: Recurrent, Metastatic | site: Abdomen | age: 60 | sex: Male
SJRHB030549_X1	Rhabdomyosarcoma	fusion negative	O-PDX	WGS/WES(matched); RNA-seq(matched); histology/IHC; EM; somatic-variants; expr-correlation; methylation-classification(COMET); cell-model(2D/3D/line/iPSC); STR	28854174	cell models: 3D-spheroid,2D-adapted | mutations: MYCN | status: Recurrent, Metastatic | site: Lung | age: 24 | sex: Male
SJRHB030550_X1	Rhabdomyosarcoma	fusion positive, PAX3-FOXO1	O-PDX	WGS/WES(matched); RNA-seq(matched); histology/IHC; EM; somatic-variants; expr-correlation; methylation-classification(COMET); cell-model(2D/3D/line/iPSC); STR	28854174	cell models: 3D-spheroid,2D-adapted | mutations: FOXO1, FGFR4,  PAX3 | status: Recurrent, Metastatic | site: Breast | age: 216 | sex: Female
SJRHB030680_X1	Rhabdomyosarcoma	fusion negative	O-PDX	WGS/WES(matched); RNA-seq(matched); histology/IHC; somatic-variants; expr-correlation; methylation-classification(COMET); cell-model(2D/3D/line/iPSC); STR	28854174	cell models: 3D-spheroid,2D-adapted | mutations: NRAS | status: Recurrent, Metastatic | site: Lung | age: 16 | sex: Male
SJRHB030705_X1	Rhabdomyosarcoma	fusion positive, PAX3-FOXO1	O-PDX	WGS/WES(matched); histology/IHC; EM; somatic-variants; methylation-classification(COMET); cell-model(2D/3D/line/iPSC); STR; snRNA/scRNA-seq[GSE293805]	28854174	cell models: 3D-spheroid,2D-adapted | mutations: FOXO1, PAX3 | status: Diagnostic, Metastatic | site: Peritracheal | age: 192 | sex: Female
SJRHB030730_X1	Rhabdomyosarcoma	fusion negative	O-PDX	WGS/WES(matched); RNA-seq(matched); histology/IHC; EM; somatic-variants; expr-correlation; methylation-classification(COMET); cell-model(2D/3D/line/iPSC); STR	28854174	cell models: 3D-spheroid,2D-adapted | mutations: FOXO3, PIK3CA, FGFR1 | status: Diagnostic, Metastatic | site: Lymph node | age: 204 | sex: Male
SJRHB030765_X1	Rhabdomyosarcoma	fusion positive, PAX3-FOXO1	O-PDX	WGS/WES(matched); RNA-seq(matched); histology/IHC; EM; somatic-variants; expr-correlation; methylation-classification(COMET); cell-model(2D/3D/line/iPSC); STR	28854174	cell models: 3D-spheroid,2D-adapted | mutations: FOXO1, PAX3 | status: Recurrent, Primary | site: Orbit | age: 24 | sex: Male
SJRHB030787_X1	Rhabdomyosarcoma	fusion positive, PAX3-FOXO1	O-PDX	WGS/WES(matched); RNA-seq(matched); histology/IHC; EM; somatic-variants; expr-correlation; methylation-classification(COMET); cell-model(2D/3D/line/iPSC); STR; snRNA/scRNA-seq[GSE293805]	28854174	cell models: 3D-spheroid,2D-adapted | mutations: FOXO1, PAX3 | status: Recurrent, Metastatic | site: Pancreas | age: 216 | sex: Female
SJRHB031117_X1	Rhabdomyosarcoma	fusion positive, PAX3-FOXO1	O-PDX	WGS/WES(matched); RNA-seq(matched); histology/IHC; EM; somatic-variants; expr-correlation; methylation-classification(COMET); cell-model(2D/3D/line/iPSC); STR	28854174	cell models: 3D-spheroid,2D-adapted | mutations: FOXO1, PAX3 | status: Diagnostic, Primary | site: Testicle | age: 228 | sex: Male
SJRHB031210_X1	Rhabdomyosarcoma	fusion positive, PAX3-FOXO1	O-PDX	histology/IHC; methylation-classification(COMET); STR	28854174	status: Recurrent, Metastatic | site: Lung | age: 240 | sex: Female
SJRHB031320_X1	Rhabdomyosarcoma	fusion positive, PAX7-FOXO1	O-PDX	WGS/WES(matched); RNA-seq(matched); histology/IHC; EM; somatic-variants; expr-correlation; methylation-classification(COMET); cell-model(2D/3D/line/iPSC); STR	28854174	cell models: 3D-spheroid,2D-adapted | mutations: CDKN2A, PAX7 | status: Diagnostic, Primary | site: Abdomen | age: 204 | sex: Male
SJRHB031412_X1	Rhabdomyosarcoma	fusion negative	O-PDX	WGS/WES(matched); RNA-seq(matched); histology/IHC; EM; somatic-variants; expr-correlation; methylation-classification(COMET); cell-model(2D/3D/line/iPSC); STR	28854174	cell models: 3D-spheroid,2D-adapted | mutations: KRAS, NTRK1 | status: Diagnostic, Primary | site: Testicle | age: 156 | sex: Male
SJRHB031654_X1	Rhabdomyosarcoma	fusion negative	O-PDX	histology/IHC; expr-correlation; methylation-classification(COMET); STR	28854174	status: Recurrent, Metastatic | site: Lung | age: 240 | sex: Male
SJRHB031691_X1	Rhabdomyosarcoma	fusion negative	O-PDX	WGS/WES(matched); RNA-seq(matched); histology/IHC; somatic-variants; expr-correlation; methylation-classification(COMET); cell-model(2D/3D/line/iPSC); STR	28854174	cell models: 3D-spheroid,2D-adapted | mutations: HRAS | status: Diagnostic, Primary | site: Retroperitoneum | age: 11 | sex: Female
SJRHB031691_X2	Rhabdomyosarcoma	fusion negative	O-PDX	WGS/WES(matched); RNA-seq(matched); histology/IHC; EM; somatic-variants; expr-correlation; methylation-classification(COMET); cell-model(2D/3D/line/iPSC); STR	28854174	cell models: 3D-spheroid,2D-adapted | mutations: HRAS | status: Diagnostic, Primary | site: Pelvis | age: 11 | sex: Female
SJRHB031691_X3	Rhabdomyosarcoma	fusion negative	O-PDX	WGS/WES(matched); RNA-seq(matched); histology/IHC; EM; somatic-variants; expr-correlation; methylation-classification(COMET); cell-model(2D/3D/line/iPSC); STR	28854174	cell models: 3D-spheroid,2D-adapted | mutations: HRAS | status: Diagnostic, Primary | site: Retroperitoneum | age: 11 | sex: Female
SJRHB032029_X1	Rhabdomyosarcoma		O-PDX	histology/IHC; expr-correlation; methylation-classification(COMET); STR	28854174	status: Recurrent, Primary | site: Bladder | age: 204 | sex: Male
SJRHB032170_X1	Rhabdomyosarcoma		O-PDX	WGS/WES(matched); RNA-seq(matched); histology/IHC; somatic-variants; expr-correlation; methylation-classification(COMET); STR	28854174	mutations: CRLF2, CTNNB1, KRAS, NEB, PBRM1, PBRM1, POLE | status: Diagnostic, Primary | site: Pelvis | age: 12 | sex: Female
SJRHB032877_X1	Rhabdomyosarcoma	fusion positive, PAX3-FOXO1	O-PDX	WGS/WES(matched); RNA-seq(matched); histology/IHC; somatic-variants; expr-correlation; methylation-classification(COMET); STR	28854174	mutations: BRCA2, SMC6, TP53 | status: Diagnostic, Primary | site: Face | age: 192 | sex: Male
SJRHB032877_X2	Rhabdomyosarcoma	fusion positive	O-PDX	histology/IHC; methylation-classification(COMET); STR	28854174	status: Recurrent, Primary | site: Face | age: 216 | sex: Male
SJRHB033483_X1	Rhabdomyosarcoma	fusion negative	O-PDX	histology/IHC; methylation-classification(COMET); STR	28854174	status: Recurrent, Metastatic | site: Lymph Node | age: 204 | sex: Male
SJRHB033686_X1	Rhabdomyosarcoma	fusion positive, PAX3-NCOA1	O-PDX	histology/IHC; methylation-classification(COMET); STR	28854174	status: Recurrent, Metastatic | site: Back | age: 240 | sex: Male
SJRHB033686_X2	Rhabdomyosarcoma	fusion positive, PAX3-NCOA1	O-PDX	histology/IHC; methylation-classification(COMET); STR	28854174	status: Recurrent, Metastatic | site: Back | age: 240 | sex: Male
SJRHB033686_X3	Rhabdomyosarcoma	fusion positive, PAX3-NCOA1	O-PDX	histology/IHC; methylation-classification(COMET); STR	28854174	status: Recurrent, Metastatic | site: Back | age: 240 | sex: Male
SJRHB034081_X1	Rhabdomyosarcoma	fusion negative	O-PDX	WGS/WES(matched); RNA-seq(matched); histology/IHC; somatic-variants; expr-correlation; methylation-classification(COMET); STR	28854174	mutations: ABL1, CNTN1, FBXW7, GRM5 | status: Diagnostic, Primary | site: Abdomen | age: 144 | sex: Male
SJRHB034150_X1	Rhabdomyosarcoma	Sclerosing subtype	O-PDX	histology/IHC; methylation-classification(COMET); STR	28854174	mutations: MYOD1 | status: Diagnostic, Primary | site: Thigh | age: 168 | sex: Female
SJRHB034181_X1	Rhabdomyosarcoma		O-PDX	histology/IHC; methylation-classification(COMET); STR	28854174	status: Diagnostic, Primary | site: Testicle | age: 84 | sex: Male
SJRHB034738_X1	Rhabdomyosarcoma	fusion negative	O-PDX	histology/IHC; expr-correlation; methylation-classification(COMET); STR	28854174	status: Diagnostic, Primary | site: Vagina | age: 23 | sex: Female
SJRHB035690_X1	Rhabdomyosarcoma	fusion positive, PAX3-FOXO1	O-PDX	histology/IHC; methylation-classification(COMET); STR	28854174	status: Diagnostic, Primary | site: Leg | age: 144 | sex: Male
SJRHB035798_X2	Rhabdomyosarcoma	fusion negative	O-PDX	histology/IHC; methylation-classification(COMET); STR	28854174	status: Diagnostic, Primary | site: Ear | age: 168 | sex: Male
SJRHB036260_X1	Rhabdomyosarcoma	fusion negative	O-PDX	histology/IHC; methylation-classification(COMET); STR	28854174	status: Diagnostic, Primary | site: Abdomen | age: 15 | sex: Female
SJRHB046156_X1	Rhabdomyosarcoma	fusion positive, PAX7-FOXO1	O-PDX	WGS/WES(matched); RNA-seq(matched); histology/IHC; EM; somatic-variants; expr-correlation; methylation-classification(COMET); cell-model(2D/3D/line/iPSC); STR	28854174	cell models: 3D-spheroid,2D-adapted | mutations: ATRX, FOXO1, FGFR4, PAX7 | status: Recurrent, Metastatic | site: Breast | age: 192 | sex: Female
SJRHB046156_X2	Rhabdomyosarcoma	fusion positive, PAX7-FOXO1	O-PDX	WGS/WES(matched); RNA-seq(matched); histology/IHC; EM; somatic-variants; expr-correlation; methylation-classification(COMET); cell-model(2D/3D/line/iPSC); STR; snRNA/scRNA-seq[GSE293805]	28854174	cell models: 3D-spheroid,2D-adapted | mutations: FOXO1, FGFR4, PAX7 | status: Recurrent, Metastatic | site: Breast | age: 192 | sex: Female
SJRHB049188_X1	Rhabdomyosarcoma	fusion negative	O-PDX	WGS/WES(matched); RNA-seq(matched); histology/IHC; EM; somatic-variants; expr-correlation; methylation-classification(COMET); cell-model(2D/3D/line/iPSC); STR	28854174	cell models: 3D-spheroid,2D-adapted | mutations: NRAS, NOTCH1 | status: Diagnostic, Primary | site: Retroperitoneum | age: 48 | sex: Male
SJRHB049189_X1	Rhabdomyosarcoma	fusion negative	O-PDX	WGS/WES(matched); RNA-seq(matched); histology/IHC; EM; somatic-variants; expr-correlation; methylation-classification(COMET); cell-model(2D/3D/line/iPSC); STR	28854174	cell models: 3D-spheroid,2D-adapted | mutations: NRAS | status: Diagnostic, Primary | site: Prostate | age: 8 | sex: Male
SJRHB063823_X1	Rhabdomyosarcoma	fusion negative	O-PDX	WGS/WES(matched); RNA-seq(matched); histology/IHC; EM; somatic-variants; expr-correlation; methylation-classification(COMET); cell-model(2D/3D/line/iPSC); STR; snRNA/scRNA-seq[GSE293805]	28854174	cell models: 3D-spheroid,2D-adapted | mutations: NF1 | status: Diagnostic, Unknown | site: Back soft tissue | age: 6 | sex: Male
SJRHB063825_X1	Rhabdomyosarcoma	fusion negative	O-PDX	WGS/WES(matched); RNA-seq(matched); histology/IHC; EM; expr-correlation; methylation-classification(COMET); cell-model(2D/3D/line/iPSC); STR; snRNA/scRNA-seq[GSE293805]	28854174	cell models: 3D-spheroid,2D-adapted | mutations: ALK, HRAS | status: Recurrent, Unknown | site: Bladder | age: 36 | sex: Male
SJRHB063830_X1	Rhabdomyosarcoma	fusion negative	O-PDX	WGS/WES(matched); histology/IHC; EM; somatic-variants; methylation-classification(COMET); cell-model(2D/3D/line/iPSC); STR	28854174	cell models: 3D-spheroid,2D-adapted | mutations: CDKN2A, NRAS | status: Diagnostic, Metastatic | site: Lymph node | age: 216 | sex: Male
SJRHB063831_X1	Rhabdomyosarcoma	fusion positive	O-PDX	WGS/WES(matched); histology/IHC; EM; somatic-variants; methylation-classification(COMET); cell-model(2D/3D/line/iPSC); STR	28854174	cell models: 3D-spheroid,2D-adapted,cell-line | mutations: FOXO1, PAX3 | status: Recurrent, Unknown | site: Abdominal wall | age: 204 | sex: Female
SJRHB071775_X1	Rhabdomyosarcoma	fusion positive, PAX3-FOXO1	O-PDX	WGS/WES(matched); RNA-seq(matched); histology/IHC; EM; somatic-variants; expr-correlation; methylation-classification(COMET); cell-model(2D/3D/line/iPSC); STR	28854174	cell models: 3D-spheroid,2D-adapted | mutations: FOXO1, PAX3 | status: Diagnostic, Primary | site: Paranasal | age: 144 | sex: Male
SJRHB071779_X1	Rhabdomyosarcoma	fusion negative	O-PDX	WGS/WES(matched); RNA-seq(matched); histology/IHC; somatic-variants; expr-correlation; methylation-classification(COMET); cell-model(2D/3D/line/iPSC); STR; snRNA/scRNA-seq[GSE293805]	28854174	cell models: 3D-spheroid,2D-adapted | mutations: MYCN | status: Diagnostic, Primary | site: Retroperitoneum | age: 72 | sex: Female
SJRHB071779_X2	Rhabdomyosarcoma	fusion negative	O-PDX	WGS/WES(matched); RNA-seq(matched); histology/IHC; somatic-variants; expr-correlation; methylation-classification(COMET); cell-model(2D/3D/line/iPSC); STR	28854174	cell models: 3D-spheroid,2D-adapted | mutations: NFIB | status: Diagnostic, Primary | site: Retroperitoneum | age: 72 | sex: Female
SJRHB097692_X1	Rhabdomyosarcoma	fusion positive, FOXO1 rearrangement	O-PDX	histology/IHC; methylation-classification(COMET); STR	28854174	status: Recurrent, Metastatic | site: Chest Wall | age: 144 | sex: Female
SJRHB097692_X2	Rhabdomyosarcoma	fusion positive, FOXO1 rearrangement	O-PDX	histology/IHC; methylation-classification(COMET); STR	28854174	status: Recurrent, Metastatic | site: Axilla | age: 144 | sex: Female
SJACT013760_X1	Signet ring cell carcinoma		O-PDX	WGS/WES; RNA-seq; histology/IHC; EM; STR	28854174	from Nature 2017 Suppl Table S1 only; not returned by live CSTN portal API (retired/renamed?) | D/R=D treated=N site=P
SJHGS030131_X1	Spindle cell sarcoma		O-PDX	WGS/WES(matched); RNA-seq(matched); histology/IHC; EM; somatic-variants; expr-correlation; STR; snRNA/scRNA-seq[GSE293805]	28854174	mutations: CIC, TP53 | status: Diagnostic, Primary | site: Femur | age: 192 | sex: Male
SJSS031353_X1	Synovial sarcoma		O-PDX	histology/IHC; STR	28854174	status: Recurrent, Metastatic | site: Paraspinal | age: 168 | sex: Female
SJSS034689_X1	Synovial sarcoma		O-PDX	histology/IHC; STR	28854174	status: Diagnostic, Primary | site: Knee | age: 120 | sex: Female
SJSS049190_X1	Synovial sarcoma		O-PDX	WGS/WES(matched); RNA-seq(matched); histology/IHC; EM; somatic-variants; expr-correlation; STR; snRNA/scRNA-seq[GSE293805]	28854174	mutations: ALK, BCR, ERG, NTRK1, SSX1-SS18 | status: Recurrent, Metastatic | site: Lung | age: 156 | sex: Male
SJSS063828_X1	Synovial sarcoma		O-PDX	WGS/WES(matched); RNA-seq(matched); histology/IHC; somatic-variants; expr-correlation; STR; snRNA/scRNA-seq[GSE293805]	28854174	mutations: DLG2, MUC16, HLA-DRB1 | status: Diagnostic, Primary | site: Femur | age: 204 | sex: Female
SJSS098177_X1	Synovial sarcoma		O-PDX	histology/IHC; STR	28854174	status: Diagnostic, Primary | site: Buttock | age: 204 | sex: Male
SJSTS030383_X1	Undifferentiated round cell sarcoma		O-PDX	WGS/WES(matched); RNA-seq(matched); histology/IHC; somatic-variants; expr-correlation; STR; snRNA/scRNA-seq[GSE293805]	28854174	mutations: BCR | status: Diagnostic, Metastatic | site: Lymph node | age: 132 | sex: Male
SJSTS030383_X2	Undifferentiated round cell sarcoma		O-PDX	WGS/WES(matched); RNA-seq(matched); histology/IHC; EM; somatic-variants; expr-correlation; STR; snRNA/scRNA-seq[GSE293805]	28854174	mutations: BCR | status: Diagnostic, Primary | site: Neck | age: 132 | sex: Male
SJSTS030383_X3	Undifferentiated round cell sarcoma		O-PDX	WGS/WES(matched); RNA-seq(matched); histology/IHC; EM; somatic-variants; expr-correlation; STR	28854174	mutations: BCR | status: Recurrent, Metastatic | site: Lung | age: 144 | sex: Male
SJSTS030383_X4	Undifferentiated round cell sarcoma		O-PDX	WGS/WES(matched); RNA-seq(matched); histology/IHC; EM; somatic-variants; expr-correlation; STR	28854174	mutations: BCR | status: Recurrent, Metastatic | site: Lung | age: 156 | sex: Male
SJSTS032289_X1	Undifferentiated round cell sarcoma		O-PDX	histology/IHC; STR	28854174	status: Recurrent, Metastatic | site: Groin | age: 204 | sex: Male
SJHGS034630_X1	Undifferentiated soft sarcoma		O-PDX	histology/IHC; STR	28854174	mutations: CIC, DUX4 | status: Diagnostic, Primary | site: Thigh | age: 192 | sex: Female
SJWLM030043_X1	Wilms tumor		O-PDX	WGS/WES(matched); RNA-seq(matched); histology/IHC; EM; somatic-variants; expr-correlation; cell-model(2D/3D/line/iPSC); STR	28854174	cell models: 3D-spheroid,2D-adapted | mutations: BCR, DICER1, MYCN, TP53 | status: Diagnostic, Primary | site: Kidney | age: 60 | sex: Female
SJWLM030467_X1	Wilms tumor		O-PDX	WGS/WES(matched); RNA-seq(matched); histology/IHC; EM; somatic-variants; expr-correlation; STR	28854174	mutations: NTRK1, TP53, WT1 | status: Diagnostic, Primary | site: Kidney | age: 24 | sex: Male
SJWLM030548_X1	Wilms tumor		O-PDX	WGS/WES(matched); RNA-seq(matched); histology/IHC; EM; somatic-variants; expr-correlation; STR	28854174	mutations: ALK, BCR, KRAS, RB1, TP53 | status: Diagnostic, Primary | site: Kidney | age: 24 | sex: Male
SJWLM030704_X1	Wilms tumor		O-PDX	WGS/WES(matched); RNA-seq(matched); histology/IHC; EM; somatic-variants; expr-correlation; STR	28854174	mutations: EWSR1 | status: Diagnostic, Primary | site: Kidney | age: 36 | sex: Female
SJWLM030704_X2	Wilms tumor		O-PDX	WGS/WES(matched); RNA-seq(matched); histology/IHC; EM; somatic-variants; expr-correlation; STR	28854174	mutations: EWSR1 | status: Diagnostic, Primary | site: Kidney | age: 36 | sex: Female
SJWLM030739_X1	Wilms tumor		O-PDX	WGS/WES(matched); RNA-seq(matched); histology/IHC; somatic-variants; expr-correlation; STR	28854174	mutations: MYCN | status: Diagnostic, Primary | site: Kidney | age: 84 | sex: Male
SJWLM030792_X1	Wilms tumor		O-PDX	WGS/WES(matched); RNA-seq(matched); histology/IHC; somatic-variants; expr-correlation; STR	28854174	mutations: DROSHA | status: Recurrent, Primary | site: Kidney | age: 36 | sex: Female
SJWLM030792_X2	Wilms tumor		O-PDX	histology/IHC; STR	28854174	status: Recurrent, Primary | site: Kidney | age: 84 | sex: Female
SJWLM030792_X3	Wilms tumor		O-PDX	histology/IHC; STR	28854174	status: Recurrent, Primary | site: Kidney | age: 96 | sex: Female
SJWLM030897_X1	Wilms tumor		O-PDX	WGS/WES(matched); RNA-seq(matched); histology/IHC; EM; somatic-variants; expr-correlation; STR	28854174	mutations: MUC16 | status: Diagnostic, Primary | site: Kidney | age: 24 | sex: Male
SJWLM030897_X2	Wilms tumor		O-PDX	WGS/WES(matched); RNA-seq(matched); histology/IHC; EM; somatic-variants; expr-correlation; STR	28854174	mutations: ALK | status: Diagnostic, Primary | site: Kidney | age: 24 | sex: Male
SJWLM030902_X2	Wilms tumor		O-PDX	WGS/WES(matched); RNA-seq(matched); histology/IHC; EM; somatic-variants; expr-correlation; cell-model(2D/3D/line/iPSC); STR	28854174	cell models: 3D-spheroid,2D-adapted | mutations: KRAS | status: Recurrent, Metastatic | site: Retroperitoneum | age: 108 | sex: Female
SJWLM030924_X1	Wilms tumor		O-PDX	WGS/WES(matched); RNA-seq(matched); histology/IHC; somatic-variants; expr-correlation; STR	28854174	mutations: NFIB1 | status: Diagnostic, Primary | site: Kidney | age: 23 | sex: Male
SJWLM030951_X1	Wilms tumor		O-PDX	WGS/WES(matched); RNA-seq(matched); histology/IHC; EM; somatic-variants; expr-correlation; STR	28854174	mutations: MUC16 | status: Diagnostic, Primary | site: Kidney | age: 48 | sex: Female
SJWLM031124_X1	Wilms tumor		O-PDX	WGS/WES(matched); RNA-seq(matched); histology/IHC; EM; somatic-variants; expr-correlation; cell-model(2D/3D/line/iPSC); STR	28854174	cell models: 3D-spheroid,2D-adapted,iPSC | mutations: ALK, BCR, KRAS, TP53 | status: Diagnostic, Primary | site: Kidney | age: 16 | sex: Female
SJWLM031124_X2	Wilms tumor		O-PDX	WGS/WES(matched); RNA-seq(matched); histology/IHC; somatic-variants; expr-correlation; cell-model(2D/3D/line/iPSC); STR	28854174	cell models: iPSC | mutations: MYC, MYCN | status: Diagnostic, Primary | site: Kidney | age: 16 | sex: Female
SJWLM031124_X3	Wilms tumor		O-PDX	histology/IHC; expr-correlation; STR	28854174	status: Recurrent, Primary | site: Kidney | age: 36 | sex: Female
SJWLM031308_X1	Wilms tumor		O-PDX	WGS/WES(matched); RNA-seq(matched); histology/IHC; somatic-variants; expr-correlation; STR	28854174	status: Diagnostic, Primary | site: Kidney | age: 36 | sex: Male
SJWLM031333_X1	Wilms tumor		O-PDX	WGS/WES(matched); RNA-seq(matched); histology/IHC; somatic-variants; expr-correlation; cell-model(2D/3D/line/iPSC); STR	28854174	cell models: 3D-spheroid | mutations: TP33 | status: Diagnostic, Primary | site: Kidney | age: 96 | sex: Male
SJWLM031558_X2	Wilms tumor		O-PDX	WGS/WES(matched); RNA-seq(matched); histology/IHC; EM; somatic-variants; expr-correlation; STR	28854174	mutations: ATRX, BCR, BRAF, HRAS, NF1, NF1B, NTRK1, WT1 | status: Recurrent, Primary | site: Adrenal | age: 228 | sex: Male
SJWLM031677_X1	Wilms tumor		O-PDX	WGS/WES(matched); RNA-seq(matched); histology/IHC; EM; somatic-variants; expr-correlation; STR	28854174	mutations: BCR, TP53 | status: Diagnostic, Primary | site: Kidney | age: 36 | sex: Female
SJWLM031677_X2	Wilms tumor		O-PDX	WGS/WES(matched); RNA-seq(matched); histology/IHC; somatic-variants; expr-correlation; cell-model(2D/3D/line/iPSC); STR	28854174	cell models: 3D-spheroid,2D-adapted | mutations: BCR, TP53 | status: Diagnostic, Metastatic | site: Lymph node | age: 36 | sex: Female
SJWLM031811_X1	Wilms tumor		O-PDX	WGS/WES(matched); RNA-seq(matched); histology/IHC; somatic-variants; expr-correlation; STR	28854174	mutations: WT1 | status: Diagnostic, Primary | site: Kidney | age: 24 | sex: Male
SJWLM032386_X1	Wilms tumor		O-PDX	WGS/WES(matched); RNA-seq(matched); histology/IHC; somatic-variants; expr-correlation; STR	28854174	mutations: MYCN, NEB | status: Diagnostic, Primary | site: Kidney | age: 60 | sex: Female
SJWLM032659_X1	Wilms tumor		O-PDX	histology/IHC; STR	28854174	mutations: CTNNB1 | status: Diagnostic, Primary | site: Kidney | age: 11 | sex: Male
SJWLM032660_X1	Wilms tumor		O-PDX	histology/IHC; STR	28854174	mutations: CTNNB1, NEB | status: Diagnostic, Primary | site: Kidney | age: 15 | sex: Male
SJWLM032765_X1	Wilms tumor		O-PDX	histology/IHC; STR	28854174	status: Diagnostic, Primary | site: Kidney | age: 24 | sex: Female
SJWLM032841_X1	Wilms tumor		O-PDX	histology/IHC; STR	28854174	status: Diagnostic, Primary | site: Kidney | age: 16 | sex: Male
SJWLM032862_X1	Wilms tumor		O-PDX	histology/IHC; somatic-variants; expr-correlation; STR	28854174	status: Diagnostic, Primary | site: Kidney | age: 6 | sex: Female
SJWLM033022_X1	Wilms tumor		O-PDX	WGS/WES(matched); RNA-seq(matched); histology/IHC; somatic-variants; expr-correlation; STR	28854174	mutations: NEB, SAMD9 | status: Diagnostic, Primary | site: Kidney | age: 36 | sex: Female
SJWLM033062_X1	Wilms tumor		O-PDX	histology/IHC; STR	28854174	status: Diagnostic, Primary | site: Kidney | age: 36 | sex: Female
SJWLM033068_X1	Wilms tumor		O-PDX	histology/IHC; expr-correlation; STR	28854174	status: Diagnostic, Primary | site: Kidney | age: 24 | sex: Male
SJWLM033107_X1	Wilms tumor		O-PDX	histology/IHC; STR	28854174	status: Diagnostic, Primary | site: Kidney | age: 24 | sex: Male
SJWLM033157_X1	Wilms tumor		O-PDX	histology/IHC; STR	28854174	status: Diagnostic, Primary | site: Kidney | age: 24 | sex: Female
SJWLM033444_X1	Wilms tumor		O-PDX	WGS/WES(matched); RNA-seq(matched); histology/IHC; somatic-variants; expr-correlation; STR	28854174	mutations: NEB,SMARCA4 | status: Diagnostic, Primary | site: Kidney | age: 24 | sex: Male
SJWLM033699_X1	Wilms tumor		O-PDX	WGS/WES(matched); RNA-seq(matched); histology/IHC; somatic-variants; expr-correlation; STR	28854174	status: Diagnostic, Primary | site: Kidney | age: 48 | sex: Female
SJWLM033708_X1	Wilms tumor		O-PDX	WGS/WES(matched); RNA-seq(matched); histology/IHC; somatic-variants; expr-correlation; STR	28854174	status: Diagnostic, Primary | site: Kidney | age: 36 | sex: Female
SJWLM034020_X1	Wilms tumor		O-PDX	histology/IHC; STR	28854174	status: Recurrent, Primary | site: Kidney | age: 48 | sex: Male
SJWLM034108_X1	Wilms tumor		O-PDX	WGS/WES(matched); RNA-seq(matched); histology/IHC; STR	28854174	status: Diagnostic, Primary | site: Kidney | age: 84 | sex: Male
SJWLM034156_X1	Wilms tumor		O-PDX	histology/IHC; STR	28854174	status: Diagnostic, Primary | site: Kidney | age: 36 | sex: Female
SJWLM034484_X1	Wilms tumor		O-PDX	histology/IHC; somatic-variants; expr-correlation; STR	28854174	status: Diagnostic, Primary | site: Kidney | age: 144 | sex: Male
SJWLM034677_X1	Wilms tumor		O-PDX	WGS/WES(matched); RNA-seq(matched); histology/IHC; somatic-variants; STR	28854174	mutations: CRLF2, WHSC1 | status: Diagnostic, Primary | site: Kidney | age: 60 | sex: Male
SJWLM034911_X1	Wilms tumor		O-PDX	histology/IHC; STR	28854174	status: Diagnostic, Primary | site: Kidney | age: 48 | sex: Female
SJWLM036515_X1	Wilms tumor		O-PDX	histology/IHC; STR	28854174	status: Diagnostic, Primary | site: Kidney | age: 16 | sex: Female
SJWLM046146_X1	Wilms tumor		O-PDX	WGS/WES(matched); RNA-seq(matched); histology/IHC; EM; somatic-variants; expr-correlation; STR; snRNA/scRNA-seq[GSE293805]	28854174	mutations: ATRX, CTNNB1, DROSHA, KRAS, NRAS, NTRK1, RB1 | status: Diagnostic, Primary | site: Kidney | age: 6 | sex: Male
SJWLM046152_X1	Wilms tumor		O-PDX	WGS/WES(matched); RNA-seq(matched); histology/IHC; EM; somatic-variants; expr-correlation; cell-model(2D/3D/line/iPSC); STR; snRNA/scRNA-seq[GSE293805]	28854174	cell models: 3D-spheroid | mutations: CCND2, CDK4, MYCN | status: Diagnostic, Primary | site: Kidney | age: 180 | sex: Male
SJWLM046157_X1	Wilms tumor		O-PDX	WGS/WES(matched); histology/IHC; EM; cell-model(2D/3D/line/iPSC); STR; snRNA/scRNA-seq[GSE293805]	28854174	cell models: 3D-spheroid | mutations: ALK, ATRX, DROSHA, EWSR1, MYCN, NTRK1, SMARCA4, TP53 | status: Diagnostic, Primary | site: Kidney | age: 22 | sex: Female
SJWLM046158_X1	Wilms tumor		O-PDX	WGS/WES(matched); RNA-seq(matched); histology/IHC; EM; somatic-variants; expr-correlation; STR; snRNA/scRNA-seq[GSE293805]	28854174	mutations: BCR, BRAF, CTNNB1, MYCN, BCR, WT1 | status: Diagnostic, Primary | site: Kidney | age: 72 | sex: Female
SJWLM049191_X1	Wilms tumor		O-PDX	WGS/WES(matched); RNA-seq(matched); histology/IHC; EM; somatic-variants; expr-correlation; STR; snRNA/scRNA-seq[GSE293805]	28854174	mutations: SMARCA4, SMARCB1 | status: Diagnostic, Primary | site: Kidney | age: 36 | sex: Female
SJWLM059681_X2	Wilms tumor		O-PDX	WGS/WES(matched); RNA-seq(matched); histology/IHC; somatic-variants; expr-correlation; STR	28854174	mutations: MYCN | status: Diagnostic, Primary | site: Kidney | age: 36 | sex: Female
SJWLM071563_X1	Wilms tumor		O-PDX	WGS/WES(matched); RNA-seq(matched); histology/IHC; somatic-variants; expr-correlation; STR	28854174	mutations: no common mutation found | status: Diagnostic, Primary | site: Kidney | age: 48 | sex: Female
SJWLM071774_X1	Wilms tumor		O-PDX	WGS/WES(matched); RNA-seq(matched); histology/IHC; EM; somatic-variants; expr-correlation; STR	28854174	mutations: NF1, NOTCH3, SUFU, TERT, TRAF4 | status: Diagnostic, Primary | site: Kidney | age: 19 | sex: Female
SJWLM071778_X1	Wilms tumor		O-PDX	WGS/WES(matched); RNA-seq(matched); histology/IHC; EM; somatic-variants; expr-correlation; cell-model(2D/3D/line/iPSC); STR	28854174	cell models: 3D-spheroid | mutations: DROSHA | status: Diagnostic, Primary | site: Kidney | age: 36 | sex: Female
SJWLM071784_X1	Wilms tumor		O-PDX	WGS/WES(matched); RNA-seq(matched); histology/IHC; EM; expr-correlation; cell-model(2D/3D/line/iPSC); STR	28854174	cell models: 3D-spheroid,2D-adapted | mutations: ALK, BRAF, DROSHA, FLI1, KRAS, MYCN, NTRK1 | status: Diagnostic, Primary | site: Kidney | age: 24 | sex: Male
SJWLM071786_X1	Wilms tumor		O-PDX	WGS/WES(matched); RNA-seq(matched); histology/IHC; EM; somatic-variants; expr-correlation; STR	28854174	mutations: MYCN, TP53 | status: Diagnostic, Primary | site: Kidney | age: 60 | sex: Male
SJWLM071786_X2	Wilms tumor		O-PDX	WGS/WES(matched); histology/IHC; somatic-variants; expr-correlation; cell-model(2D/3D/line/iPSC); STR	28854174	cell models: 3D-spheroid,2D-adapted | mutations: MYCN, TP53 | status: Diagnostic, Primary | site: Kidney | age: 60 | sex: Male
SJWLM074940_X1	Wilms tumor		O-PDX	histology/IHC; STR	28854174	status: Recurrent, Primary | site: Kidney | age: 84 | sex: Female
SJWLM079423_X1	Wilms tumor		O-PDX	histology/IHC; STR	28854174	status: Recurrent, Primary | site: Retroperitoneum | age: 132 | sex: Male
SJWLM079423_X2	Wilms tumor		O-PDX	histology/IHC; STR	28854174	status: Recurrent, Metastatic | site: Abdomen | age: 156 | sex: Male
SJWLM093897_X1	Wilms tumor		O-PDX	histology/IHC; STR	28854174	status: Diagnostic, Primary | site: Kidney | age: 12 | sex: Female
SJWLM093898_X1	Wilms tumor		O-PDX	histology/IHC; STR	28854174	status: Diagnostic, Primary | site: Kidney | age: 10 | sex: Male
SJWLM093899_X1	Wilms tumor		O-PDX	histology/IHC; STR	28854174	status: Diagnostic, Primary | site: Kidney | age: 84 | sex: Male
SJWLM098143_X1	Wilms tumor		O-PDX	histology/IHC; STR	28854174	status: Recurrent, Metastatic | site: Retroperitoneum | age: 48 | sex: Male
