family	subtype_code	disease	subtype_name	WHO_2020_category	defining_lesion	key_epigenetic_mechanism	key_markers	clinical_notes	pediatric_relevance	key_reference_PMID
RMS	FP-RMS-P3F	Rhabdomyosarcoma	Fusion-positive RMS, PAX3::FOXO1	Alveolar rhabdomyosarcoma (classic or solid variant); some mixed alveolar/embryonal	t(2;13)(q35;q14) PAX3::FOXO1; ~55-60% of ARMS; frequent fusion-locus amplification; co-amplification of MYCN, CDK4, MIR17HG; low SNV burden		Diffuse strong myogenin (MYOG) and MYOD1; desmin; AP-2beta (TFAP2B), P-cadherin, FGFR4, ALK; FOXO1 break-apart FISH positive	Worst prognosis; fusion status now supersedes histology in COG/EpSSG risk stratification; metastatic FP-RMS 5-y EFS <20-30%; MYCN amplification and TP53 alteration further worsen outcome	Older children and adolescents (median at the teenage end of the RMS age range)	8275086;7536457;34166060;31456361
RMS	FP-RMS-P7F	Rhabdomyosarcoma	Fusion-positive RMS, PAX7::FOXO1	Alveolar rhabdomyosarcoma	t(1;13)(p36;q14) PAX7::FOXO1; ~20-25% of ARMS; the fusion gene is nearly always genomically amplified		Same myogenic markers as PAX3::FOXO1 (myogenin, MYOD1, desmin); FOXO1 break-apart FISH positive; distinct expression and DNA-methylation cluster from PAX3::FOXO1	Better EFS/OS than PAX3::FOXO1 in both localized and metastatic disease, but still grouped as FP-RMS for therapy	Younger than PAX3::FOXO1 cases (often <10 y); extremity primaries over-represented	8187070;34166060;31456361
RMS	FP-RMS-VAR-PAX	Rhabdomyosarcoma	Fusion-positive RMS with variant PAX3/PAX7 partners	Alveolar or solid-variant RMS; rarely spindle cell	PAX3::NCOA1 t(2;2)(q35;p23); PAX3::NCOA2; PAX3::INO80D; PAX3::MAML3; PAX3::FOXO4 (AFX); PAX7::NCOA1		Myogenin/MYOD1/desmin positive; FOXO1 break-apart FISH is NEGATIVE - a major diagnostic pitfall; detection requires RNA-based fusion panel	Rare (<2% of RMS); assumed to behave like FP-RMS but outcome data are very limited; PAX3::MAML3 cases are often sinonasal/head-and-neck	Children and adolescents	15313887;39147032;34166060
RMS	FP-RMS-VAR-FOXO1	Rhabdomyosarcoma	FOXO1 fused to non-PAX partners	Solid-variant alveolar RMS; spindle cell RMS of bone	FOXO1::FGFR1 (with amplification); MEIS1::FOXO1		Myogenic markers positive; PAX3/PAX7 break-apart negative but FOXO1 break-apart positive	Very rare; FOXO1::FGFR1 provides a rationale for FGFR-directed therapy	Children and young adults	21666686;41075874
RMS	SC-RMS-NCOA2	Rhabdomyosarcoma	Congenital/infantile spindle cell RMS with NCOA2/VGLL2-family fusions	Spindle cell/sclerosing rhabdomyosarcoma (WHO 2020), congenital-infantile type	VGLL2::NCOA2; VGLL2::CITED2; SRF::NCOA2; TEAD1::NCOA2; VGLL2::NCOA1		Desmin positive, MYOD1 positive, myogenin usually patchy/weak; bland spindle-cell morphology; FOXO1 FISH negative	Favourable: local recurrence occurs but metastasis and death are rare; good outcome, often with surgery alone	Birth to approximately 1 year (congenital/infantile)	23463663;26501226;34067464
RMS	SC-RMS-MEIS1	Rhabdomyosarcoma	Spindle cell RMS with MEIS1::NCOA2 / ZFP64::NCOA2	Spindle cell/sclerosing rhabdomyosarcoma	MEIS1::NCOA2; MEIS1::NCOA1; ZFP64::NCOA2; ZFP64::NCOA3		Desmin positive; variable MYOD1/myogenin; low-grade spindle morphology; genitourinary/gynaecologic and intraosseous sites	Frequently lower-grade behavior than MYOD1-mutant spindle RMS, but intraosseous cases can be aggressive; series are small	Children through adults	33574497;41075874;37668330
RMS	SC-RMS-TFCP2	Rhabdomyosarcoma	TFCP2-rearranged RMS	Spindle cell/epithelioid rhabdomyosarcoma, characteristically intraosseous (craniofacial bones)	EWSR1::TFCP2 or FUS::TFCP2; frequent CDKN2A deletion; recurrent ALK overexpression/amplification and occasional ALK fusion (e.g. DCTN1::ALK)		Co-expression of cytokeratin AE1/AE3 with myogenic markers (desmin, MYOD1, myogenin); ALK immunopositive - mimics metastatic carcinoma	Highly aggressive with early metastasis and poor survival; poorly responsive to conventional RMS chemotherapy; ALK and CDK4/6 inhibition proposed	Adolescents and young adults; female predominance reported	38114270;36374445;37633005
RMS	SS-RMS-MYOD1	Rhabdomyosarcoma	MYOD1 L122R-mutant spindle cell/sclerosing RMS	Spindle cell/sclerosing rhabdomyosarcoma (WHO 2020)	MYOD1 p.Leu122Arg (c.365T>G) neomorphic MYC-like mutation, frequently homozygous via LOH; PIK3CA co-mutation in roughly one third of cases; also PTEN, AKT1, GNAS; TP53 alterations common		Diffuse strong MYOD1 (often stronger and more diffuse than myogenin); desmin positive; sclerosing/hyalinized or fascicular spindle pattern; head-and-neck and deep extremity sites	Highly aggressive irrespective of patient age or histologic pattern (spindle vs sclerosing); poor OS; managed as high risk; PIK3CA co-mutation gives a PI3K/AKT/mTOR targeting rationale	Older children, adolescents and adults - occurs at any age	24793135;30181563;27261172
RMS	SC-RMS-INF-NOS	Rhabdomyosarcoma	Congenital/infantile spindle cell RMS, fusion-negative	Spindle cell/sclerosing rhabdomyosarcoma, congenital-infantile	No recurrent fusion detected in a subset; MYOD1 wild type; some cases carry as-yet unclassified NCOA2-family or other rearrangements		Desmin positive, MYOD1 positive, myogenin patchy	Generally favourable, comparable to fusion-positive infantile spindle cell RMS	<1 year	26501226;23463663
RMS	FN-RMS	Rhabdomyosarcoma	Fusion-negative RMS (embryonal) - overall category	Embryonal rhabdomyosarcoma (classic, botryoid, anaplastic)	No PAX::FOXO1 fusion; LOH/uniparental disomy at 11p15.5 (IGF2 locus); whole-chromosome gains of 2, 7, 8, 11, 12, 13, 20; higher SNV burden than FP-RMS		Patchy/variable myogenin, MYOD1 positive, desmin positive; FOXO1 FISH negative	Better overall than FP-RMS; anaplasia and TP53 mutation confer markedly worse outcome; relapsed FN-RMS remains largely incurable	Median <10 years; head/neck, genitourinary and orbital primaries	24436047;34166060;26138366
RMS	FN-RMS-RAS	Rhabdomyosarcoma	FN-RMS with RAS-pathway activation	Embryonal rhabdomyosarcoma	NRAS (Q61), KRAS (G12/Q61) and HRAS (Q61) hotspot mutations; plus NF1 loss, PTPN11, BRAF; collectively ~40-50% of FN-RMS		Myogenic markers as for FN-RMS; RAS-MAPK transcriptional signature	Intermediate outcome within FN-RMS; MEK inhibition with or without IGF1R inhibition is under clinical investigation	Infants and young children; HRAS mutations enriched in infants, including Costello syndrome-associated RMS	22142829;24436047;34166060
RMS	FN-RMS-FGFR4	Rhabdomyosarcoma	FN-RMS with FGFR4 activation	Embryonal rhabdomyosarcoma (FGFR4 is also a PAX3::FOXO1 target gene in FP-RMS)	FGFR4 kinase-domain mutations (p.N535K, p.V550E, p.V550L); FGFR4 amplification/overexpression		High FGFR4 protein expression; standard myogenic markers	FGFR4 mutation associates with advanced stage and inferior survival; FGFR4 is an active CAR-T, ADC and TKI target	Children	22142829;24436047
RMS	FN-RMS-TP53	Rhabdomyosarcoma	FN-RMS with TP53 mutation (somatic or germline / Li-Fraumeni)	Embryonal rhabdomyosarcoma, frequently anaplastic	Somatic or germline TP53 mutation; anaplasia strongly enriched; frequent co-occurring MYCN or CDK4 amplification		Anaplastic morphology; aberrant p53 immunostaining	Independently associated with markedly inferior EFS and OS within FN-RMS; mandates germline testing and Li-Fraumeni surveillance	Young children; germline TP53-associated RMS typically presents <3 years	34166060;24436047
RMS	FN-RMS-OTHER	Rhabdomyosarcoma	FN-RMS with other recurrent drivers (FBXW7, BCOR, PIK3CA, CTNNB1, DICER1)	Embryonal rhabdomyosarcoma, including botryoid cervical/uterine ERMS	FBXW7, BCOR, PIK3CA, CTNNB1, ARID1A mutations; DICER1 hotspot mutations in cervical/uterine botryoid ERMS		Myogenic markers; DICER1-associated cases often show cartilaginous islands and arise in cervix/uterus	Individually rare; DICER1-associated ERMS prompts germline DICER1 testing and pleuropulmonary-blastoma-tumor-predisposition surveillance	Variable; DICER1-associated ERMS typically in adolescents and young women	24436047;26138366;22157934
RMS	PL-RMS	Rhabdomyosarcoma	Pleomorphic rhabdomyosarcoma	Pleomorphic rhabdomyosarcoma (WHO 2020)	No recurrent fusion; highly complex genome with chromothripsis; near-universal TP53 loss/mutation and frequent RB1 loss		Desmin positive, MYOD1 positive, myogenin often only focal; bizarre pleomorphic rhabdomyoblasts; deep extremity soft tissue	Behaves as a high-grade adult pleomorphic sarcoma; poor prognosis; does not benefit from pediatric RMS chemotherapy regimens	Adults, typically >40-50 years; very rare in children	37593416
RMS	EMES	Rhabdomyosarcoma	Malignant ectomesenchymoma	Ectomesenchymoma - biphasic rhabdomyosarcomatous plus neuroectodermal/ganglionic tumor	Biphasic: an RMS component (usually embryonal, rarely alveolar or spindle) plus ganglioneuroma/ganglioneuroblastoma/neuroblastoma; molecularly overlaps FN-RMS with reported HRAS/RAS-pathway mutations; rare PAX3::FOXO1-positive cases; no single defining lesion established (unknown)		Myogenin/MYOD1/desmin in the RMS component; synaptophysin, S100, PHOX2B, NB84 in the neural component	Treated on RMS protocols; in the EpSSG series outcome is broadly comparable to stage-matched RMS; the neural component does not independently worsen prognosis	Infants and young children (majority <5 years); head/neck, perineum and genitourinary sites	36440693;38496756
EWS	EWSR1-FLI1-T1	Ewing / round cell sarcoma	Ewing sarcoma, EWSR1::FLI1 type 1	Ewing sarcoma (Undifferentiated small round cell sarcomas of bone and soft tissue)	t(11;22)(q24;q12); EWSR1 ex7::FLI1 ex6		CD99 strong diffuse membranous; NKX2-2 nuclear; FLI1 nuclear; PAX7; caveolin-1; ETV4 neg; WT1 neg	~60% of EWSR1::FLI1 cases; EWSR1::FLI1 = 70-85% of all EwS		1522903;36115869;20308669
EWS	EWSR1-FLI1-T2	Ewing / round cell sarcoma	Ewing sarcoma, EWSR1::FLI1 type 2	Ewing sarcoma	t(11;22)(q24;q12); EWSR1 ex7::FLI1 ex5		same as type 1	~25% of EWSR1::FLI1 cases		1522903;36115869;20308673
EWS	EWSR1-FLI1-OTHER	Ewing / round cell sarcoma	Ewing sarcoma, EWSR1::FLI1 non-type1/2 (types 3, 4 and rare)	Ewing sarcoma	EWSR1 ex7/9/10 :: FLI1 ex4/5/6/8 (e.g. type 3 = ex10/ex6; type 4 = ex10/ex5)		same as type 1	~10-15% of EWSR1::FLI1 cases		25010205;36476851
EWS	EWSR1-ERG	Ewing / round cell sarcoma	Ewing sarcoma, EWSR1::ERG	Ewing sarcoma	t(21;22)(q22;q12)		CD99; NKX2-2; ERG nuclear positive; FLI1 may be negative	~5-10% of EwS (EWSR1/FUS::ERG ~15% collectively)		8223458;8162068;36115869
EWS	EWSR1-ETV1	Ewing / round cell sarcoma	Ewing sarcoma, EWSR1::ETV1	Ewing sarcoma	t(7;22)(p22;q12)		CD99; NKX2-2	<1% (EWSR1::ETV1/ETV4 together ~1%)		7700648;36115869
EWS	EWSR1-ETV4	Ewing / round cell sarcoma	Ewing sarcoma, EWSR1::ETV4 (E1AF/PEA3)	Ewing sarcoma	t(17;22)(q12;q12)		CD99; NKX2-2; ETV4 positive (overlaps CIC-rearranged sarcoma - do not use ETV4 alone)	<1%		8834175;8605035;9738976
EWS	EWSR1-FEV	Ewing / round cell sarcoma	Ewing sarcoma, EWSR1::FEV	Ewing sarcoma	t(2;22)(q35;q12)		CD99; NKX2-2	<1-5% (EWSR1/FUS::FEV ~5% in consensus estimates)		9121764;36115869
EWS	FUS-ERG	Ewing / round cell sarcoma	Ewing sarcoma, FUS::ERG	Ewing sarcoma	t(16;21)(p11;q22)		CD99; NKX2-2; ERG nuclear	~1%		12907633
EWS	FUS-FEV	Ewing / round cell sarcoma	Ewing sarcoma, FUS::FEV	Ewing sarcoma	t(2;16)(q35;p11)		CD99; NKX2-2	<<1%; isolated case reports only		41355119;41212431
EWS	ALES	Ewing / round cell sarcoma	Adamantinoma-like Ewing sarcoma	Ewing sarcoma (morphologic variant)	EWSR1::FLI1 (most); rare FUS::FEV		CD99 + AND pancytokeratin/p40/p63 positive (epithelial co-expression)	rare; head/neck, thyroid, salivary gland		41212431;41632692
EWS	STAG2-LOSS	Ewing / round cell sarcoma	Secondary alteration: STAG2 loss (cohesin)	Ewing sarcoma	STAG2 truncating mutation / deletion (Xq25)		STAG2 IHC loss; largely mutually exclusive with CDKN2A deletion; amplifies GGAA-microsatellite enhancer activity and rewires enhancer-promoter contacts	15-22% of primary EwS; ~44% of EwS cell lines; 20% of PPTC EwS PDX		25223734;25010205;36221002;34129824;39487368;41950086
EWS	TP53-MUT	Ewing / round cell sarcoma	Secondary alteration: TP53 mutation	Ewing sarcoma	TP53 missense/truncating		p53 IHC aberrant; co-occurrence with STAG2 defines a highly aggressive subtype	6-10% of tumors; ~72% of cell lines (strong culture selection bias)		25223734;25010205
EWS	CDKN2A-DEL	Ewing / round cell sarcoma	Secondary alteration: CDKN2A/B deletion	Ewing sarcoma	homozygous 9p21.3 deletion		p16 IHC loss; mutually exclusive with STAG2 mutation in PDX cohorts	12-22% of tumors; ~50% of cell lines; 60% of PPTC EwS PDX		25223734;25010205;31693904
EWS	GGAA-MSAT	Ewing / round cell sarcoma	GGAA-microsatellite neoenhancer biology	Ewing sarcoma (epigenetic mechanism, not a WHO entity)	EWSR1::FLI1 binding to GGAA microsatellite repeats		EWS-FLI1 prion-like/low-complexity domain recruits BAF(SWI/SNF); converts closed GGAA mSats into de novo H3K27ac/H3K4me1 enhancers; enhancer strength scales with repeat number; germline mSat length is a susceptibility modifier	present in essentially all FET::ETS EwS		18626011;25453903;28844694;28134926
EWS	EWSR1-NFATC2	Ewing / round cell sarcoma	Round cell sarcoma with EWSR1::NFATC2	Round cell sarcoma with EWSR1-non-ETS fusions	t(20;22)(q13;q12); fusion is frequently amplified		AGGRECAN positive; CD99 variable/dot-like; NKX2-2 negative; PAX7 positive; keratin/EMA may be positive; distinct DNA methylation class	rare (<1% of round cell sarcomas); adults, male predominance, metaphysis of long bones		32327700;30895378;32362012;41769939
EWS	FUS-NFATC2	Ewing / round cell sarcoma	Round cell sarcoma with FUS::NFATC2	Round cell sarcoma with EWSR1-non-ETS fusions	t(16;20)(p11;q13)		similar immunoprofile; methylation profile distinct from EWSR1::NFATC2	very rare		31078563;30895378
EWS	EWSR1-PATZ1	Ewing / round cell sarcoma	Round/spindle cell sarcoma with EWSR1::PATZ1	Round cell sarcoma with EWSR1-non-ETS fusions	intrachromosomal inv(22)(q12q12)		polyphenotypic - co-expression of desmin/myogenin/MyoD1 with S100/SOX10/GFAP; PATZ1 IHC	rare; thoracoabdominal predilection		34112958;42270011
EWS	CIC-DUX4	Ewing / round cell sarcoma	CIC-rearranged sarcoma, CIC::DUX4	CIC-rearranged sarcoma	t(4;19)(q35;q13) CIC::DUX4 (4q35)		ETV4 positive; WT1 positive; DUX4 C-terminus nuclear positive; CD99 focal/patchy (not diffuse); NKX2-2 negative; calretinin positive	~2/3 of EWSR1-negative undifferentiated round cell sarcomas; ~95% of CIC-rearranged sarcomas		16717057;28346326;27443513;39381843
EWS	CIC-DUX4L	Ewing / round cell sarcoma	CIC-rearranged sarcoma, CIC::DUX4L	CIC-rearranged sarcoma	t(10;19)(q26;q13); DUX4L paralogue on 10q26		same as CIC::DUX4	minority of CIC::DUX4-type fusions		16717057;28346326
EWS	CIC-NUTM1	Ewing / round cell sarcoma	CIC-rearranged sarcoma, CIC::NUTM1	CIC-rearranged sarcoma	CIC::NUTM1		NUT IHC positive; ETV4 variable; DUX4 negative	rare variant (single-digit case series)		30407212;29700887
EWS	CIC-FOXO4	Ewing / round cell sarcoma	CIC-rearranged sarcoma, CIC::FOXO4	CIC-rearranged sarcoma	t(X;19)(q13;q13.3)		ETV4 positive; DUX4 negative	very rare		41426942;31033080
EWS	CIC-LEUTX/CIC-NUTM2A	Ewing / round cell sarcoma	CIC-rearranged sarcoma, rare partners	CIC-rearranged sarcoma	CIC::LEUTX, CIC::NUTM2A		ETV4 variable; DUX4 negative	very rare		31033080
EWS	ATXN1-DUX4	Ewing / round cell sarcoma	DUX4-rearranged sarcoma expanding CIC concept (CNS)	CIC-rearranged sarcoma (concept extension)	ATXN1::DUX4 / ATXN1L::DUX4		DUX4 positive; CIC FISH negative	very rare; CNS		35715887
EWS	BCOR-CCNB3	Ewing / round cell sarcoma	Sarcoma with BCOR::CCNB3 fusion	Sarcoma with BCOR genetic alterations	inv(X)(p11.4p11.22) BCOR::CCNB3		BCOR positive; CCNB3 nuclear positive; SATB2 positive; TLE1 positive; cyclin D1 diffuse positive; CD99 dot-like/variable	~60% of BCOR-altered sarcomas; ~4-5% of EWSR1-negative round cell sarcomas; marked male predominance, <20y, bone > soft tissue; 5y OS ~75%		22387997;24805859;29300189;27428733;40652565
EWS	BCOR-MAML3	Ewing / round cell sarcoma	Sarcoma with BCOR::MAML3	Sarcoma with BCOR genetic alterations	BCOR::MAML3		BCOR overexpression	rare		26752546;27428733
EWS	ZC3H7B-BCOR	Ewing / round cell sarcoma	Sarcoma with ZC3H7B::BCOR	Sarcoma with BCOR genetic alterations	ZC3H7B::BCOR (also in high-grade endometrial stromal sarcoma)		BCOR overexpression; cyclin D1	rare		26752546;33077922
EWS	BCOR-ITD	Ewing / round cell sarcoma	Undifferentiated round cell sarcoma with BCOR internal tandem duplication	Sarcoma with BCOR genetic alterations	BCOR exon 15 internal tandem duplication		BCOR positive; cyclin D1 positive; SATB2 positive	infants (<1y); overlaps primitive myxoid mesenchymal tumor of infancy and clear cell sarcoma of kidney		32372022;27428733
EWS	YWHAE-NUTM2B	Ewing / round cell sarcoma	Undifferentiated round cell sarcoma with YWHAE::NUTM2B/2A	Sarcoma with BCOR genetic alterations (related group)	t(10;17) YWHAE::NUTM2B/NUTM2A		BCOR positive; NTRK3 overexpression (not NTRK3 fusion)	very rare		32372022;32034283
EWS	KDM2B-REARR	Ewing / round cell sarcoma	KDM2B-rearranged soft tissue sarcoma	Sarcoma with BCOR genetic alterations (concept extension)	KDM2B fusions (e.g. KDM2B::CXXC5)		BCOR overexpression	very rare		
OS/BONE	OS-CONV-OB		Conventional osteosarcoma, osteoblastic	histologic (WHO 2020)	High-grade intramedullary OS; predominant malignant osteoid/bone matrix (>50% osteoblastic)		SATB2+, RUNX2+, SP7/Osterix+, ALPL+, COL1A1+			33480599
OS/BONE	OS-CONV-CB		Conventional osteosarcoma, chondroblastic	histologic (WHO 2020)	High-grade intramedullary OS with predominant malignant hyaline cartilage matrix		SOX9+, ACAN+, COL2A1+, S100+, SATB2+ in osteoid areas			33480599
OS/BONE	OS-CONV-FB		Conventional osteosarcoma, fibroblastic	histologic (WHO 2020)	High-grade intramedullary OS with predominant spindle-cell/fibrous matrix and minimal osteoid		SATB2+, vimentin+, low osteoid; MDM2/CDK4-negative			33480599
OS/BONE	OS-TEL		Telangiectatic osteosarcoma	histologic (WHO 2020)	Blood-filled cystic spaces with septa containing high-grade sarcoma cells; radiographically mimics aneurysmal bone cyst		SATB2+; no USP6 rearrangement (distinguishes from ABC); frequent TP53 structural alteration			33480599
OS/BONE	OS-SC		Small cell osteosarcoma	histologic (WHO 2020)	Small round blue cells with lace-like osteoid; differential vs Ewing sarcoma		SATB2+, CD99 variable/weak, EWSR1 FISH-negative, NKX2-2-negative			33480599
OS/BONE	OS-PAR		Parosteal osteosarcoma	histologic (WHO 2020)	Low-grade surface OS of the posterior distal femur metaphysis; parallel bony trabeculae in bland spindle stroma		MDM2 and CDK4 amplification (12q13-15 supernumerary ring/giant marker chromosome); MDM2/CDK4 IHC+			21336260
OS/BONE	OS-PER		Periosteal osteosarcoma	histologic (WHO 2020)	Intermediate-grade surface OS with predominantly chondroblastic differentiation, diaphyseal		SOX9+; MDM2/CDK4 usually NOT amplified (distinguishes from parosteal)			25680902
OS/BONE	OS-HGS		High-grade surface osteosarcoma	histologic (WHO 2020)	High-grade OS arising on the bone surface without medullary involvement		SATB2+; genomics resembles conventional high-grade OS; MDM2-negative			33480599
OS/BONE	OS-LGC		Low-grade central osteosarcoma	histologic (WHO 2020)	Low-grade intramedullary fibro-osseous lesion; mimics fibrous dysplasia/desmoplastic fibroma		MDM2 and CDK4 amplification/overexpression; GNAS-negative			20601938
OS/BONE	OS-SEC-PAGET		Secondary osteosarcoma, Paget disease-associated	histologic/etiologic (WHO 2020)	High-grade OS arising in pagetic bone in older adults; poor prognosis		Elevated ALP; SQSTM1/p62 germline variants in some Paget kindreds; complex karyotype			29492676
OS/BONE	OS-SEC-RT		Secondary osteosarcoma, radiation-associated	histologic/etiologic (WHO 2020)	High-grade OS arising in a prior radiation field, typically >3 y latency		Complex genome; enriched in hereditary retinoblastoma and other irradiated childhood-cancer survivors			10561354
OS/BONE	OS-EOD		Early osteoblast-derived (EOD) / RUNX2-high subtype	transcriptional-epigenetic (chromatin accessibility / super-enhancer CRC)	ATAC-seq cluster enriched for RUNX2/RUNX3/MEOX2/MEF2 motifs; core regulatory circuitry RUNX2-SATB2-SP7-ZNF148; enriched for MYC-amplified PDX-derived lines; more aggressive in vivo; selectively sensitive to AURKB inhibition (AZD1152/barasertib)		RUNX2-high, SATB2-high, SP7/Osterix-high, ZNF148-high, MEF2A/C/D, DLX2/DLX6, HOXA5, VAX2, c-MYC-high; RUNX2 is an EOD-selective DepMap dependency			41037662
OS/BONE	OS-LOD		Late osteoblast-derived (LOD) / FOSL1-high subtype	transcriptional-epigenetic (chromatin accessibility / super-enhancer CRC)	ATAC-seq cluster enriched for AP-1 motifs; core regulatory circuitry FOSL1-FOSL2-JUN-TEAD1-RUNX2; contains most long-term established OS cell lines; high p-ERK; selectively sensitive to MEK inhibition (trametinib)		FOSL1-high, FOSL2-high, JUN/JUNB-high, TEAD1, NFATC2 (LOD-restricted CRC node), p-ERK-high, COL6A2/COL6A3 ECM DORCs; FOSL1 and JUN are LOD-selective DepMap dependencies			41037662
OS/BONE	OS-BLEND		Blend / intermediate (EOD+LOD) group	transcriptional-epigenetic	Third cluster in hierarchical clustering of the 237-gene EOD/LOD signature in patient tumors; single-nucleus multiome shows EOD and LOD cells coexisting in one tumor plus an 'undetermined' fraction; EOD in biopsy shifting to LOD in resection/metastasis in 4 patients		Co-expression of EOD (RUNX2/SP7/SATB2) and LOD (FOSL1/FOSL2/JUN) programs			41037662
OS/BONE	OS-KLF1		KLF1-high subtype	transcriptional-epigenetic (RNA-seq + ATAC-seq; UNPUBLISHED)	Third transcriptional subtype of osteosarcoma alongside the RUNX2-high and FOSL1-high subtypes, defined in a 60-patient Tel Aviv OS cohort profiled by RNA-seq and ATAC-seq. Subtype assignment is made by k-means quadrant gating on per-sample RNA-seq subtype scores, with the resulting groups corroborated by subtype-selective ATAC-seq peaks. NOT YET IN THE INDEXED LITERATURE: no PubMed, Europe PMC or AACR record describes a KLF1-defined osteosarcoma subtype, so it cannot currently be cited from a public source.		KLF1-high (distinguishing it from the RUNX2-high and FOSL1-high subtypes); RNA-seq subtype-score quadrant assignment plus KLF1-subtype-selective ATAC-seq peaks			"unpublished (Chin et al., ""RUNX2 is essential for active chromatin clusters in osteosarcoma and is vulnerable to p300 inhibition"", Gryder lab, manuscript in preparation 2026)"
OS/BONE	OS-S-IA		S-IA / iCluster1 - immune activated	multi-omics (SGH-OS Chinese cohort, n=121)	Low tumor purity, low proliferation, high immune infiltration; favorable prognosis		BANK1-high, high immune/ESTIMATE score, low MYC and CCNE1 amplification			36418292
OS/BONE	OS-S-IS		S-IS / iCluster2 - immune suppressed	multi-omics (SGH-OS Chinese cohort)	Higher purity than S-IA, activated fatty-acid metabolism, immune exhaustion; intermediate-poor prognosis		CD36 amplification, immune-exhaustion markers			36418292
OS/BONE	OS-S-HRD		S-HRD / iCluster3 - homologous recombination deficient	multi-omics (SGH-OS Chinese cohort)	Highest tumor purity, extreme genomic instability, HRD-positive in 84.2%; relatively favorable with platinum		TP53 and BRCA2 deletions, NSD1 loss, COSMIC signature 3 / BRCAness			36418292
OS/BONE	OS-S-MD		S-MD / iCluster4 - MYC driven	multi-omics (SGH-OS Chinese cohort)	MYC amplification, OXPHOS activation, immune-cold; worst prognosis (5-y OS <40%) and chemoresistance		MYC (8q24) amplification, OXPHOS signature			36418292
OS/BONE	OS-C1		C1 immune-cold cluster	immunogenomic (MD Anderson cohort n=48 + TARGET-OS validation)	Lowest immune infiltrate, low TCR clonality, low neoantigen expression, high nonsense-mediated decay		Low CD8A, low GZMA/PRF1 cytolytic score, low ESTIMATE/TIMER scores			32081846
OS/BONE	OS-C3		C3 immune-hot cluster	immunogenomic (MD Anderson cohort + TARGET-OS)	Relatively high immune infiltrate, enriched in older patients; upregulated immunosuppressive checkpoints		CD8+ TIL-high, PD-1/PD-L1, CTLA4, IFNG pathway enrichment, high GZMA/PRF1			32081846
OS/BONE	OS-G1		G1 favorable prognostic group	transcriptomic ICA of TME (European/French cohort, n=79 discovery + 82 + 96 validation)	Independent-component analysis of diagnostic biopsies; innate-immunity program; favorable overall survival		Innate immune / myeloid signature; NanoString-validated focused gene signature			35078815
OS/BONE	OS-G2		G2 unfavorable prognostic group	transcriptomic ICA of TME (European/French cohort)	Angiogenic, osteoclastic and adipogenic programs with PPARG pathway upregulation; poor overall survival		PPARG pathway, angiogenesis, osteoclast and adipogenic signatures			35078815
OS/BONE	OS-GCESS-IMM		Immune-low vs immune-high GCESS clusters	comparative transcriptomic (human n=49, mouse n=103, dog n=34)	Conserved cross-species intertumor variation; gene cluster expression summary score (GCESS) for immune-cell content and for cell cycle/mitosis; low immune GCESS associates with metastasis and poor survival		Immune-cell transcript cluster; cell-cycle/mitosis cluster			29066513
OS/BONE	OS-SC-OB		Malignant osteoblastic OS cell state	single-cell transcriptomic (scRNA-seq, 7 primary + 2 recurrent + 2 lung met)	Dominant malignant compartment in conventional OS		COL1A1, CDH11, RUNX2			33303760
OS/BONE	OS-SC-PROLIF		Proliferating osteoblastic OS cell state	single-cell transcriptomic	Osteoblastic markers plus cycling program		TOP2A, PCNA, MKI67 with COL1A1/RUNX2			33303760
OS/BONE	OS-SC-CB		Malignant chondroblastic OS cell state	single-cell transcriptomic	Cartilage-matrix program; trajectory analysis supports transdifferentiation of chondroblastic to osteoblastic malignant cells		ACAN, COL2A1, SOX9			33303760
OS/BONE	OS-SC-OC		Osteoclastic (TAM/osteoclast) compartment	single-cell transcriptomic	Lower osteoclast infiltration in chondroblastic, recurrent and lung-metastatic lesions vs primary osteoblastic lesions		CTSK, MMP9, ACP5			33303760
OS/BONE	OS-SC-TAM		Tumor-associated macrophage states	single-cell transcriptomic	10 myeloid subclusters; pro-inflammatory FABP4+ macrophages enriched in lung metastases		FABP4, CD68, CD163, C1QA			33303760
OS/BONE	OS-SC-FIB-INT		'Fibrogenic' and 'interactive' malignant cell states	single-cell transcriptomic (claimed)	NOT VERIFIED. No published osteosarcoma single-cell study using the specific state labels 'fibrogenic' or 'interactive' was found; the reproducible malignant-state labels are osteoblastic, proliferating/proliferative, chondroblastic, plus CAF and TAM compartments					
OS/BONE	GERM-TP53		TP53 / Li-Fraumeni syndrome	germline predisposition	Most frequent OS predisposition gene; ~28% of OS patients carry pathogenic/likely-pathogenic germline variants in cancer-susceptibility genes overall, TP53 most common; rare/low-frequency TP53 variants enriched in OS		Germline TP53 missense/truncating and copy-number variants; somatic TP53 near-universally disrupted in sporadic OS			32191290
OS/BONE	GERM-TP53b		TP53 germline variants and OS susceptibility	germline predisposition	9.5% of 765 OS cases carried rare exonic TP53 variants; 3.8% known LFS-associated		Germline TP53			25896519
OS/BONE	GERM-RB1		RB1 / hereditary retinoblastoma	germline predisposition	Germline RB1 carriers have markedly elevated OS risk, further increased by radiotherapy; OS is the most common second sarcoma		Germline RB1; somatic RB1 loss in ~30-40% of sporadic OS			31622129
OS/BONE	GERM-RECQL4		RECQL4 / Rothmund-Thomson syndrome type 2	germline predisposition	Biallelic deleterious RECQL4 variants; ~30% of RTS patients develop OS, often multifocal and at younger age		Germline RECQL4 truncating variants; poikiloderma, skeletal dysplasia			12734318
OS/BONE	GERM-WRN		WRN / Werner syndrome	germline predisposition	Adult progeria; OS is over-represented among Werner-associated neoplasms (soft-tissue sarcoma, OS, thyroid, melanoma, meningioma)		Germline WRN (RECQL2) biallelic loss			23573208
OS/BONE	GERM-BLM		BLM / Bloom syndrome	germline predisposition	Biallelic BLM (RECQL3) loss; sister-chromatid exchange; broad early-onset cancer spectrum that includes osteosarcoma		Germline BLM; elevated SCE on cytogenetics			28232778
OS/BONE	GERM-DKC1		DKC1 / dyskeratosis congenita (telomere biology disorders)	germline predisposition	Markedly elevated overall cancer risk; solid tumors including reported osteosarcoma; OS is a rare but described DC malignancy		Germline DKC1 (X-linked) and other telomere-maintenance genes; very short lymphocyte telomeres			19282459
OS/BONE	GERM-PANEL		Broad germline predisposition panel in osteosarcoma	germline predisposition	28% of 1244 OS patients had P/LP variants in 1 of 238 cancer-susceptibility genes; enriched genes included TP53, CDKN2A, RECQL4, BRCA2, ATM, PTEN, RET		Multigene germline panel			32191290
OS/BONE	GEN-CHROMO		Chromothripsis	genomic hallmark	Single catastrophic shattering-and-religation event; reported in 20-89% of OS and in the majority of PPTC OS PDX models; generates amplified oncogenic drivers		Clustered rearrangements with oscillating copy number (2-3 states) on one or few chromosomes; frequently chr8, chr17			24703847
OS/BONE	GEN-KATAEGIS		Kataegis	genomic hallmark	Localized hypermutation clusters (C>T/C>G at TpCpN) co-localizing with rearrangement breakpoints; reported in 50-85% of OS		APOBEC-type mutation clusters near SV breakpoints			24703847
OS/BONE	GEN-MYC		MYC (8q24) amplification	genomic hallmark	Recurrent focal 8q24 gain/amplification; defines the MYC-driven multi-omics subtype (S-MD), enriched in the EOD/RUNX2-high epigenetic subtype, associated with chemoresistance and CDK-inhibitor sensitivity		MYC copy number >4; c-MYC protein high			30266815
OS/BONE	GEN-CDKN2A		CDKN2A/B (9p21) homozygous deletion	genomic hallmark	Most common homozygous tumor-suppressor deletion in bone tumor cell lines (15/36 EuroBoNeT lines) and frequent in primary OS and dedifferentiated/high-grade chondrosarcoma		Loss of p16INK4a protein by IHC concordant with genomic deletion			19787792
OS/BONE	GEN-WGD		Whole-genome doubling / polyploidization	genomic hallmark	High baseline ploidy in OS; WGD emerges in a subset of PDX-derived cell lines relative to their parental PDX and patient tumor while expression profiles are largely maintained		Genome-wide allelic imbalance, ploidy >2n by WGS/SNP array			37703185
OS/BONE	GEN-HRD		BRCAness / homologous recombination deficiency	genomic hallmark	COSMIC signature 3 and large-scale-transition/LOH signatures reminiscent of BRCA deficiency in a large fraction of OS; basis of the S-HRD subtype and PARP-inhibitor rationale		COSMIC SBS3, HRD score, BRCA2/TP53 deletions			26632267
OS/BONE	GEN-IGF		IGF signaling gene rearrangement	genomic hallmark	Recurrent somatic amplification/rearrangement of IGF pathway genes (IGF1R, IGF1, IGF2) in ~7-14% of OS; distinct patterns of genomic rearrangement defined by WGS		IGF1R amplification, IGF1/IGF2 gain			28643781
OS/BONE	GEN-PI3K		PI3K/mTOR pathway alteration	genomic hallmark	PI3K/mTOR alterations in ~24% of OS across TARGET-OS and orthogonal shRNA screens; common actionable vulnerability		PIK3CA, PTEN, mTOR pathway alterations; p-mTOR by RPPA			25512523
OS/BONE	MCS-HEY1		Mesenchymal chondrosarcoma	fusion-defined (other bone tumor)	Biphasic small round cell + islands of hyaline cartilage; recurrent HEY1-NCOA2 fusion (in-frame HEY1 exon 4 to NCOA2 exon 13); rare IRF2BP2-CDX1		HEY1-NCOA2 fusion by RT-PCR/FISH/RNA-seq; SOX9+, NKX3-1 not required; CD99 variable			22034177
OS/BONE	CS-IDH		Conventional (central/periosteal) chondrosarcoma	mutation-defined (other bone tumor)	IDH1 or IDH2 hotspot mutations in ~50-60% of central chondrosarcomas and central/periosteal chondromas; absent in peripheral/secondary chondrosarcoma and other mesenchymal tumors; drives 2-HG and DNA hypermethylation		IDH1 p.R132C/G/H/L/S; IDH2 p.R172S/W/G; D-2-hydroxyglutarate accumulation; CpG island hypermethylator phenotype			21598255
OS/BONE	CHORD-TBXT		Chordoma	lineage-TF-defined (other bone tumor)	Notochordal tumor of the axial skeleton (clivus, mobile spine, sacrum); brachyury (TBXT) is the lineage-defining and diagnostic marker and an essential dependency; germline TBXT duplication in familial chordoma; rs2305089 risk allele in sporadic disease		Brachyury/TBXT nuclear IHC+, cytokeratin+, S100+, EMA+; frequent CDKN2A deletion; SMARCB1/INI1 loss in poorly differentiated chordoma			16538613
OS/BONE	CHORD-GERM		Familial chordoma - germline TBXT duplication	germline predisposition (other bone tumor)	Germline tandem duplication of the T/TBXT locus segregates with familial chordoma; T sequence variants characterized in familial and sporadic cases		Germline TBXT copy gain			24990759
OS/BONE	GCTB-H3F3A		Giant cell tumor of bone	mutation-defined (other bone tumor)	Driver mutation in H3-3A (H3F3A) encoding histone H3.3 p.Gly34Trp (G34W) in >90% of GCTB, restricted to the mononuclear neoplastic stromal cells; rarer G34L/M/R/V		H3.3 G34W mutation-specific antibody (clone RM263) IHC; RANKL-high stromal cells driving osteoclast-rich giant cells; denosumab target			24162739
OS/BONE	GCTB-DX		H3F3A mutation diagnostic value in GCTB	mutation-defined (other bone tumor)	H3F3A G34 mutation distinguishes GCTB from osteoclast-rich mimics (ABC, chondroblastoma, non-ossifying fibroma, giant cell reparative granuloma)		H3-3A G34W/L/M/R/V sequencing or IHC			27499898
OS/BONE	CB-H3F3B		Chondroblastoma	mutation-defined (other bone tumor)	Driver mutation in H3-3B (H3F3B) encoding histone H3.3 p.Lys36Met (K36M) in ~95% of chondroblastomas; distinct from the H3F3A G34 mutations of GCTB; causes global H3K36me2/3 loss		H3.3 K36M mutation-specific antibody IHC; S100+, SOX9+, DOG1+; epiphyseal location in skeletally immature patients			24162739
STS	SS-SSX1	Synovial sarcoma	SS18::SSX1 (monophasic/biphasic)	Soft tissue: tumors of uncertain differentiation	t(X;18)(p11.2;q11.2) SS18::SSX1 (~2/3 of cases)	SS18-SSX is incorporated into canonical BAF (cBAF) and ncBAF/GBAF complexes via SS18; the SSX C-terminus binds H2AK119ub-marked nucleosomes, causing eviction/proteasomal degradation of SMARCB1 (BAF47/INI1) and retargeting of the residual complex onto H3K27me3-marked polycomb domains and bivalent CpG-island promoters; opposition of PRC2 at these loci activates SOX2 and a broad neural/stem program. Retained SMARCB1 protein is markedly reduced (mosaic/reduced INI1 IHC). Creates a synthetic-lethal ncBAF (BRD9) dependency	TLE1+, SS18-SSX fusion-specific antibody+, reduced/mosaic INI1, CD99 variable, EMA/CK focal, SOX2 up		~15-20% of non-RMS pediatric/AYA STS; the single most common non-RMS STS of adolescence; median age ~30 but a large pediatric tail	23540691;29861296;30107180
STS	SS-SSX2	Synovial sarcoma	SS18::SSX2	Soft tissue: tumors of uncertain differentiation	t(X;18) SS18::SSX2 (~1/3)	Same BAF/ncBAF hijacking as SSX1; SSX2 fusions are enriched in monophasic tumors. SS18-SSX also hijacks KDM2B-PRC1.1 to non-methylated CpG islands, coupling variant PRC1 to BAF-driven activation	As above		As above	30107180;29861296
STS	SS-SSX4	Synovial sarcoma	SS18::SSX4 / SS18L1::SSX1 variants	Soft tissue: tumors of uncertain differentiation	SS18::SSX4 or SS18L1(CREST)::SSX1; <1-2% of cases	Presumed identical BAF-retargeting mechanism; too few cases for dedicated epigenomic study; no dedicated cell model exists	As above		Rare; case reports only in pediatric series	23540691
STS	MPNST-PRC2	MPNST	PRC2-inactivated MPNST (EED or SUZ12 loss)	Peripheral nerve sheath tumors	Biallelic EED or SUZ12 loss (~70-90% of high-grade MPNST) on a background of NF1 +/- CDKN2A/B loss	Complete loss of PRC2 catalytic output causes global erasure of H3K27me3; polycomb-repressed enhancers/promoters are de-repressed and gain H3K27ac and BRD4 occupancy; this amplifies RAS-MAPK target transcription and produces a distinctive globally H3K27me3-null methylome/chromatin state. Confers sensitivity to BET (BRD4) inhibition; H3K27me3 loss is a diagnostic IHC surrogate	Loss of H3K27me3 (IHC), S100/SOX10 loss or patchy, loss of neurofibromin, CDKN2A/p16 loss, TRPS1 correlates with PRC2 loss		Peak incidence 20-50y but 10-20% of MPNST arise in children/AYA with NF1; MPNST is the leading cause of NF1 mortality	25240281;25305755
STS	MPNST-NF1	MPNST	NF1-associated MPNST	Peripheral nerve sheath tumors	Germline NF1 + somatic NF1 second hit, arising in plexiform neurofibroma/ANNUBP	Stepwise epigenomic progression: neurofibroma -> atypical neurofibromatous neoplasm of uncertain biologic potential (CDKN2A/B loss) -> MPNST (PRC2 loss, H3K27me3 erasure). Retained H3K27me3 in a subset defines a PRC2-intact group with distinct methylation class	Neurofibromin loss, H3K27me3 loss (subset), CDKN2A/B deletion, SOX10 loss		~50% of MPNST are NF1-associated; NF1 patients have ~8-13% lifetime risk; pediatric onset common	32642732;25240281
STS	MPNST-SPOR	MPNST	Sporadic and radiation-associated MPNST	Peripheral nerve sheath tumors	Somatic NF1/SUZ12/EED/CDKN2A alterations without NF1 syndrome	Same PRC2-loss/H3K27me3-null epigenotype in the majority; radiation-associated cases show higher genomic complexity	As above		~40% sporadic, ~10% post-radiation (relevant to survivors of childhood cancer)	25240281
STS	DSRCT	Desmoplastic small round cell tumor	EWSR1::WT1	Undifferentiated small round cell sarcomas of bone and soft tissue	t(11;22)(p13;q12) EWSR1::WT1; EWSR1 exons 7-10 fused to WT1 exons 8-10; -KTS isoform is oncogenic	The EWS low-complexity prion-like domain confers transactivation and condensate-forming capacity onto the WT1 zinc fingers, converting a repressor into a neomorphic activator. EWSR1-WT1 binds thousands of sites, most in distal enhancers, and creates de novo/neomorphic enhancers driving a hybrid mesenchymal-epithelial program and 'neogenes' (e.g. FGFRL1, LRRC15, CCND1, PDGFA, MSLN, ASCL1, ERBB/NTRK5 axis). Fusion-isoform (exon 7 vs 9 vs 10) dictates which enhancer set is engaged. Chromatin dependency on the fusion itself; lurbinectedin evicts EWS-WT1 from chromatin	WT1 C-terminus+ (N-terminus-), desmin dot-like+, keratin+, EMA+, CD99 variable		Classic AYA male tumor: median age 21-25y, M:F ~4:1, large pediatric fraction; abdominopelvic serosal	32345977;39198430;35657345
STS	ASPS	Alveolar soft part sarcoma	ASPSCR1::TFE3	Soft tissue: tumors of uncertain differentiation	der(17)t(X;17)(p11;q25) unbalanced ASPSCR1(ASPL)::TFE3	The ASPSCR1 UBX domain recruits hexameric VCP/p97 into the fusion transcription factor complex; ASPSCR1-TFE3 binds CLEAR/E-box elements and organises enhancer-promoter loops around VCP hexamers, generating a hyper-connected enhancer network that drives an angiogenic/lysosomal-autophagy MiT-family program (MET, ANGPTL2, PSAT1, lysosomal genes). Effectively a chromatin-looping neomorph rather than a simple TF gain	TFE3 nuclear+ (IHC and FISH), PAS-diastase-resistant crystals, CD34- , desmin-/-, MyoD1-		Median age 22-25y; ~20-25% under 20y; frequently presents with lung/brain metastases in adolescents	38326311;38657118
STS	CCS	Clear cell sarcoma of soft tissue	EWSR1::ATF1 (types 1-3) and EWSR1::CREB1	Soft tissue: tumors of uncertain differentiation	t(12;22)(q13;q12) EWSR1::ATF1 (~90%); t(2;22)(q33;q12) EWSR1::CREB1	The EWS transactivation domain is fused to the bZIP DNA-binding domain of ATF1/CREB1, producing a constitutive, cAMP-independent activator that binds CRE elements in the MITF-M promoter. Ectopic MITF then acts as a lineage-survival master regulator, opening a melanocytic enhancer landscape (TYR, DCT, MLANA, GP100, BCL2, MET) in a mesenchymal cell of origin. Chimera also drives SOX10 and, via MITF, the same super-enhancer circuitry as melanoma - hence 'melanoma of soft parts'	S100+, SOX10+, HMB45+, MelanA+, MITF+, BRAF/NRAS wild-type (distinguishes from melanoma)		Peak 20-40y but a substantial adolescent fraction; distal extremities/tendons/aponeuroses; also gastrointestinal CCS-like (malignant GNET) with EWSR1::ATF1/CREB1	16766266;28745431
STS	EPS-DIST	Epithelioid sarcoma	Distal (conventional/classic) type	Soft tissue: tumors of uncertain differentiation	Biallelic SMARCB1 (INI1/BAF47) inactivation, usually 22q11 deletion, in a relatively quiet genome	Loss of SMARCB1 destabilises cBAF; residual BAF is retained at super-enhancers but is lost from thousands of typical enhancers, which collapse and lose H3K27ac. PRC2/EZH2 then dominates at these loci, so the cell becomes dependent on EZH2 catalytic (and non-catalytic) activity - the mechanistic basis for tazemetostat approval. Bivalent promoters fail to be activated	Loss of INI1/BAF47 (IHC), CK+, EMA+, CD34+ (~50%), ERG+ (subset)		Distal type: adolescents and young adults, median 25-35y, hands/forearms; the paradigm SMARCB1-deficient sarcoma of AYA	28945250;27941797;26552009;33035459
STS	EPS-PROX	Epithelioid sarcoma	Proximal (large-cell/rhabdoid) type	Soft tissue: tumors of uncertain differentiation	SMARCB1 loss, more often by inactivating mutation; higher genomic complexity	Same BAF-collapse/EZH2-dependency axis as distal type; more rhabdoid-like chromatin state approaching malignant rhabdoid tumor; DNA-methylation classifier separates proximal EpS from MRT	INI1 loss, CK+, EMA+, rhabdoid morphology, CD34 less often+		Pelvis/perineum/deep axial; older AYA, but documented in children (e.g. YCUS-5 from a 3-year-old)	28945250;26552009;33035459
STS	MRT-EXTRA	Extrarenal malignant rhabdoid tumor	Extrarenal MRT (soft tissue, liver, thoracic)	Soft tissue: tumors of uncertain differentiation	Biallelic SMARCB1 inactivation (rarely SMARCA4); very low mutation burden	SMARCB1 loss collapses cBAF occupancy at typical enhancers genome-wide while super-enhancers are retained; enhancers lose H3K27ac/H3K4me1 and de-differentiation programs (SOX2, MYC, cyclin D1) persist while lineage-specification enhancers and bivalent developmental promoters fail to activate. PRC2/EZH2 fills the vacated loci -> EZH2 dependency. Essentially a purely epigenetic cancer	INI1/BAF47 loss (IHC), vimentin+, EMA+, CK+ variable; SMARCA4 loss in INI1-retained cases		Infants and young children (median <2y); ~1/3 have germline SMARCB1 (rhabdoid tumor predisposition syndrome RTPS1; RTPS2 = SMARCA4)	28945250;27941797;26552009
STS	MRT-RTK	Rhabdoid tumor of the kidney	RTK	Kidney tumors (WHO Urinary and Male Genital, 5th ed.)	Biallelic SMARCB1 loss	As for extrarenal MRT; identical methylation class to extrarenal MRT and to ATRT-MYC in many classifiers	INI1 loss, no WT1 expression (distinguishes from Wilms)		Median age 11-18 months; ~2% of pediatric renal tumors; frequently synchronous with ATRT	27941797;28945250
STS	ATRT-TYR	Atypical teratoid/rhabdoid tumor	ATRT-TYR	CNS embryonal tumors (WHO CNS5)	SMARCB1 loss, most often broad chr22q deletion	Distinct DNA-methylation and enhancer landscape with high global methylation; melanosomal/tyrosinase program (TYR, MITF, DCT) driven by OTX2 and a melanocytic enhancer set; enriched for BMP pathway activity	TYR+, MITF+, OTX2+, INI1 loss		Infratentorial, youngest patients (median ~12 months); ~1/3 of ATRT	26923874;27960086;31889194
STS	ATRT-SHH	Atypical teratoid/rhabdoid tumor	ATRT-SHH	CNS embryonal tumors (WHO CNS5)	SMARCB1 loss, more often focal/point mutation	Intermediate global methylation; activation of SHH and NOTCH enhancer programs; high GLI2, MYCN, ASCL1, PTCH1; ASCL1 status further splits SHH-1/SHH-2	MYCN+, GLI2+, ASCL1+, INI1 loss		Supratentorial and infratentorial, median ~20 months; ~40% of ATRT	26923874;27960086;31889194
STS	ATRT-MYC	Atypical teratoid/rhabdoid tumor	ATRT-MYC	CNS embryonal tumors (WHO CNS5)	SMARCB1 loss, often focal deletion	Lowest global DNA methylation; MYC-driven enhancer landscape with HOX cluster activation (HOTAIR); epigenomically closest to extracranial/renal rhabdoid tumors	MYC+, HOXC cluster+, INI1 loss		Supratentorial, oldest ATRT patients (median ~2-3y), also occurs in older children/AYA	26923874;27960086;31889194
STS	ATRT-SMARCA4	Atypical teratoid/rhabdoid tumor	SMARCA4-deficient ATRT	CNS embryonal tumors (WHO CNS5)	Biallelic SMARCA4 (BRG1) loss with retained SMARCB1	Loss of the BAF ATPase abolishes nucleosome remodelling at enhancers; similar enhancer collapse to SMARCB1 loss but no residual catalytic activity; associated with germline SMARCA4 (RTPS2) and with SCCOHT	SMARCA4/BRG1 loss with retained INI1		<5% of ATRT; very young infants; strong germline testing indication	31889194;27960086
STS	IFS-NTRK3	Infantile fibrosarcoma	ETV6::NTRK3 (classic congenital/infantile fibrosarcoma)	Fibroblastic and myofibroblastic tumors (intermediate, rarely metastasising)	t(12;15)(p13;q25) ETV6::NTRK3; frequent +8, +11, +17, +20	Predominantly a kinase-signaling disease rather than a chromatin disease: the ETV6 SAM/PNT domain oligomerises NTRK3, giving ligand-independent TRKC activation -> MAPK/PI3K. Downstream epigenetic consequence is a distinct, tightly clustered DNA-methylation class (shared with cellular/congenital mesoblastic nephroma) used diagnostically; no primary chromatin-modifier lesion	Pan-TRK+ (nuclear/cytoplasmic), S100 variable, CD34 patchy, SMA variable		Classic tumor of infants <1-2y; >90% cured with TRK inhibitors (larotrectinib/entrectinib); near-identical to cellular congenital mesoblastic nephroma	33479225
STS	IFS-NTRK1	Infantile/NTRK-rearranged spindle cell neoplasm	NTRK1-rearranged (LMNA::NTRK1, TPM3::NTRK1, TPR::NTRK1)	Fibroblastic and myofibroblastic tumors (emerging entity: NTRK-rearranged spindle cell neoplasm)	LMNA::NTRK1 and other NTRK1/NTRK2 fusions	Same kinase-oligomerisation logic; these tumors form their own methylation class distinct from ETV6::NTRK3 IFS, with S100/CD34 co-expression and a lipofibromatosis-like histology	Pan-TRK+, S100+ and CD34+ co-expression		Infants through adolescents; TRK-inhibitor responsive	33479225
STS	IFS-RAF	Infantile spindle cell tumor, RAF-fused	BRAF/RAF1-fused infantile fibrosarcoma-like tumor	Fibroblastic and myofibroblastic tumors	SND1::BRAF, EML4::NTRK3, RBPMS::MET, and BRAF/RAF1 kinase fusions in NTRK-negative IFS-like tumors	Kinase-fusion driven MAPK activation without a primary epigenetic lesion; methylation profiling separates these from ETV6::NTRK3 IFS	Pan-TRK-negative, BRAF/RAF1 fusion by RNA sequencing		Infants; important because they are TRK-inhibitor refractory but MEK/RAF-inhibitor sensitive	33479225
STS	IMT-ALK	Inflammatory myofibroblastic tumor	ALK-rearranged IMT (TPM3/TPM4/CLTC/RANBP2/RRBP1::ALK)	Fibroblastic and myofibroblastic tumors (intermediate, rarely metastasising)	ALK fusions in ~50-70%; RANBP2::ALK and RRBP1::ALK define epithelioid inflammatory myofibroblastic sarcoma	Kinase-fusion driven; the fusion partner dictates ALK subcellular localisation (nuclear-membranous for RANBP2) and thereby which transcriptional programs are engaged. No characterized primary chromatin lesion; epigenomic literature is essentially absent - a genuine gap	ALK+ (IHC pattern informative: cytoplasmic vs nuclear-membranous), SMA+, desmin variable, ROS1/NTRK3 in ALK-negative cases		Classic tumor of children and AYA (lung, abdomen, bladder); crizotinib/lorlatinib responsive	
STS	IMT-ROS1	Inflammatory myofibroblastic tumor	ROS1-, NTRK3-, RET-, PDGFRB-rearranged IMT	Fibroblastic and myofibroblastic tumors	TFG::ROS1, YWHAE::ROS1, ETV6::NTRK3, NAB2::PDGFRB	Kinase-fusion driven; no defined chromatin mechanism	ROS1+, pan-TRK+ depending on fusion		ALK-negative pediatric IMT; entrectinib/crizotinib responsive	
STS	EHE-CAMTA1	Epithelioid hemangioendothelioma	WWTR1(TAZ)::CAMTA1	Vascular tumors of soft tissue (malignant)	t(1;3)(p36;q25) WWTR1::CAMTA1 in >90%	TAZ-CAMTA1 is constitutively nuclear (escapes LATS/14-3-3 cytoplasmic sequestration) and retains the TAZ TEAD-binding domain; it therefore hijacks TEAD1-4 at YAP/TAZ enhancers and, via the CAMTA1 moiety, recruits the ATAC histone-acetyltransferase complex, converting a Hippo-restrained program into a constitutive one. Reprograms endothelial cells directly; TEAD-palmitoylation inhibitors and the TAZ-CAMTA1-TEAD interface are the tractable targets	CAMTA1 nuclear+ (IHC), ERG+, CD31+, CD34+, TFE3- , keratin+ in a subset		Rare but well described in children and AYA; multifocal hepatic/pulmonary/bone disease; indolent-to-aggressive	21885404;33766984
STS	EHE-TFE3	Epithelioid hemangioendothelioma	YAP1::TFE3	Vascular tumors of soft tissue (malignant)	YAP1::TFE3 in ~5-10%; younger patients, vasoformative morphology	YAP1 TEAD-binding domain fused to the TFE3 DNA-binding/leucine-zipper domain; drives a hybrid YAP-TEAD/MiT-family transcriptional output at CLEAR and TEAD elements	TFE3 nuclear+, CAMTA1-, ERG+, CD31+		Enriched in young adults and adolescents	23737213
STS	PMHE	Pseudomyogenic hemangioendothelioma	SERPINE1::FOSB (also ACTB::FOSB, WWTR1::FOSB)	Vascular tumors of soft tissue (intermediate, rarely metastasising)	t(7;19)(q22;q13) SERPINE1::FOSB	Promoter-swap enhancer hijacking: the strong constitutive SERPINE1 (or ACTB) promoter/enhancer is placed upstream of FOSB, causing massive FOSB overexpression and constitutive AP-1 transcription factor activity that remodels the endothelial enhancer landscape	FOSB nuclear+ (IHC), CD31+, ERG+, keratin AE1/AE3+, CD34-		Predominantly adolescents and young adult males; multifocal in one limb, bone and soft tissue	
STS	AS-PED	Angiosarcoma	Pediatric/AYA angiosarcoma (primary, secondary, radiation- and lymphoedema-associated)	Vascular tumors of soft tissue (malignant)	MYC amplification (8q24) in radiation/lymphoedema-associated; KDR, PTPRB, PLCG1, TP53 in primary; no single defining lesion	Heterogeneous. Radiation-associated angiosarcoma shows high-level MYC amplification with FLT4 co-amplification and reduced H3K27me3 by IHC. Primary angiosarcoma shows recurrent chromatin-modifier mutations (ARID1A, KDM6A, KMT2D) and, in a subset, an endothelial super-enhancer program driven by SOX18/ERG/FLI1. Head-and-neck cutaneous cases have a UV signature	CD31+, ERG+, FLI1+, MYC+ (amplified cases), reduced H3K27me3 in radiation-associated		Rare in children but a documented late effect in survivors of childhood cancer treated with radiation (secondary angiosarcoma)	28983701
STS	MLPS	Myxoid liposarcoma	FUS::DDIT3 (>95%) or EWSR1::DDIT3 (<5%)	Adipocytic tumors (malignant)	t(12;16)(q13;p11) FUS::DDIT3; t(12;22)(q13;q12) EWSR1::DDIT3	The FET low-complexity prion-like domain drives liquid-liquid phase separation, so FUS-DDIT3 forms nuclear condensates that concentrate transcriptional machinery on DDIT3/C-EBP-family target elements. The fusion acts as a dominant-negative on C/EBP-beta while neomorphically activating targets (IL6, NF-kB via NFKBIZ, PPARG blockade), locking cells in an adipocytic differentiation arrest. Trabectedin works by evicting FUS-DDIT3 from chromatin and restoring adipocytic differentiation	DDIT3(CHOP) nuclear+, NY-ESO-1 strongly+ (immunotherapy target), S100 variable, MDM2/CDK4 not amplified		Rare <10y but the most common liposarcoma of adolescents/young adults; median ~35y with a definite AYA tail; distinct pattern of extrapulmonary metastasis	34357401;39587691
STS	DFSP	Dermatofibrosarcoma protuberans	COL1A1::PDGFB (incl. giant-cell fibroblastoma and Bednar/pigmented variants)	Fibroblastic and myofibroblastic tumors (intermediate, locally aggressive)	Supernumerary ring chromosome r(17;22) or t(17;22) generating COL1A1::PDGFB	Classic enhancer/promoter hijacking: PDGFB is placed under the powerful, constitutively active COL1A1 promoter, producing an autocrine PDGFB-PDGFRB loop. No primary chromatin-modifier lesion; DNA methylation profiling nevertheless separates DFSP from other fibroblastic tumors. Fibrosarcomatous transformation adds CDKN2A/TERT changes	CD34 diffusely+, factor XIIIa-, S100-, PDGFB fusion by FISH/RNAseq		Congenital and pediatric DFSP well described (giant-cell fibroblastoma is the pediatric variant); imatinib-responsive	33479225
STS	DESM	Desmoid-type fibromatosis	Sporadic CTNNB1-mutant and FAP/APC-associated	Fibroblastic and myofibroblastic tumors (intermediate, locally aggressive)	CTNNB1 exon 3 hotspots T41A, S45F, S45P (~85%) or germline APC (FAP, ~10-15%)	Stabilised beta-catenin enters the nucleus and partners TCF/LEF at WNT-responsive enhancers, recruiting CBP/p300 and BRD4; the resulting super-enhancer output (AXIN2, MYC, CCND1) is the disease driver. Gamma-secretase inhibition (nirogacestat) works through NOTCH crosstalk with this program. No primary chromatin-modifier lesion	Nuclear beta-catenin+, SMA variable, CD34- , desmin-		Bimodal: infantile/pediatric desmoids and an AYA peak; FAP association mandates colonoscopy in children	
STS	GIST-SDH	Gastrointestinal stromal tumor	SDH-deficient GIST (pediatric/'wild-type' GIST, Carney triad, Carney-Stratakis)	Gastrointestinal stromal tumors (WHO Digestive System, 5th ed.)	SDHA/B/C/D germline or somatic loss-of-function, OR epigenetic SDHC promoter hypermethylation (SDHC epimutation, Carney triad); KIT/PDGFRA wild-type	The flagship epigenetic sarcoma. Loss of SDH causes succinate accumulation, which competitively inhibits alpha-ketoglutarate-dependent dioxygenases (TET1/2/3 and the KDM family). The result is a global, CpG-island-dominant DNA hypermethylation phenotype far exceeding KIT-mutant GIST. Hypermethylation of CTCF binding sites disrupts insulated neighbourhood boundaries, allowing an FGF3/FGF4 locus enhancer to escape its TAD and aberrantly activate FGF4 - enhancer hijacking by topology loss. Also drives pseudohypoxia (HIF stabilisation) and IGF1R overexpression. SDHC epimutation itself is a primary epigenetic lesion with no coding mutation	Loss of SDHB (IHC) in all SDH-deficient GIST; loss of SDHA additionally in SDHA-mutant cases; DOG1+, KIT+, multinodular/plexiform gastric architecture, lymph node metastases		Essentially the entire pediatric GIST population: >85% of GIST in children and adolescents is SDH-deficient, female predominant, gastric, indolent but node-metastasising, and imatinib-refractory. This is the entity where an epigenomic white paper matters most and where models are almost absent	23550148;31666694;25540324
STS	GIST-KIT	Gastrointestinal stromal tumor	KIT/PDGFRA-mutant GIST	Gastrointestinal stromal tumors	KIT exon 11/9 or PDGFRA exon 18 (D842V) activating mutations	Kinase-driven; a globally hypomethylated genome relative to SDH-deficient GIST. ETV1 acts as a lineage-survival master transcription factor whose enhancer network is stabilised by KIT signaling - a signaling-to-enhancer feedback loop rather than a primary chromatin lesion	KIT(CD117)+, DOG1+, SDHB retained		Rare in children (<15% of pediatric GIST); mostly a NF1- or syndromic context when it occurs	31666694
STS	EMC	Extraskeletal myxoid chondrosarcoma	EWSR1::NR4A3 (also TAF15::NR4A3, TCF12::NR4A3, TFG::NR4A3, HSPA8::NR4A3)	Soft tissue: tumors of uncertain differentiation	t(9;22)(q22;q12) EWSR1::NR4A3 (~62-75%); t(9;17) TAF15::NR4A3	FET-domain transactivation grafted onto the NR4A3 orphan nuclear receptor: the chimera binds NBRE/NurRE elements and neomorphically activates a neuroendocrine/axon-guidance program (the partner gene determines which - TAF15 fusions give a rhabdoid phenotype and different axon-guidance output). NR4A3 also derepresses via SIX/HOX loci. Distinctive DNA-methylation class	NR4A3 rearrangement by FISH/RNAseq, S100 usually negative, INSM1/synaptophysin variable, EMA/CK-		Predominantly 5th-6th decade; distinctly uncommon in children - include for completeness and because H-EMC-SS is widely (mis)used	31020999;33479225
STS	LGFMS	Low-grade fibromyxoid sarcoma	FUS::CREB3L2 (Evans tumor)	Fibroblastic and myofibroblastic tumors (malignant)	t(7;16)(q33;p11) FUS::CREB3L2 (~90%); FUS::CREB3L1 or EWSR1::CREB3L1 in a minority	FET low-complexity domain fused to the bZIP CREB3L2 transcription factor, which normally requires regulated intramembrane proteolysis for activation; the fusion is constitutively nuclear and active, driving a secretory/ER-stress program with massive MUC4 induction. Aberrant phase separation and membranous organelle remodelling have been implicated	MUC4 diffusely+ (highly sensitive/specific), EMA focal+, S100- , SMA-		Well documented in children and AYA (median ~34y, but pediatric cases common); deceptively bland histology with very late metastasis	34535876;33479225
STS	SEF	Sclerosing epithelioid fibrosarcoma	EWSR1::CREB3L1 (and FUS::CREB3L2 in hybrid LGFMS/SEF)	Fibroblastic and myofibroblastic tumors (malignant)	EWSR1::CREB3L1 (~70% of pure SEF); hybrid LGFMS-SEF carries FUS::CREB3L2	Same FET-bZIP mechanism as LGFMS with a shift in output toward a collagenous/sclerosing program; SEF and LGFMS are epigenomically related but separable by methylation class; SEF is far more aggressive	MUC4+ (in hybrid and many pure SEF), EMA+, keratin-		Rare in children; more aggressive than LGFMS with high metastatic rate	33479225
STS	PECOMA-TSC	PEComa	TSC1/TSC2-altered PEComa (incl. angiomyolipoma, LAM, clear cell 'sugar' tumor)	Soft tissue: tumors of uncertain differentiation (PEComatous tumors)	Biallelic TSC1 or TSC2 loss; germline in tuberous sclerosis complex	Constitutive mTORC1 activation. The epigenetic consequence is indirect but real: mTORC1 drives MITF/TFE3/TFEB nuclear retention (via RagGTPase-dependent phosphorylation) and thereby a CLEAR-network lysosomal/autophagy enhancer program, plus a metabolic reprogramming that alters acetyl-CoA availability for histone acetylation. Sirolimus/nab-sirolimus responsive	HMB45+, MelanA+, cathepsin K+, SMA+, TFE3 usually negative, loss of TSC2/tuberin		Angiomyolipoma and LAM in tuberous sclerosis present in children/adolescents; malignant PEComa is rare in children	25651471
STS	PECOMA-TFE3	PEComa	TFE3-rearranged PEComa (SFPQ::TFE3, DVL2::TFE3, NONO::TFE3, RBM10::TFE3)	Soft tissue: tumors of uncertain differentiation	TFE3 (Xp11.2) rearrangement; mutually exclusive with TSC alterations	MiT/TFE family fusion drives a constitutive CLEAR-element lysosomal/autophagy enhancer program independent of mTORC1; mechanistically parallel to ASPS (ASPSCR1::TFE3) and Xp11 translocation RCC, and these three form overlapping methylation neighbourhoods. Recently shown to induce stem-like transcriptional programs distinct from TSC-altered PEComa	TFE3 strong nuclear+, HMB45+, cathepsin K+, SMA often negative, melanocytic markers variable		Enriched in young patients including adolescents; poorer response to mTOR inhibitors than TSC-altered PEComa	25651471
STS	UPS	Undifferentiated pleomorphic sarcoma	UPS / undifferentiated sarcoma NOS (incl. undifferentiated round cell/spindle cell/epithelioid)	Soft tissue: undifferentiated sarcomas	No defining lesion; complex karyotype, chromothripsis, TP53/RB1/ATRX loss, high copy-number burden	No single driver; a genomically chaotic group. Epigenomically defined by exclusion - methylation classifiers place true UPS in a broad, low-confidence cluster, and a substantial fraction of tumors historically called pediatric UPS are reclassified by methylation into defined entities (MPNST, rhabdomyosarcoma, CIC- or BCOR-altered sarcoma, inflammatory rhabdomyoblastic tumor). Recurrent chromatin-modifier hits (ATRX, KMT2D, ARID1A) and ALT are common	Diagnosis of exclusion: desmin-, S100-, CD34-, INI1 retained, myogenin-		'Undifferentiated sarcoma' is a large bucket in COG/pediatric trials; methylation profiling is the single highest-yield reclassification tool in this group	33479225
STS	LMS	Leiomyosarcoma	Conventional LMS (soft tissue, uterine, bone, vascular)	Smooth muscle tumors (malignant)	No defining fusion; recurrent TP53, RB1, PTEN, ATRX loss; frequent whole-genome doubling	Complex-genome sarcoma. Two epigenetic themes: (i) ATRX loss (~25-30%) drives alternative lengthening of telomeres and pericentromeric/telomeric heterochromatin destabilisation; (ii) methylation profiling separates conventional LMS from uterine LMS and from an 'undifferentiated' methylation group, and identifies a distinct inflamed/immune subtype. EZH2 overexpression and MYOCD/SRF enhancer programs define the smooth-muscle lineage output	SMA+, desmin+, h-caldesmon+, ATRX loss (subset), TP53 aberrant		Uncommon in children; EBV-associated smooth muscle tumor is the pediatric-relevant mimic (immunosuppressed/HIV/post-transplant); inherited LMS in Li-Fraumeni and RB1-survivor cohorts	33479225
STS	CIC	CIC-rearranged sarcoma	CIC::DUX4 (also CIC::NUTM1, CIC::FOXO4, CIC::LEUTX)	Undifferentiated small round cell sarcomas of bone and soft tissue	t(4;19) or t(10;19) CIC::DUX4	The DUX4 C-terminus supplies a p300-recruiting transactivation domain to the CIC repressor, converting it into a potent activator at CIC-binding octamer motifs; this creates de novo active enhancers at ETV1/ETV4/ETV5 and a PEA3 program. Distinct methylation class, clearly separable from Ewing sarcoma	WT1+, ETV4+, DUX4 C-terminus+, CD99 patchy (unlike Ewing), NKX2-2-		Adolescents and young adults; more aggressive and chemo-resistant than Ewing; explicitly non-Ewing	31898195;33479225
STS	BCOR	BCOR-altered sarcoma	BCOR::CCNB3, BCOR internal tandem duplication (ITD), YWHAE::NUTM2B	Undifferentiated small round cell sarcomas of bone and soft tissue	X-chromosome paracentric inversion BCOR::CCNB3 (adolescent males); BCOR-ITD in infantile undifferentiated round cell sarcoma / primitive myxoid mesenchymal tumor of infancy	Directly a polycomb disease: BCOR is a core component of the non-canonical PRC1.1 complex. BCOR::CCNB3 and BCOR-ITD both disrupt the BCOR PUFD-PCGF1 interface, redistributing PRC1.1 and altering H2AK119ub deposition; the result is derepression of a HOX/SATB2/BCOR-high program. Forms a tight, distinctive DNA-methylation class	BCOR+ (IHC), CCNB3+ (in BCOR::CCNB3), SATB2+, TLE1+, cyclin D1+, CD99 variable		BCOR::CCNB3 is characteristically an adolescent male bone tumor; BCOR-ITD tumors occur in infants (<1y). Both are important non-Ewing round cell sarcomas of childhood	33479225
STS	SFT	Solitary fibrous tumor	NAB2::STAT6	Fibroblastic and myofibroblastic tumors	Intrachromosomal 12q13 inversion NAB2::STAT6	NAB2 is a transcriptional repressor of EGR1; fusion to the STAT6 transactivation domain converts it into a constitutive EGR1-target activator, engaging EGR1-responsive enhancers (IGF2, FGF2, ALDH1). Fusion variant (NAB2ex4-STAT6ex2/3 vs ex6-ex16/17) correlates with age, site and aggressiveness	STAT6 nuclear+ (IHC), CD34+, ALDH1+, GRIA2+		Uncommon but documented in children; NAB2ex4-STAT6ex2/3 variant occurs in younger patients	33479225
STS	MYOEP	Myoepithelial tumor / myoepithelial carcinoma of soft tissue	EWSR1::POU5F1, EWSR1::PBX1/PBX3, EWSR1::KLF17, PLAG1-rearranged	Soft tissue: tumors of uncertain differentiation	EWSR1 (or FUS) rearrangement in ~45%; PLAG1 fusions enriched in pediatric cases; SMARCB1 loss in ~10-40% of pediatric myoepithelial carcinoma	Two coexisting mechanisms: (i) FET-fusion neomorphic transactivation of developmental transcription factors (POU5F1/OCT4, PBX1); (ii) in a substantial pediatric subset, SMARCB1 loss with the same BAF-collapse/EZH2-dependency biology as rhabdoid tumor and epithelioid sarcoma	S100+/SOX10+, keratin+, EMA+, GFAP variable, INI1 loss in a subset		EWSR1::POU5F1 tumors are enriched in children; SMARCB1-deficient pediatric myoepithelial carcinoma behaves like a rhabdoid tumor	28945250
STS	OFMT	Ossifying fibromyxoid tumor	PHF1-rearranged OFMT (EP400::PHF1, MEAF6::PHF1, EPC1::PHF1, ZC3H7B::BCOR)	Soft tissue: tumors of uncertain differentiation	PHF1 (6p21) rearrangement in ~60-85%; partners are NuA4/TIP60 complex components	Direct chromatin-complex fusion: PHF1 is a PRC2-associated Tudor-domain reader (PCL1) and its partners EP400/MEAF6/EPC1 are NuA4/TIP60 histone acetyltransferase subunits. The fusion physically bridges an H3K36me3-reading polycomb accessory factor to a HAT complex, mistargeting acetylation to polycomb domains - a polycomb/HAT chimera	S100+ (~70%), desmin variable, INI1 retained, PHF1 rearrangement by FISH		Wide age range including children and adolescents; malignant OFMT is rare	
STS	TGCT	Tenosynovial giant cell tumor	Localised and diffuse-type TGCT (PVNS)	Fibrohistiocytic tumors	t(1;2)(p13;q37) CSF1::COL6A3 and other CSF1 rearrangements	Promoter/enhancer hijacking: CSF1 is placed under the COL6A3 promoter, producing a landscape effect in which a small population of neoplastic cells recruits a massive CSF1R-positive non-neoplastic macrophage infiltrate. The tumor bulk is therefore driven by a paracrine, not cell-autonomous, program; pexidartinib targets CSF1R	CSF1 by ISH/FISH, clusterin+, desmin+ dendritic cells, CD68+ macrophage background		Diffuse-type TGCT occurs in adolescents and young adults (knee, hip); locally destructive	
