atlas_entity	ccdi_participants	ccdi_samples	ccdi_tumour_samples	ccdi_normal_samples	ccdi_primary_samples	ccdi_participants_with_methylation	ccdi_regulatory_epigenomic_samples	access_tier
Osteosarcoma	1116	3451	1983	1431	633	0	0	CONTROLLED (dbGaP)
Ewing	1043	2416	1086	1326	261	13	0	CONTROLLED (dbGaP)
FN-RMS	701	1350	713	637	361	103	0	CONTROLLED (dbGaP)
RMS-NOS	375	831	370	452	205	137	0	CONTROLLED (dbGaP)
Rhabdoid tumor/ATRT	298	803	517	281	335	74	0	CONTROLLED (dbGaP)
FP-RMS	279	753	443	310	141	58	0	CONTROLLED (dbGaP)
Sarcoma NOS	180	399	167	232	68	39	0	CONTROLLED (dbGaP)
Synovial sarcoma	76	223	126	97	41	20	0	CONTROLLED (dbGaP)
UPS/MFH	75	221	133	88	50	24	0	CONTROLLED (dbGaP)
MPNST	60	179	121	57	54	2	0	CONTROLLED (dbGaP)
DSRCT	58	225	163	62	70	17	0	CONTROLLED (dbGaP)
RMS-MYOD1	37	110	61	49	36	12	0	CONTROLLED (dbGaP)
Fibrosarcoma NOS	36	88	16	72	6	0	0	CONTROLLED (dbGaP)
Chondrosarcoma	32	70	25	45	13	6	0	CONTROLLED (dbGaP)
IMT	28	50	23	27	16	12	0	CONTROLLED (dbGaP)
Epithelioid sarcoma	25	76	40	36	12	6	0	CONTROLLED (dbGaP)
Desmoid	23	40	24	16	21	6	0	CONTROLLED (dbGaP)
Infantile fibrosarcoma	22	50	25	25	14	11	0	CONTROLLED (dbGaP)
CCSK	20	32	20	12	15	0	0	CONTROLLED (dbGaP)
ASPS	17	72	49	23	13	4	0	CONTROLLED (dbGaP)
Leiomyosarcoma	14	33	18	15	3	2	0	CONTROLLED (dbGaP)
GIST	13	23	13	10	6	6	0	CONTROLLED (dbGaP)
DFSP	11	13	3	10	3	6	0	CONTROLLED (dbGaP)
Angiomatoid fibrous histiocytoma	10	21	13	8	6	5	0	CONTROLLED (dbGaP)
Liposarcoma-myxoid	10	21	11	10	9	1	0	CONTROLLED (dbGaP)
Chordoma	10	42	31	11	11	3	0	CONTROLLED (dbGaP)
Liposarcoma-NOS	10	18	2	16	0	1	0	CONTROLLED (dbGaP)
Clear cell sarcoma	9	31	17	14	5	0	0	CONTROLLED (dbGaP)
CIC-DUX4	7	25	23	2	11	3	0	CONTROLLED (dbGaP)
Angiosarcoma	4	17	12	5	3	0	0	CONTROLLED (dbGaP)
Solitary fibrous tumor	3	7	5	2	0	2	0	CONTROLLED (dbGaP)
GCTB/Chondroblastoma	3	4	2	2	2	0	0	CONTROLLED (dbGaP)
Liposarcoma-pleomorphic	2	9	5	4	0	1	0	CONTROLLED (dbGaP)
EHE	2	3	2	1	0	0	0	CONTROLLED (dbGaP)
Liposarcoma-dediff	1	1	0	1	0	1	0	CONTROLLED (dbGaP)
Myxofibrosarcoma	1	2	0	2	0	0	0	CONTROLLED (dbGaP)
