entity	subtype_or_note	age_range	incidence_per_million_per_year	US_cases_per_year	region	source	source_year	PMID_or_URL	confidence(high/medium/low)	notes
Angiosarcoma	TOTAL, all anatomic sites (ICD-O 9120/3)	all ages	3.3 (95% CI 3.1-3.5)	1312 observed in 2019 (1159 in 2020, COVID-depressed)	USA (nationwide, NPCR+SEER >99% coverage)	Cohen-Nowak/Chandra et al., US Cancer Statistics (NPCR-SEER combined, >99% US coverage), JAMA Netw Open	2024	38607625	high	19289 cases 2001-2020. Median age 71 (IQR 59-80); 54.5% female. Case count DOUBLED 2001 (657) to 2019 (1312); adjusted rate +1.6%/yr (p=0.001). Site split: 72.3% cutaneous/subcutaneous/breast, 24.4% visceral, 3.3% unknown/rare. PRIMARY ROW for angiosarcoma - use this one.
Angiosarcoma	TOTAL, soft tissue + visceral + bone combined	all ages	2.87	~980 (derived)	France (nationwide)	Penel/Blay et al., NETSARC nationwide France, mandatory expert pathology review, PLOS One	2021	33630918	high	728 soft tissue/visceral (2.758/M) + 29 bone (0.110/M) over 4 years. Mean age 67.2, F/M 1.57. Sites: 42.4% 'other' (incl. skin), 21.4% trunk wall, 14.1% head and neck. NETSARC = French nationwide network with MANDATORY second-opinion expert pathology review, 2013-2016, 3-year denominator ~66.2M; most complete histotype-resolved sarcoma incidence dataset in existence. Includes tumors of intermediate malignancy that most cancer registries omit.
Angiosarcoma	TOTAL, but only cases coded as soft tissue sarcoma	all ages	1.8 (0.18/100000)	n/a	Japan (National Cancer Registry, nationwide)	Japan NCR 2016-2019, Sci Rep	2025	40121268	medium	1973 angiosarcoma of 23522 STS = 8.4% of all STS. 58.7% male; head/neck 51.0%. LOWER than US/France because the STS topography filter excludes visceral and bone angiosarcoma - not a true all-site rate. Do not use as the headline figure.
Angiosarcoma	cutaneous + subcutaneous + breast combined	all ages	2.3 (95% CI 2.2-2.5)	939 observed in 2019	USA (nationwide)	Cohen-Nowak/Chandra et al., US Cancer Statistics (NPCR-SEER combined, >99% US coverage), JAMA Netw Open	2024	38607625	high	13955 cases 2001-2020. Median age 72 (IQR 62-80); 60.8% female; 82.5% non-Hispanic White. Rate +1.7%/yr. 28.1% of men and 58.9% of women had it as a SECOND-or-later malignancy.
Angiosarcoma	cutaneous head and neck (scalp/face predominant)	all ages	~0.74 (derived)	~230 (derived)	USA (nationwide)	Cohen-Nowak/Chandra et al., US Cancer Statistics (NPCR-SEER combined, >99% US coverage), JAMA Netw Open (derived from Figure 2 site counts)	2024	38607625	medium	4560 head/neck cases (3148 men + 1412 women) of 12544 sited cutaneous/breast cases, 2001-2020 = ~228/yr over a mean 2001-2020 US population ~310M. Head/neck is 67.0% of male cutaneous angiosarcoma vs 18.0% of female. Male H&N as a SECOND cancer rose +2.8%/yr. Scalp angiosarcoma is UV-signature/high-TMB (distinct epigenome/mutational class).
Angiosarcoma	breast (primary + secondary combined)	all ages	~0.44 whole population; ~0.86 per million women (derived)	~135 (derived)	USA (nationwide)	Cohen-Nowak/Chandra et al., US Cancer Statistics (NPCR-SEER combined, >99% US coverage), JAMA Netw Open (derived from reported counts)	2024	38607625	medium	2705 breast angiosarcomas 2001-2020; 99.2% in women (2684/2705); 71.9% (1944/2705) were SECONDARY (second-or-later malignancy). Rate of secondary breast angiosarcoma rising +2.7%/yr (95% CI 1.5-4.0); PRIMARY breast angiosarcoma flat/falling (-0.7%/yr, ns). Rate derived over mean 2001-2020 US pop ~310M, not age-adjusted.
Angiosarcoma	RADIATION-ASSOCIATED / secondary (MYC-amplified)	adults (essentially all >40y)	NO separate population incidence rate is published	~97/yr secondary breast angiosarcoma alone (derived)	USA (nationwide) + single-center series	JAMA Netw Open 2024 counts; Serbian institutional series (Diagnostics) for cumulative risk	2024	38607625; 39451649	medium	KEY RISING TREND. Registries cannot code 'radiation-associated' so no true rate exists - only (a) prior-cancer proxy: 1944 secondary breast angiosarcomas 2001-2020 (~97/yr), rising 2.7%/yr; (b) cumulative risk after adjuvant breast RT <0.3% of irradiated patients; (c) 80.4% of female chest-wall/thorax angiosarcoma is secondary vs 26.5% in men. Median latency ~5-10 yr (64 months in one series). MYC amplification is the defining lesion. THIS IS THE FASTEST-GROWING ANGIOSARCOMA SUBSET.
Angiosarcoma	visceral (all visceral primary sites)	all ages	1.0	~300-330 (stated in source)	USA (nationwide)	Cohen-Nowak/Chandra et al., US Cancer Statistics (NPCR-SEER combined, >99% US coverage), JAMA Netw Open	2024	38607625	high	4701 visceral cases 2001-2020, rising +1.5%/yr (95% CI 0.9-2.1). Median age 65 (IQR 52-75) - SIGNIFICANTLY YOUNGER than cutaneous (p=0.001). Site distribution: hepatobiliary 27.6%, heart 13.4%, bone 12.0%, lung/pleura 9.2%, spleen 7.1%, urinary 5.9%.
Angiosarcoma	hepatic / hepatobiliary	all ages	~0.22 (derived)	~75 (stated in source)	USA (nationwide)	Cohen-Nowak/Chandra et al., US Cancer Statistics (NPCR-SEER combined, >99% US coverage), JAMA Netw Open	2024	38607625	medium	1299 hepatobiliary cases = 27.6% of visceral angiosarcoma, 2001-2020. Source states ~75 hepatic cases annually. Historically linked to vinyl chloride, Thorotrast, arsenic; most modern cases idiopathic.
Angiosarcoma	cardiac + mediastinal	all ages	~0.13 (derived)	~45 (stated in source)	USA (nationwide)	Cohen-Nowak/Chandra et al., US Cancer Statistics (NPCR-SEER combined, >99% US coverage), JAMA Netw Open	2024	38607625	medium	632 cardiac (13.4%) + 81 mediastinal (1.7%) visceral cases 2001-2020. Worst survival of any angiosarcoma site (5-yr OS 4.7% men in a German thoracic series). Cross-check: NRW Germany registry thoracic angiosarcoma ASR 0.25/M men, 1.5/M women (PMID 41749865).
Angiosarcoma	primary bone angiosarcoma	all ages	0.10-0.11	~35 (stated in source)	USA (nationwide) + France	Cohen-Nowak/Chandra et al., US Cancer Statistics (NPCR-SEER combined, >99% US coverage), JAMA Netw Open; Penel/Blay et al., NETSARC nationwide France, mandatory expert pathology review, PLOS One	2024/2021	38607625; 33630918	medium	US: 564 bone cases = 12.0% of visceral angiosarcoma, ~35/yr. France NETSARC: 29 cases/4yr = 0.110/M. Two fully independent sources agree closely. Frequently multifocal.
Epithelioid hemangioendothelioma (EHE)	all sites (WWTR1-CAMTA1; minority YAP1-TFE3)	all ages	0.230 (95% CI 0.201-0.263)	~79 (derived)	USA (SEER)	Liu et al., SEER 1975-2019, J Oncol	2022	36157226	medium	LOWER BOUND. SEER under-captures EHE because many are coded /1 (borderline) or registered as 'hemangioendothelioma NOS' and not reported. Site distribution: soft tissue/skin 30.8%, abdomen 28%, respiratory 19%, bone/joint 8.6%. 5-yr OS 55.6%. Incidence reported as increasing.
Epithelioid hemangioendothelioma (EHE)	all sites, soft tissue + bone	all ages	0.41	~140 (derived)	France (nationwide)	Penel/Blay et al., NETSARC nationwide France, mandatory expert pathology review, PLOS One	2021	33630918	high	UPPER BOUND and the better estimate. 100 soft tissue (0.379/M) + 8 bone (0.030/M) over 4 years. Mean age 52.1, F/M 1.56; sites 45% 'other' (liver/lung), 14% lower limb, 14% trunk wall, 11% internal trunk. Mandatory expert review captures cases SEER misses. RECOMMENDED RANGE FOR THE PAPER: 0.23-0.41 per million per year, i.e. ~80-140 new US cases per year.
Epithelioid hemangioendothelioma (EHE)	peak age band	60-79	0.524 (95% CI 0.406-0.665)	n/a	USA (SEER)	Liu et al., SEER 1975-2019, J Oncol	2022	36157226	medium	Highest age-specific rate. Confirms EHE is an ADULT disease despite being a fusion-driven 'pediatric-type' translocation sarcoma - a strong argument for the white paper: single-fusion epigenetic driver, adult population, near-zero epigenomic characterisation.
Epithelioid hemangioendothelioma (EHE)	EPIGENOMIC DATA AVAILABILITY	all ages	n/a - not an incidence row	n/a	n/a	Observation for white paper (no primary source)	2026	n/a	medium	WWTR1-CAMTA1 is a transcriptional-coactivator fusion that acts through TEAD/Hippo output and chromatin remodelling, yet there is no public ChIP-seq/ATAC-seq/WGBS/Hi-C resource for primary EHE (no TCGA arm, not in TARGET, not in Roadmap/ENCODE). Verify this claim independently against GEO/ENA/dbGaP before publishing as an absolute statement.
Kaposi sarcoma	all clinical variants (classic, endemic, iatrogenic, HIV-associated)	all ages	~4.2 crude (age-adjusted 9.9 in men, 1.0 in women)	~1268/yr average 1999-2020	USA (CDC WONDER, national)	Kaposi sarcoma incidence and mortality trends, Infect Agent Cancer	2025	41189007	high	27886 cases and 4380 deaths 1999-2020. Age-adjusted incidence 0.99/100000 men vs 0.10/100000 women (i.e. 9.9 vs 1.0 per million). Crude derived as 27886/22yr over mean US pop ~305M. Rates have fallen sharply since combination ART (1996) but Black men remain disproportionately affected. NOTE: incidence is RISING again in young non-Hispanic Black men aged 20-34 (+1.5%/yr nationally, +3.3%/yr in the US South) - PMID 36352501.
Kaposi sarcoma	all clinical variants	all ages	2.51	n/a	France (nationwide)	Penel/Blay et al., NETSARC nationwide France, mandatory expert pathology review, PLOS One	2021	33630918	high	663 cases over 4 years. Mean age 65.8, F/M 0.22 (strongly male). 65.8% lower limb. Higher than the US female rate and lower than the US male rate; France has a substantial classic Mediterranean KS component.
Kaposi sarcoma	GLOBAL burden and African share	all ages	3.9 global (ASIR 0.39/100000)	n/a (34270 global cases; 25010 in Africa)	World / Africa	Global patterns and trends in Kaposi sarcoma incidence, Lancet Glob Health (GLOBOCAN 2020 + CI5)	2023	37734800	high	AFRICA ACCOUNTS FOR 73.0% OF GLOBAL KS INCIDENCE (25010/34270) AND 86.6% OF DEATHS (13066/15086). Global ASMR 0.18/100000. Incidence correlates inversely with Human Development Index. Note KS is rising in men in Turkiye (+11.5%/yr) and the Netherlands (+2.5%/yr).
Kaposi sarcoma	sub-Saharan Africa, historical peak (pre-ART, Harare Zimbabwe)	adults	508 in men; 203 in women (50.8 and 20.3 per 100000)	n/a	Zimbabwe (Harare cancer registry)	Epidemiology of Kaposi's sarcoma in sub-Saharan Africa, Cancer Epidemiol	2022	35504064	high	Peak reached during 1981-2000 (pre-ART-rollout HIV epidemic). These are among the highest incidence rates ever recorded for any sarcoma anywhere - roughly 150x the US all-sarcoma-subtype average for a single histotype. Unweighted average decline of 27% between 2000-2010 and 2011-2016 across the region (not statistically significant region-wide). Data from IARC/CI5 and the Africa Cancer Registry Network.
Kaposi sarcoma	incidence among HIV-positive adults IN CARE, East Africa	adults (>=16y, HIV+)	3340 per million person-years (334/100000 PY, 95% CI 314-354)	n/a	Kenya and Uganda (IeDEA East Africa)	Prospective ascertainment of cancer incidence in sub-Saharan Africa, Cancer Med	2016	26823008	high	140552 patients, 319632 person-years, 2007-2012. Denominator is HIV-infected adults in care, NOT the general population - do not compare directly with population rates. Falls to 32/100000 PY (320/M) in patients on ART with CD4 >350. KS prevalence at clinic enrolment 1.4%. Demonstrates the HIV dependency directly.
Kaposi sarcoma	PAEDIATRIC burden in sub-Saharan Africa	0-18	NO reliable population incidence rate published	n/a	Eastern and Central Africa (Malawi, Tanzania, Uganda, Zambia)	Pediatric HIV+ Kaposi sarcoma, JCI Insight; Long-term outcomes for children with KS, HIV Med	2023/2022	37991023; 34634187	medium	SOURCES STATE KS IS 'AMONG THE MOST COMMON CHILDHOOD CANCERS IN EASTERN AND CENTRAL AFRICA' - by any reasonable reading the LARGEST PAEDIATRIC SARCOMA BURDEN GLOBALLY - but registry coverage is too sparse for a defensible per-million figure. Pediatric KS is a biologically DISTINCT disease from adult KS: lymphadenopathic presentation, frequently no cutaneous lesions, higher KSHV copy number, IL-6/IL-10 elevation, fulminant course. 87-91% HIV-associated. Cite qualitatively, never with an invented number.
Chondrosarcoma	TOTAL, all subtypes, bone	all ages	3.4-4.1 (best modern estimate); full published range 0.27-5.4	~1160-1400 (derived)	Multi-national systematic review (USA, England, Switzerland, France, Netherlands, Norway, Saudi Arabia)	Nationwide incidence of chondrosarcoma of bone: a review, Acta Oncol	2023	36856035	high	PRIMARY ROW. Review of 8 national registry studies 2010-2020. Age-standardized rates 2.0-4.1/M in USA/England/Switzerland/France; three modern reports give 3.4-4.1/M; authors conclude the true national incidence is 2-4/M. THE NETHERLANDS OUTLIER (5.4/M crude) IS DRIVEN BY A 10-FOLD RISE IN ACT/GRADE-1 DIAGNOSES AND IS ARGUED BY THE REVIEWERS TO REFLECT DIAGNOSTIC DRIFT AND POSSIBLE OVER-TREATMENT, NOT REAL BIOLOGY - do not use 5.4 as the headline.
Chondrosarcoma	TOTAL, all subtypes, bone	all ages	3.66	n/a	France (nationwide)	Penel/Blay et al., NETSARC nationwide France, mandatory expert pathology review, PLOS One	2021	33630918	high	967 cases over 4 years. Sits inside the 3.4-4.1 modern consensus band. Independent confirmation from a mandatory-expert-review network.
Chondrosarcoma	conventional CENTRAL (IDH1/IDH2-mutant), explicitly coded only	all ages	0.73	~250 (derived)	France (nationwide)	Penel/Blay et al., NETSARC nationwide France, mandatory expert pathology review, PLOS One	2021	33630918	medium	Central ACT/chondrosarcoma grade 1 = 0.288/M (76 cases) PLUS central chondrosarcoma grade 2-3 = 0.443/M (117 cases). SEVERE UNDERCOUNT OF THE TRUE CONVENTIONAL CENTRAL BURDEN because a further 'chondrosarcoma NOS' bucket of 2.17/M (572 cases) is largely conventional central but not explicitly coded. Mean age: ACT/G1 45.0y, central 56.4y, NOS 54.1y. See next row for the realistic figure.
Chondrosarcoma	conventional CENTRAL, realistic estimate including the NOS bucket	all ages	~2.9 (0.73 coded + 2.17 NOS)	~990 (derived)	France (nationwide)	Penel/Blay et al., NETSARC nationwide France, mandatory expert pathology review, PLOS One (analyst aggregation of coded + NOS categories)	2021	33630918	medium	~80% of all chondrosarcoma. THIS IS THE FIGURE TO QUOTE for conventional central chondrosarcoma, with the aggregation stated. Roughly 50% of conventional central and periosteal chondrosarcomas carry IDH1 or IDH2 hotspot mutations - the epigenetic hook for the white paper (2-hydroxyglutarate -> TET2/KDM inhibition -> DNA and histone hypermethylation). Confirm the IDH mutation frequency against Amary et al. J Pathol 2011 before publication.
Chondrosarcoma	DEDIFFERENTIATED	all ages	0.352	~120 (derived)	France (nationwide)	Penel/Blay et al., NETSARC nationwide France, mandatory expert pathology review, PLOS One	2021	33630918	high	93 cases over 4 years = 9.6% of all chondrosarcoma - matches the classic 10% textbook figure. Mean age 64.0, F/M 0.94; 48.4% lower limb, 30.1% trunk wall. Biphasic tumor with an IDH-mutant cartilage component and a high-grade dedifferentiated component sharing the IDH mutation - a natural experiment in epigenetic progression.
Chondrosarcoma	MESENCHYMAL (HEY1-NCOA2)	all ages	0.117	~40 (derived)	France (nationwide)	Penel/Blay et al., NETSARC nationwide France, mandatory expert pathology review, PLOS One	2021	33630918	high	31 cases over 4 years = 3.2% of all chondrosarcoma. MEAN AGE 34.9 - MUCH YOUNGER THAN ALL OTHER CHONDROSARCOMAS, straddles the AYA/adult boundary; 29.0% head and neck, 29.0% lower limb. IDH-WILD-TYPE and fusion-driven, so biologically and epigenetically unrelated to conventional chondrosarcoma despite the shared name. Meets the CTOS ultra-rare threshold (<=1/M).
Chondrosarcoma	CLEAR CELL	all ages	0.053	~18 (derived)	France (nationwide)	Penel/Blay et al., NETSARC nationwide France, mandatory expert pathology review, PLOS One	2021	33630918	high	14 cases over 4 years = 1.4% of all chondrosarcoma. Mean age 42.5, F/M 0.27 (strongly male); 64.3% lower limb (classic proximal femur/humerus epiphysis). Low grade, late metastasis. Ultra-rare by CTOS definition. Cross-check: skull-base chondrosarcoma of all types has a SEER age-adjusted rate of 0.19/M (PMID 32818757).
Chordoma	all subtypes (conventional, chondroid, poorly differentiated, dedifferentiated)	all ages	0.97 (ASR 0.097/100000)	~337 (derived from 93% coverage)	USA (NAACCR, 93% of US population)	Incidence patterns and trends of chordoma in the United States, J Bone Oncol	2026	42317481	high	PRIMARY ROW. 6260 cases 2003-2022 (=313/yr observed in 93% coverage). Site: cranial 38.7%, sacral 32.7%, mobile spine 25.4%. Incidence RISES WITH AGE, PEAKING AT 80-84 - an unambiguously adult tumor. Male > female (0.117 vs 0.080 per 100000, divergence appears after age 35). Non-Hispanic Black rates 56% LOWER than non-Hispanic White. Rising +1.47%/yr (95% CI 0.61-2.39). 5-yr relative survival 83.3%.
Chordoma	all subtypes	all ages	1.11 (2015-2019); 0.59 in 1991-1995	n/a	Netherlands (PALGA nationwide pathology registry)	Incidence and centralization of chordoma in the Netherlands, Cancer Epidemiol	2024	38277716	high	420 patients 1991-2019. MEDIAN AGE AT DIAGNOSIS 63 (range 1-95), 60% male. Incidence nearly DOUBLED over 30 years (p=0.001), concurrent with a rise in bone-tumor-referral-center review from 29.3% to 84.4% - i.e. much of the 'rise' is ascertainment. Cross-checks: Ontario 1.20/M (PMID 39423422); France NETSARC only 0.63/M (0.621 conventional + 0.008 dedifferentiated), almost certainly under-captured because chordoma is managed by neurosurgery/spine outside the sarcoma network.
Osteosarcoma	ALL AGES baseline (for reference only - not the adult row)	all ages	3.1	~1060 (derived)	USA (SEER 1973-2004)	Mirabello et al., Osteosarcoma incidence and survival rates, Cancer	2009	19197972	high	3482 patients. Provided so the adult rows below can be read against the total. THE PAEDIATRIC TABLE SHOULD OWN THE 0-24 ROW (4.4/M).
Osteosarcoma	ADULT, middle-aged trough	25-59	1.7	~264 (derived, US pop 25-59 ~155M)	USA (SEER 1973-2004)	Mirabello et al., Cancer	2009	19197972	high	LOWEST osteosarcoma incidence of any age band - the trough between the two classic peaks. Use this row when quoting middle-aged adult osteosarcoma.
Osteosarcoma	ADULT, SECOND INCIDENCE PEAK (elderly)	60+	4.2	~336 (derived, US pop 60+ ~80M)	USA (SEER 1973-2004)	Mirabello et al., Cancer	2009	19197972	high	THE SECOND PEAK. Elderly rate (4.2/M) essentially EQUALS the pediatric/AYA peak (4.4/M for 0-24). Biologically distinct: axial/craniofacial predilection, more advanced stage at presentation, far worse survival, and a large secondary-aetiology fraction (next two rows). SEE THE DISPUTE ROW BELOW - a 2024 SEER reanalysis challenges the persistence of this peak.
Osteosarcoma	PAGET-ASSOCIATED osteosarcoma among elderly cases	60+	n/a (proportion, not a rate)	~32/yr (derived: 9.5% of ~336 elderly cases)	USA (SEER 1973-2004)	Mirabello et al., Cancer	2009	19197972	high	62 of 653 elderly osteosarcoma patients (9.5%) had Paget disease of bone. Paget-associated osteosarcoma is genomically distinct (frequent SQSTM1/p62 pathway involvement in the underlying Paget lesion) and has a dismal prognosis. Japan NCR 2016-2019 by contrast found Paget-associated osteosarcoma in only 0.2% - Paget disease is far rarer in East Asia, so this fraction is population-specific.
Osteosarcoma	SECOND-OR-LATER-CANCER (largely RADIATION-ASSOCIATED) among elderly cases	60+	n/a (proportion, not a rate)	~82/yr (derived: 24.3% of ~336 elderly cases)	USA (SEER 1973-2004)	Mirabello et al., Cancer	2009	19197972	high	159 of 653 elderly osteosarcoma patients (24.3%) had osteosarcoma as a second-or-later cancer. Combined with Paget-associated cases, ~34% of ELDERLY osteosarcoma is secondary. SEER cannot attribute causation to radiotherapy specifically, so 'radiation-associated' is inferred, not coded.
Osteosarcoma	BIMODALITY - SOURCES DISAGREE MATERIALLY	all ages	see notes	n/a	USA vs Japan	Bhattasali et al. J Bone Oncol (SEER 2000-2021); Japan NCR 2016-2019, Jpn J Clin Oncol	2024/2025	38975333; 40459219	medium	MATERIAL DISAGREEMENT - REPORT BOTH. (a) US SEER 2000-2021 (5129 cases): a consistent first peak in the second decade but NO consistent second peak in the 35+ group; the authors conclude osteosarcoma is now UNIMODAL, corroborated by 86100 NIS long-bone-tumor discharges. (b) Japan NCR 2016-2019 (1187 cases): age distribution DOES have two peaks (2nd decade and 7th-8th decade), which the authors attribute to population aging rather than a distinct biology. (c) CI5 international 1988-2012 across all regions: bimodal, peaks at 10-19 and 60-79; 0-79 ASR 2.0 (Southern Asia) to 4.2 (sub-Saharan Africa) per million (PMID 33963769). SAFE FORMULATION FOR THE PAPER: 'a substantial second burden of osteosarcoma in older adults, ~4/M at age 60+, whose designation as a distinct incidence peak is contested.'
Osteosarcoma	France cross-check - USE WITH CAUTION	all ages	5.43 (recomputed) NOT the 7.12 printed in the paper	n/a	France (nationwide)	Penel/Blay et al., NETSARC nationwide France, mandatory expert pathology review, PLOS One	2021	33630918	low	DATA-QUALITY FLAG. NETSARC Table 2 lists 1438 osteosarcomas over 4 years and prints an incidence of 7.122/M, but 1438/4/66.2M = 5.43/M. Every other row in that table reconciles (e.g. chondrosarcoma 967 -> 3.65 vs 3.663 printed). The printed osteosarcoma figure appears to be an internal error. DO NOT CITE 7.122. If a France osteosarcoma figure is needed, cite 5.4/M as recomputed from the published case counts, or omit.
Total bone sarcoma (all histologies)	EU reference	all ages	~7.8 (derived)	n/a (~3907/yr in EU27)	Europe (RARECARE, 76 registries)	Stiller et al., Descriptive epidemiology of sarcomas in Europe: RARECARE, Eur J Cancer	2013	23079473	medium	14% of 27908 EU27 sarcomas/yr are bone = ~3907/yr over an EU27 population of ~500M. Derived by the analyst from the published percentage and total, not printed as such in the paper.
Gastrointestinal stromal tumor (GIST)	GI-tract primary sites only (oesophagus, stomach, small bowel, colon, rectum); KIT/PDGFRA-mutant	20+ (study restricted to age >=20)	13.65 (sum of 2019 site ASRs)	~4670 (derived)	USA (SEER-22)	Nasir/Bertuccio et al., Incidence and survival outcomes of gastrointestinal stromal tumors, JAMA Netw Open	2024	39158910	high	PRIMARY ROW. 23001 SEER-22 cases 2000-2019, mean age 64, 51.3% men. 2019 age-standardized rates per 100000: gastric 0.93, small intestine 0.36, rectum 0.033, colon 0.028, oesophagus 0.014 = 1.365/100000. ALL SITES RISING except colon: gastric APC +5.1%, oesophagus +7.3%, small bowel +2.7%, rectum +1.9%. Complementary FALL in GI leiomyosarcoma (gastric APC -10.2%) confirms much of the early rise was reclassification, but the authors show the rise CONTINUED after 2005 in both early- and late-stage disease, so it is not solely a coding artefact.
Gastrointestinal stromal tumor (GIST)	ALL primary sites including extra-GI (omentum, mesentery, retroperitoneum, soft tissue)	20+	~15 (derived)	~5100 (derived)	USA (SEER-22)	Nasir/Bertuccio et al., JAMA Netw Open (analyst adjustment)	2024	39158910	medium	The SEER analysis EXCLUDED 2632 of 25633 GIST cases (10.3%) that arose outside the five GI-tract sites (45% other digestive organs, 21% peritoneum/retroperitoneum/omentum/mesentery, 17% soft tissue, 17% other). Adding them back gives ~15/M. Independent agreement: RARECARE states the TRUE GIST incidence 'is believed to be about 1.5 per 100000' i.e. 15/M (PMID 23079473).
Gastrointestinal stromal tumor (GIST)	all sites	all ages	12.39	n/a	France (nationwide)	Penel/Blay et al., NETSARC nationwide France, mandatory expert pathology review, PLOS One	2021	33630918	high	3272 cases over 4 years - the SINGLE LARGEST HISTOTYPE in NETSARC (13% of all sarcomas, tied with liposarcoma). Mean age 65.4, F/M 0.94; 94.8% GI tract, 4.8% internal trunk. Rose from 736 (2013) to 913 (2015) cases/yr.
Gastrointestinal stromal tumor (GIST)	all sites, older cohort	all ages	~8 (3.1 in 2001 rising to 7.0 in 2012 for non-metastatic)	n/a	Netherlands (Netherlands Cancer Registry)	IJzerman et al., Nationwide trends in GIST in the imatinib era, Br J Surg	2018	29664995	high	1749 patients 2001-2012, 54.0% male, median age 66. EAPC +7.1%/yr (95% CI 4.1-10.2). 1 in 5 presented with metastatic disease. LOWER than the SEER 2019 figure mainly because the observation window ends in 2012, before much of the continued rise. Other cross-checks: Girona Spain 12.4/M (PMID 24248893); Shanghai age-standardized 12.8/M (PMID 24864136).
Gastrointestinal stromal tumor (GIST)	REGISTRY UNDER-CAPTURE of small/incidental/micro-GIST	adults	TRUE BIOLOGICAL PREVALENCE IS ORDERS OF MAGNITUDE HIGHER THAN THE INCIDENCE RATE	n/a	USA (surgical pathology series)	Abraham et al., 'Seedling' mesenchymal tumors are common incidental tumors of the esophagogastric junction, Am J Surg Pathol	2007	18059218	medium	CRITICAL CAVEAT. Systematic extensive sectioning (mean 30 blocks/case) of 150 oesophagogastric resections found incidental GISTs in 15/150 patients (10%), size 0.2-3.0 mm, 100% CD117+/CD34+. Sub-centimetre 'micro-GISTs' carry activating KIT mutations at rates similar to advanced GIST but almost never progress and are essentially NEVER reported to cancer registries. Consequence: the ~13-15/M registry incidence measures CLINICALLY DETECTED GIST only; the population carrying KIT-mutant GIST lesions is orders of magnitude larger. Other series report higher figures (e.g. autopsy and gastrectomy studies in the 20-35% range) - VERIFY those specific numbers directly before citing them.
Malignant PEComa	malignant perivascular epithelioid cell tumor (TFE3-rearranged or TSC1/TSC2-altered)	all ages	0.072	~25 (derived)	France (nationwide)	Penel/Blay et al., NETSARC nationwide France, mandatory expert pathology review, PLOS One	2021	33630918	medium	ONLY POPULATION-BASED ESTIMATE THAT EXISTS. 19 cases over 4 years (0, 2, 4, 13 by year - a steep artefactual rise as the malignant category was adopted, so 0.072 is a floor). Mean age 60.1, F/M 1.71; 26.3% internal trunk, 21.1% gynaecological, 15.8% GI. Widely quoted figures of '~0.3 per million' appear only in case reports WITHOUT a traceable population source - do not cite those.
PEComa (all, including angiomyolipoma)	PEComa NOS + malignant + angiomyolipoma	all ages	0.326	~112 (derived)	France (nationwide)	Penel/Blay et al., NETSARC nationwide France, mandatory expert pathology review, PLOS One	2021	33630918	medium	86 cases over 4 years: PEComa-NOS 67 (0.254/M, mean age 55.7, F/M 3.79) + malignant PEComa 19 (0.072/M). Included so the malignant fraction (~22%) is visible. Renal angiomyolipoma in tuberous sclerosis is largely handled outside sarcoma networks and is NOT fully captured here.
Endometrial stromal sarcoma, LOW-GRADE	JAZF1-SUZ12 and related fusions; includes endometrial stromal nodule in the group total	all ages	0.80 (ESS-LG specifically); 0.90 for the whole low-grade group	~275 (derived); ~309 for the group	France (nationwide)	Penel/Blay et al., NETSARC nationwide France, mandatory expert pathology review, PLOS One	2021	33630918	high	212 ESS-low-grade cases (0.803/M) within a low-grade group of 238 (0.902/M) that also contains 16 endometrial stromal nodules and 10 ESS-NOS. Mean age 53.0; 88.7% uterine. Rates are per TOTAL population - roughly DOUBLE if expressed per million women (~1.6-1.8/M women). Context: total uterine sarcoma in France is 4.31/M and uterine leiomyosarcoma 2.06/M.
Endometrial stromal sarcoma, LOW-GRADE + HIGH-GRADE combined (historical definition)	pre-molecular era, LG/HG not separated	all ages	~3.0 per million WOMEN (0.3/100000 women)	n/a	Nordic countries (Denmark, Finland, Iceland, Norway; NORDCAN/NOCCA)	Koivisto-Korander et al., Incidence of uterine leiomyosarcoma and endometrial stromal sarcoma in Nordic countries, Maturitas	2012	22377186	medium	1978-2007, rates stable across all four countries over 30 years. DENOMINATOR IS WOMEN, NOT TOTAL POPULATION - halve to ~1.5/M to compare with the NETSARC rows. Predates the 2012 WHO molecular split into low-grade (JAZF1) and high-grade (YWHAE-NUTM2, BCOR), so it aggregates both plus some undifferentiated uterine sarcoma. Companion figure: uterine leiomyosarcoma ~0.4/100000 women.
Endometrial stromal sarcoma, HIGH-GRADE	YWHAE-NUTM2 / BCOR-rearranged	all ages	0.155	~53 (derived)	France (nationwide)	Penel/Blay et al., NETSARC nationwide France, mandatory expert pathology review, PLOS One	2021	33630918	medium	41 cases over 4 years, but the yearly counts were 1, 5, 13, 22 - a >20-fold apparent rise driven entirely by the entity being newly defined and recognized during the study window. THE TRUE STEADY-STATE RATE IS ALMOST CERTAINLY HIGHER THAN 0.155/M; the 2016 figure alone implies ~0.33/M. Mean age 60.0, 95.1% uterine. TREAT 0.155 AS A HARD FLOOR AND SAY SO.
Low-grade fibromyxoid sarcoma (LGFMS)	FUS-CREB3L2/CREB3L1	all ages	0.515	~176 (derived)	France (nationwide)	Penel/Blay et al., NETSARC nationwide France, mandatory expert pathology review, PLOS One	2021	33630918	medium	136 cases over 4 years; counts stable (33/30/35/38) so this is a reliable rate. Mean age 42.5, F/M 0.97; 36.8% trunk wall, 34.6% lower limb. NO OTHER POPULATION-BASED INCIDENCE ESTIMATE EXISTS ANYWHERE IN THE LITERATURE - NETSARC is the sole source. Confidence downgraded to medium for generalisability, not for the source.
Sclerosing epithelioid fibrosarcoma (SEF)	EWSR1-CREB3L1 (and hybrid LGFMS/SEF)	all ages	0.155	~53 (derived)	France (nationwide)	Penel/Blay et al., NETSARC nationwide France, mandatory expert pathology review, PLOS One	2021	33630918	medium	41 cases over 4 years; counts stable (8/11/10/12). Mean age 55.8, F/M 1.05; 41.5% trunk wall. NO OTHER POPULATION-BASED ESTIMATE EXISTS. Note ~31% of LGFMS at unusual sites show SEF areas (hybrid tumors), so the LGFMS/SEF boundary is not clean and the two rates should be regarded as partitioning a single ~0.67/M FUS/EWSR1-CREB3L-family burden.
Myoepithelial carcinoma of soft tissue	EWSR1-PBX1/POU5F1/ZNF444/KLF15, PLAG1-rearranged	all ages	NO RELIABLE POPULATION INCIDENCE RATE EXISTS	cannot be estimated	n/a	Absence established by: NETSARC (only 2 coded cases in 4 years); systematic literature search found only case reports and small series	2021-2026	33630918; 41834073; 41239844	medium	EXPLICIT ABSENCE - THIS IS ITSELF A FINDING FOR THE PAPER. NETSARC coded just 2 'malignant myoepithelial tumors' in 4 years (0.008/M) against 85 'myoepitheliomas' (0.322/M) and 6 'mixed tumors' - i.e. the malignant category is being systematically under-assigned, not genuinely that rare. The largest molecular cohort ever assembled is 27 patients (PMID 41834073). Fewer than 30 primary CUTANEOUS cases exist in the world literature (PMID 41239844). PLAUSIBLE ORDER OF MAGNITUDE: 0.05-0.3 per million, but this is an inference, NOT a published rate - present it as 'no population-based rate has been published' and give the NETSARC floor only if a number is unavoidable.
Intimal sarcoma	MDM2-amplified; pulmonary artery, aorta, heart	all ages	0.174	~60 (derived)	France (nationwide)	Penel/Blay et al., NETSARC nationwide France, mandatory expert pathology review, PLOS One	2021	33630918	medium	ONLY POPULATION-BASED RATE THAT EXISTS. 46 cases over 4 years; counts stable (14/12/11/9). Mean age 58.9, F/M 0.92; 58.7% 'other' (great vessels/heart) and 39.1% internal trunk. THE CARDIOLOGY LITERATURE OFFERS NO INCIDENCE - only autopsy prevalence of ALL primary cardiac tumors (0.001-0.03%), which is a different quantity entirely and must not be converted into a sarcoma incidence. Frequently misdiagnosed as pulmonary thromboembolism, so true incidence is likely higher.
Extraskeletal myxoid chondrosarcoma (EMC)	NR4A3 fusions (EWSR1-NR4A3 ~70-78%, also TAF15, TCF12, FUS)	all ages	0.220	~75 (derived)	France (nationwide)	Penel/Blay et al., NETSARC nationwide France, mandatory expert pathology review, PLOS One	2021	33630918	high	58 cases over 4 years. Mean age 58.2, F/M 0.81 (male-predominant); 58.6% lower limb, 27.6% trunk wall. Despite the name, NOT a cartilaginous tumor and unrelated to skeletal chondrosarcoma. Comprises <3% of soft tissue sarcoma.
Extraskeletal myxoid chondrosarcoma (EMC)	US cross-check	all ages	~0.23 (derived)	~80 (derived)	USA (SEER)	Kenney/Ratner et al., EMC clinical features and overall survival, Cancer Treat Res Commun	2022	35144048	medium	270 SEER cases 2004-2015 = 22.5/yr within SEER's ~28% US coverage, implying ~80 US cases/yr and ~0.23/M. INDEPENDENTLY CONFIRMS THE FRENCH FIGURE (0.220/M) almost exactly. 5-yr OS 76.5%. US Sarcoma Collaborative series: mean age 55, 65% male, 5-yr OS 71% (PMID 35962783).
Synovial sarcoma	SS18-SSX1/SSX2/SSX4	all ages	1.5-1.8	530 observed (average 2001-2020)	USA (nationwide, USCS NPCR-SEER)	Effect of HLA restriction on access to immune therapies for advanced synovial sarcoma, Oncologist	2025	40554677	high	10605 cases 2001-2020, 48% female, 64% non-Hispanic White, 17% Hispanic. Incidence STABLE over time. 58% extremity primary; 54% localised at presentation. 5-yr cause-specific survival 60%. France NETSARC cross-check: 1.674/M soft tissue + 0.034/M bone (PMID 33630918).
Synovial sarcoma	ADULT SHARE	20+ (median age 39)	n/a - see the all-ages row above	~440-475 of ~530 (derived, ~83-90%)	USA (SEER 2000-2018) and France	Comparative analysis of bone and soft tissue vs visceral synovial sarcoma, The Surgeon; NETSARC	2025/2021	39528367; 33630918	medium	MEDIAN AGE 39.0 (SEER, n=2776). NETSARC mean ages by subtype: biphasic 41.2, monophasic 42.8, NOS 45.6, poorly differentiated 45.2. THE PUBLISHED SOURCES GIVE MEDIAN/MEAN AGE, NOT AN EXPLICIT PERCENTAGE AT AGE 20+; the 83-90% figure is the analyst's inference from the age distribution. Use the median age (39) as the primary defensible statement and derive the pediatric share from the pediatric table rather than subtracting here.
Malignant peripheral nerve sheath tumor (MPNST)	all types incl. epithelioid and Triton; ~50% NF1-associated	all ages	1.00	~342 (derived)	France (nationwide)	Penel/Blay et al., NETSARC nationwide France, mandatory expert pathology review, PLOS One	2021	33630918	high	264 MPNST over 4 years within a peripheral nerve sheath group of 286 (1.083/M). Mean age 45.4 (usual type), 43.2 (epithelioid), 34.7 (Triton). F/M 0.86 (usual type). Sites 27.1% lower limb, 27.1% trunk wall, 14.1% head and neck. PRC2 (SUZ12/EED) loss with global H3K27me3 erasure is the defining epigenetic lesion - a strong white-paper example.
Malignant peripheral nerve sheath tumor (MPNST)	ADULT SHARE / AYA fraction	all ages; AYA fraction stated	1.3 (0.13/100000)	~445 (derived if the Japanese rate is applied to the US)	Japan (National Cancer Registry, nationwide)	Epidemiology and prognosis of MPNST in Japan, J Orthop Sci	2026	41073222	high	837 MPNST vs 22685 non-MPNST STS, 2016-2019. AYA PATIENTS (15-39y) COMPRISE 18.5% OF MPNST VS 10.7% OF OTHER STS (p significant) - MPNST is the most AYA-shifted of the common adult sarcomas, consistent with NF1 predisposition. Balanced sex ratio, unlike most sarcomas. Combined with the NETSARC mean age of ~45, the age-20+ share is high (roughly 90%) but IS NOT PUBLISHED AS A PERCENTAGE - do not state one as though it were sourced.
Alveolar soft part sarcoma (ASPS)	ASPSCR1-TFE3	all ages	0.117 (France); ~0.13 (EU-wide implied)	~40-45 (derived)	France (nationwide); European Union	NETSARC; How to develop new systemic treatments in ultra-rare cancers: the case of ASPS, Eur J Cancer	2021/2024	33630918; 38479120	high	NETSARC: 31 cases over 4 years, mean age 30.5, F/M 1.21; 51.6% lower limb, 22.6% trunk wall, 9.7% head and neck. INDEPENDENT AGREEMENT: the EJC paper states ASPS is 'newly diagnosed in approximately 60 persons a year in the European Union' = ~0.13/M over an EU27 population of ~449M. Explicitly designated ULTRA-RARE (<=1/M).
Alveolar soft part sarcoma (ASPS)	ADULT SHARE	all ages; median age 25	n/a - see the all-ages row above	cannot be reliably split	USA (SEER 2000-2020)	ASPS clinicopathologic analysis and predictive nomogram, Am J Clin Oncol	2026	40938110	medium	277 SEER cases, MEDIAN AGE 25 (52.3% female). ASPS STRADDLES THE PAEDIATRIC/ADULT BOUNDARY MORE THAN ANY OTHER ENTITY IN THIS TABLE - a median of 25 means roughly 60-70% of cases occur at age 20+, but NO SOURCE PUBLISHES THE PERCENTAGE. Site shifts with age: head and neck 36.2% in younger patients vs lower extremity/hip 68.8% in older patients. DO NOT ASSIGN ASPS WHOLLY TO EITHER TABLE - report the median age and cross-reference the pediatric table.
Clear cell sarcoma of soft tissue	EWSR1-ATF1 / EWSR1-CREB1 ('melanoma of soft parts')	all ages	0.269 (France); 0.12-0.27 (USA)	~41-92 (derived)	France (nationwide); USA (SEER)	NETSARC; Clear cell sarcoma incidence and survival: a SEER analysis, Cureus	2021/2025	33630918; 40636612	medium	SEER: 268 cases 2000-2019, population-adjusted incidence 0.012-0.027 per 100000 (=0.12-0.27/M), essentially FLAT (APC +0.56%). NETSARC: 71 cases over 4 years, MEAN AGE 42.3, F/M 0.87; 46.5% lower limb, 12.7% GI. The two sources bracket each other; quote 0.12-0.27/M and note France sits at the top of that band. Ultra-rare by CTOS definition.
Clear cell sarcoma of soft tissue	ADULT SHARE	all ages; mean age 42.3	n/a - see the all-ages row above	~85-90% of cases at age 20+ (analyst inference)	France (nationwide)	Penel/Blay et al., NETSARC nationwide France, mandatory expert pathology review, PLOS One	2021	33630918	medium	MEAN AGE 42.3 in NETSARC. ADULT-DOMINANT. No source publishes an explicit percentage at age 20+; the 85-90% figure is inferred from the mean age and should be labeled as such. DO NOT CONFLATE with clear cell sarcoma of the KIDNEY (CCSK), a distinct pediatric renal tumor with a US age-adjusted incidence of 0.205/M in children (PMID 34095035) - that belongs in the pediatric table.
Epithelioid sarcoma	SMARCB1/INI1-deficient (classic distal + proximal/large-cell types)	all ages	0.455	~156 (derived)	France (nationwide)	Penel/Blay et al., NETSARC nationwide France, mandatory expert pathology review, PLOS One	2021	33630918	high	120 cases over 4 years: 98 classic epithelioid sarcoma (0.371/M) + 22 undifferentiated epithelioid sarcoma (0.083/M). Counts stable across years. Sites 29.6% upper limb (classic hand/forearm), 22.4% lower limb. Independent agreement: review literature quotes 0.4 cases/yr per million and 1-1.4% of all STS (PMID 33176534). SMARCB1 loss = SWI/SNF chromatin remodeller deficiency, the archetypal epigenetically driven sarcoma (EZH2 inhibitor tazemetostat is approved here).
Epithelioid sarcoma	ADULT SHARE - note the bimodal age structure by subtype	all ages	n/a - see the all-ages row above	~150 of ~156 (derived, adult-dominant)	France (nationwide)	Penel/Blay et al., NETSARC nationwide France, mandatory expert pathology review, PLOS One	2021	33630918	medium	TWO DISTINCT AGE DISTRIBUTIONS UNDER ONE NAME: classic (distal) epithelioid sarcoma MEAN AGE 40.1, versus undifferentiated/proximal-type MEAN AGE 70.0. Both are adult-dominant; the proximal type is a tumor of the elderly. Report them separately if the paper discusses SMARCB1 biology, because the epigenomic questions differ. No published age-20+ percentage exists.
Desmoplastic small round cell tumor (DSRCT)	EWSR1-WT1	all ages	0.197	~67 (derived)	France (nationwide)	Penel/Blay et al., NETSARC nationwide France, mandatory expert pathology review, PLOS One	2021	33630918	high	52 cases over 4 years. MEAN AGE 24.3, F/M 0.30 (strongly male); 84.6% internal trunk (the classic abdominal/peritoneal presentation). Ultra-rare by CTOS definition.
Desmoplastic small round cell tumor (DSRCT)	US cross-check and ADULT SHARE	all ages; peak age 20-24	0.2 (White) and 0.5 (Black) age-adjusted	~70 (derived)	USA (SEER 9)	Incidence and outcomes of DSRCT: results from SEER, J Cancer Epidemiol; Changing incidence and survival of DSRCT in the USA, Proc (Bayl Univ Med Cent)	2014/2022	25431592; 35754588	medium	192 SEER cases; PEAK INCIDENCE AGE 20-24 - DSRCT SITS EXACTLY ON THE PAEDIATRIC/ADULT BOUNDARY, so any split is arbitrary; roughly half the burden falls each side. Significant racial difference: 0.5/M in Black vs 0.2/M in White individuals (p=0.037). Incidence rising since 2000. DO NOT CLAIM DSRCT AS PURELY PAEDIATRIC OR PURELY ADULT.
TOTAL US BONE AND JOINT SARCOMA	SEER site-based group (ICD-O topography C40-C41)	all ages	11 (1.1 per 100000)	4110 (NCI estimate for 2026)	USA (SEER, 2019-2023 rates)	NCI SEER Cancer Stat Facts: Bone and Joint Cancer	2026	https://seer.cancer.gov/statfacts/html/bones.html	high	MEDIAN AGE AT DIAGNOSIS 48. Age distribution: <20 22.4%, 20-34 15.0%, 35-44 9.0%, 45-54 10.6%, 55-64 14.4%, 65-74 14.7%, 75-84 9.4%, >84 4.5%. 0.2% of all new US cancers. CAVEAT: site-based, so it counts non-sarcoma bone malignancies and misses bone-sarcoma histologies presenting in soft tissue.
TOTAL US BONE AND JOINT SARCOMA	ADULT fraction	20+	n/a	~3190 (derived: 77.6% of 4110)	USA (SEER)	NCI SEER Cancer Stat Facts (derived from the published age distribution)	2026	https://seer.cancer.gov/statfacts/html/bones.html	high	77.6% of US bone and joint cancer occurs at age 20 or older (100% minus the 22.4% under-20 share). ADULTS OUTNUMBER CHILDREN 3.5 TO 1 EVEN IN BONE SARCOMA, the most 'pediatric' of the sarcoma families.
TOTAL US SOFT TISSUE SARCOMA	SEER site-based group ('soft tissue including heart')	all ages	35 (3.5 per 100000)	13910 (NCI estimate for 2026)	USA (SEER, 2019-2023 rates)	NCI SEER Cancer Stat Facts: Soft Tissue including Heart Cancer	2026	https://seer.cancer.gov/statfacts/html/soft.html	high	MEDIAN AGE AT DIAGNOSIS 63. Age distribution: <20 7.1%, 20-34 8.6%, 35-44 8.4%, 45-54 11.5%, 55-64 17.9%, 65-74 22.0%, 75-84 16.7%, >84 7.8%. 0.7% of all new US cancers. MAJOR CAVEAT: this is a TOPOGRAPHY-based group and EXCLUDES sarcomas arising in visceral organs - GIST (~5000/yr), uterine sarcoma, GI leiomyosarcoma, visceral angiosarcoma - so it materially undercounts histology-defined sarcoma. See the NETSARC sanity-check row.
TOTAL US SOFT TISSUE SARCOMA	ADULT fraction	20+	n/a	~12920 (derived: 92.9% of 13910)	USA (SEER)	NCI SEER Cancer Stat Facts (derived from the published age distribution)	2026	https://seer.cancer.gov/statfacts/html/soft.html	high	92.9% of US soft tissue sarcoma occurs at age 20 or older. 46.5% occurs at age 65 or older.
PERCENTAGE OF ALL SARCOMA OCCURRING IN ADULTS	bone + soft tissue combined, SEER site-based	20+	n/a	~16110 of ~18020 total	USA (SEER)	Derived by the analyst from NCI SEER Cancer Stat Facts (bones + soft tissue)	2026	https://seer.cancer.gov/statfacts/html/bones.html; https://seer.cancer.gov/statfacts/html/soft.html	high	HEADLINE SANITY-CHECK NUMBER: 89.4% OF ALL US SARCOMA OCCURS AT AGE 20 OR OLDER. Calculation: bone 4110 x 77.6% = 3189; soft tissue 13910 x 92.9% = 12922; (3189+12922)/(4110+13910) = 16111/18020 = 89.4%. If GIST and uterine sarcoma (both overwhelmingly adult, together ~6000-7000 US cases/yr) are added back, THE ADULT SHARE RISES TO ROUGHLY 92-93%. In plain terms: ADULT SARCOMA IS ROUGHLY 9-13 TIMES MORE COMMON THAN PAEDIATRIC SARCOMA.
ALL SARCOMA + TUMOURS OF INTERMEDIATE MALIGNANCY	histology-based, expert-review-confirmed (the true denominator)	all ages	95.1 (sarcoma 70.7 + intermediate malignancy 24.4)	~32500 sarcoma+TIM, of which ~24200 sarcoma (derived by applying the French rate to 342M)	France (nationwide)	Penel/Blay et al., NETSARC nationwide France, mandatory expert pathology review, PLOS One	2021	33630918	high	THE MOST IMPORTANT SANITY-CHECK ROW IN THE TABLE. Yearly totals 89.05, 93.04, 100.18, 98.00 per million for 2013-2016. A HISTOLOGY-BASED, CENTRALLY REVIEWED national count gives 70.7/M for sarcoma alone versus the ~53/M implied by SEER's site-based US groups (18020/342M) - i.e. THE CONVENTIONAL US FIGURE UNDERCOUNTS TRUE SARCOMA INCIDENCE BY ROUGHLY A THIRD, mostly through visceral and uterine primaries. The four leading histotypes are GIST 13%, liposarcoma 13%, leiomyosarcoma 11%, undifferentiated sarcoma 11% (47% combined).
ALL SARCOMA	European reference	all ages	56 (crude 5.6 per 100000)	n/a (27908/yr in EU27)	Europe (RARECARE, 76 population-based registries)	Stiller et al., Descriptive epidemiology of sarcomas in Europe: report from the RARECARE project, Eur J Cancer	2013	23079473	high	45568 incident cases 1995-2002. 84% soft tissue, 14% bone. Age-standardized STS incidence 3.3/100000 (Eastern Europe) to 4.7/100000 (Northern Europe). ~280000 people alive in Europe in 2003 with a past sarcoma diagnosis. 5-yr relative survival 58% (STS) and 62% (bone). AUTHORS EXPLICITLY FLAG that GIST was under-registered in this era and that its true incidence is ~1.5/100000. LOWER THAN THE NETSARC FIGURE (56 vs 95/M) BECAUSE RARECARE EXCLUDES INTERMEDIATE-MALIGNANCY TUMOURS AND PREDATES MODERN GIST/DESMOID ASCERTAINMENT.
ULTRA-RARE SARCOMA SHARE	CTOS consensus definition	all ages	threshold set at <=1 per million per year	n/a	International consensus (CTOS), using RARECARENet + NETSARC + Japan/Korea/Taiwan registries	Stacchiotti et al., Ultra-rare sarcomas: a consensus paper from the CTOS community of experts, Cancer	2021	33910263	high	IMPORTANT SOURCING CAVEAT CONFIRMED: this paper defines the <=1/M threshold and enumerates 56 soft tissue and 21 bone ultra-rare entities, and states that ULTRA-RARE SARCOMAS TOGETHER ACCOUNT FOR ROUGHLY 20% OF ALL SOFT TISSUE AND BONE SARCOMAS - but it does NOT publish per-entity numeric incidence values that can be lifted into a table. Cite it for the threshold, the entity list and the 20% aggregate ONLY; take every per-entity number in this table from NETSARC, SEER/NPCR or the named national registries instead.
PUBLICATION-BIAS CONTEXT	clinical-trial coverage versus incidence	all ages	n/a	n/a	France (nationwide)	Penel/Blay et al., NETSARC nationwide France, mandatory expert pathology review, PLOS One	2021	33630918	high	USEFUL FOR THE WHITE PAPER'S ARGUMENT: in NETSARC, histotypes with incidence <1/M made up 21% of all sarcoma patients and 130 distinct histotypes, and published phase II/III trial coverage correlated strongly with incidence (p<1e-4). The same structural neglect that produces the trial gap produces the EPIGENOMIC DATA GAP - the rarest adult entities (EHE, myoepithelial carcinoma, intimal sarcoma, clear cell chondrosarcoma, SEF) have neither trials nor chromatin data, despite most being single-driver fusion or chromatin-remodeller diseases.
