entity	subtype_or_note	age_range	incidence_per_million_per_year	US_cases_per_year	region	source	source_year	PMID_or_URL	confidence	notes
All childhood cancer	All ICCC groups combined	0-19	~182 (derived)	14,910	US	NCI/ACS Cancer Stat Facts + NCI Childhood Cancer Fact Sheet (2024 projection)	2024	https://www.cancer.gov/types/childhood-cancers/child-adolescent-cancers-fact-sheet	high	"Projected 2024 US incident cases 0-19. Rate per million derived by us as 14,910/82M; NOT an age-adjusted published rate. PDQ summaries round this to ""about 15,000""."
All childhood cancer	All ICCC groups combined	0-14	171.4 (=17.14/100,000)	9,620	US	NCI Childhood Cancer Fact Sheet (SEER 2017-2021 rates; 2024 case projection)	2024	https://www.cancer.gov/types/childhood-cancers/child-adolescent-cancers-fact-sheet	high	17.14 per 100,000 per year for ages <15, SEER 2017-2021.
All childhood cancer	All ICCC groups combined	15-19	-	5,290	US	NCI Childhood Cancer Fact Sheet	2024	https://www.cancer.gov/types/childhood-cancers/child-adolescent-cancers-fact-sheet	high	Adolescent component of the 0-19 total.
Total childhood SOFT TISSUE sarcoma	ICCC group IX, all soft tissue sarcomas	0-19	11.0	850-900	US	SEER Pediatric Monograph (Cancer Incidence and Survival Among Children and Adolescents), SEER 1975-95, Table IX.2	1999	https://seer.cancer.gov/archive/publications/childhood/childhood-monograph.pdf	high	7.4% of all cancer 0-19. RMS is ~350 of the 850-900. Rates are from SEER 1975-95 and are dated.
Total childhood SOFT TISSUE sarcoma	ICCC group IX	0-14	9.6	-	US	SEER Pediatric Monograph Table IX.2	1999	https://seer.cancer.gov/archive/publications/childhood/childhood-monograph.pdf	high	7.0% of all cancer 0-14.
Total childhood SOFT TISSUE sarcoma	Modern cross-check via SEER Stat Facts age distribution	0-19	-	~990 (derived)	US	SEER Cancer Stat Facts: Soft Tissue incl. Heart (SEER 21, 2019-2023; 2026 projection)	2026	https://seer.cancer.gov/statfacts/html/soft.html	medium	"DERIVED by us: 7.1% of new soft-tissue cases occur <20y x 13,910 projected 2026 US cases = ~990. SEER ""soft tissue"" excludes sarcomas coded to visceral organ sites, so this undercounts true STS."
Total childhood BONE sarcoma	ICCC group VIII, all malignant bone tumors	0-19	8.7	650-700	US	SEER Pediatric Monograph, bone chapter (SEER 1975-95)	1999	https://seer.cancer.gov/archive/publications/childhood/childhood-monograph.pdf	high	5.6% of all cancer 0-19 (6% as stated in chapter highlights). ~400 osteosarcoma + ~200 Ewing.
Total childhood BONE sarcoma	Modern cross-check via SEER Stat Facts age distribution	0-19	-	~920 (derived)	US	SEER Cancer Stat Facts: Bone and Joint (SEER 21, 2019-2023; 2026 projection)	2026	https://seer.cancer.gov/statfacts/html/bones.html	medium	DERIVED by us: 22.4% of new bone/joint cases occur <20y x 4,110 projected 2026 US cases = ~920.
TOTAL childhood sarcoma (bone + soft tissue)	Sum of ICCC VIII + IX	0-19	19.7 (=8.7+11.0)	1,500-1,600	US	SEER Pediatric Monograph (sum of bone and soft tissue chapters)	1999	https://seer.cancer.gov/archive/publications/childhood/childhood-monograph.pdf	medium	~13% of all childhood cancer 0-19. Modern derivation from SEER Stat Facts age fractions gives ~1,900/year. USE RANGE 1,500-1,900.
TOTAL childhood sarcoma (bone + soft tissue)	Modern derived cross-check	0-19	-	~1,900 (derived)	US	SEER Cancer Stat Facts bones.html + soft.html (2026 projections x <20y age fraction)	2026	https://seer.cancer.gov/statfacts/html/bones.html	low	DERIVED by us (920 + 990). Not a published figure. Higher than the monograph because of population growth and different case definitions.
All bone and joint cancer	All histologies	all ages	11.0 (=1.1/100,000)	4,110	US	SEER Cancer Stat Facts: Bone and Joint (SEER 21 2019-2023 rate; ACS 2026 case projection)	2026	https://seer.cancer.gov/statfacts/html/bones.html	high	Age-adjusted. Median age at diagnosis 48. Age distribution: <20 22.4%, 20-34 15.0%, 35-44 9.0%, 45-54 10.6%, 55-64 14.4%, 65-74 14.7%, 75-84 9.4%, >84 4.5%.
All soft tissue (incl. heart) cancer	All histologies	all ages	35.0 (=3.5/100,000)	13,910	US	SEER Cancer Stat Facts: Soft Tissue including Heart	2026	https://seer.cancer.gov/statfacts/html/soft.html	high	Age-adjusted. Median age 63. Only 7.1% of cases <20y. Excludes GIST/visceral sarcomas coded to organ site.
All sarcoma (soft tissue + bone)	RARECARE European benchmark	all ages	56 (=5.6/100,000 crude)	n/a (27,908 EU27 cases/yr)	Europe (EU27)	Stiller et al., Descriptive epidemiology of sarcomas in Europe: report from the RARECARE project, Eur J Cancer	2013	PMID 23079473	high	45,568 cases, 76 registries, 1995-2002. 84% soft tissue, 14% bone. Age-standardized STS 3.3/100,000 (E Europe) to 4.7/100,000 (N Europe). GIST under-registered.
All sarcoma	French nationwide expert-pathology-review network (NETSARC)	all ages	70.7	n/a	France	de Pinieux et al., PLOS One	2021	PMID 33630918	high	18,712 sarcomas 2013-2016, population 65.6-66.6M. Plus 24.4/million tumors of intermediate malignancy (combined 95.1/million). Only GIST exceeded 10/million as a single entity.
Rare cancer definition	RARECARE/RARECAREnet threshold	all ages	<60 (=<6/100,000)	-	Europe	Gatta et al., RARECAREnet, Lancet Oncol	2017	PMID 28687376	high	"Definition of a ""rare cancer"". Rare cancers = 24% of all EU cancer diagnoses 2000-07. NOTE: the rarecarenet.eu portal domain is DEAD as of Aug 2026 (redirects to a parked commercial site) - cite the papers, not the website."
Ultra-rare sarcoma definition	CTOS consensus threshold	all ages	<=1	-	Global (RARECARENet + NETSARC + Asian registries)	Stacchiotti et al., Ultra-rare sarcomas: a consensus paper from the CTOS, Cancer	2021	PMID 33910263	high	Ultra-rare sarcoma defined as incidence approximately <=1 per 1,000,000/year. CIC-rearranged, BCOR-CCNB3, EWSR1-non-ETS round cell sarcomas, mesenchymal chondrosarcoma, chordoma and sclerosing/spindle cell RMS all fall on this list.
Rhabdomyosarcoma	All RMS (ICCC IXa)	0-14	4.6	~280 (derived)	US	SEER Pediatric Monograph Table IX.2 (SEER 1975-95)	1999	https://seer.cancer.gov/archive/publications/childhood/childhood-monograph.pdf	high	Rate is published; US cases DERIVED by us as 4.6 x ~61M US children 0-14. RMS = ~50% of all soft tissue sarcomas in 0-14. 3.4% of all cancer 0-14.
Rhabdomyosarcoma	All RMS (ICCC IXa)	0-19	4.3 (monograph) to 4.6 (PDQ)	~350	US	NCI PDQ Childhood Rhabdomyosarcoma Treatment (HP) AND SEER Pediatric Monograph Table IX.2	2025 / 1999	https://www.cancer.gov/types/soft-tissue-sarcoma/hp/rhabdomyosarcoma-treatment-pdq	high	"SOURCES DISAGREE ON AGE LABELLING. PDQ states ""4.6 cases per 1 million children younger than 20 years... about 350 new cases per year"". The monograph's 4.6 figure is the 0-14 rate; its 0-19 rate is 4.3. Treat 4.3-4.6/million and ~350 cases/yr as the defensible 0-19 range. 2.7% of cancer at 0-14 and 1.4% at 15-19 (PDQ). 50% of cases in the first decade."
Rhabdomyosarcoma	All RMS	all ages	not published as a rate	~550-600 (extrapolated)	US	Extrapolated from Sultan et al., JCO (SEER 1973-2005: 1,071 adults >19y vs 1,529 children <=19y)	2009	PMID 19398574	low	"EXTRAPOLATION, NOT A PUBLISHED FIGURE. Adults were 41% of SEER RMS registrations, so 350 pediatric cases/yr implies ~590 all-ages. Highly uncertain: 43% of adult ""RMS"" was NOS and 19% pleomorphic, i.e. a substantial share are probably dedifferentiated/misclassified sarcomas rather than true RMS. Do not quote as a hard number."
RMS - fusion status	FOXO1 fusion-POSITIVE (all partners)	0-19 (cohort median pediatric)	-	~70 (derived)	International (INSTRuCT/consortium)	Shern et al., Genomic Classification and Clinical Outcome in Rhabdomyosarcoma: A Report From an International Consortium, JCO	2021	PMID 34166060	high	126/641 = 20% of RMS. US cases DERIVED by us as 20% x 350. Concordant with PDQ: alveolar histology is 23% of RMS and ~80% of alveolar RMS express a FOXO1 fusion.
RMS - fusion status	PAX3-FOXO1	0-19	-	~44 (derived)	US (COG/IRS)	Sorensen et al., PAX3-FKHR and PAX7-FKHR gene fusions are prognostic indicators in alveolar rhabdomyosarcoma: a report from the COG, JCO	2002	PMID 12039929	medium	55% of ALVEOLAR RMS (43/78). As a fraction of ALL RMS this is DERIVED by us: 0.23 (alveolar share) x 0.55 = ~13% of RMS, ~44 US cases/yr. The 55% is a solid published number; the conversion to all-RMS share is ours.
RMS - fusion status	PAX7-FOXO1	0-19	-	~18 (derived)	US (COG/IRS)	Sorensen et al., JCO	2002	PMID 12039929	medium	22% of ALVEOLAR RMS (17/78). DERIVED all-RMS share: 0.23 x 0.22 = ~5% of RMS, ~18 US cases/yr. PAX7-FOXO1 patients are younger and had markedly better metastatic outcome (75% vs 8% 4-yr survival).
RMS - fusion status	Fusion-NEGATIVE	0-19	-	~280 (derived)	International (INSTRuCT/consortium)	Shern et al., JCO	2021	PMID 34166060	high	515/641 = 80% of RMS. US cases DERIVED as 80% x 350. Within fusion-negative: RAS pathway >50% (NRAS 17%, KRAS 9%, HRAS 8%), TP53 13%, BCOR 15%, NF1 15%.
RMS - fusion status	Fusion-negative, alveolar morphology	0-19	-	-	US (COG/IRS)	Sorensen et al., JCO	2002	PMID 12039929	high	"23% of morphologically alveolar RMS (18/78) are fusion-negative and behave like embryonal RMS. Explains why ""alveolar histology"" (23% of RMS) exceeds ""fusion-positive"" (20% of RMS)."
RMS - molecular	MYOD1-mutant (L122R)	0-19	-	~9-10 (derived)	International (INSTRuCT/consortium)	Shern et al., JCO	2021	PMID 34166060	high	"VERIFIED: 17/515 = 3% of FUSION-NEGATIVE RMS; 17/641 = 2.7% of ALL RMS. So the ""roughly 3% of RMS"" figure in circulation is correct but is strictly 3% of fusion-negative RMS / 2.7% of all RMS. Zero MYOD1 mutations in fusion-positive cases. US cases DERIVED as 0.027 x 350."
RMS - molecular	MYOD1 L122R within spindle cell/sclerosing RMS	all ages (referral series)	-	-	US (MSKCC referral series)	Agaram et al., MYOD1 (L122R) mutations are associated with spindle cell and sclerosing rhabdomyosarcomas with aggressive clinical outcomes, Mod Pathol	2016	PMID 27562493	high	10/21 (48%) of spindle cell/sclerosing RMS; 7/9 (78%) of sclerosing; 3/12 (25%) of spindle cell; 0/28 of embryonal+alveolar+pleomorphic. DO NOT USE the headline 10/49 (20%) as a population frequency - this is a morphologically enriched referral series.
RMS - histology	Embryonal RMS	0-19	~4/million in children; ~1.5/million in adolescents (PDQ)	~200 (derived)	US	NCI PDQ Childhood RMS Treatment (HP), SEER database	2025	https://www.cancer.gov/types/soft-tissue-sarcoma/hp/rhabdomyosarcoma-treatment-pdq	high	57% of RMS in SEER. US cases DERIVED as 0.57 x 350. SEER Pediatric Monograph rates: 3.0/million (0-14), 2.6/million (0-19).
RMS - histology	Alveolar RMS	0-19	~1/million (children and adolescents)	~80 (derived)	US	NCI PDQ Childhood RMS Treatment (HP), SEER database	2025	https://www.cancer.gov/types/soft-tissue-sarcoma/hp/rhabdomyosarcoma-treatment-pdq	high	23% of RMS in SEER. US cases DERIVED as 0.23 x 350. SEER Pediatric Monograph rate 0.7/million (both 0-14 and 0-19). Incidence of alveolar RMS rose over 1975-2005 (APC +4.2%), partly from reclassification of RMS-NOS.
RMS - histology	Spindle cell / sclerosing RMS	0-19	-	~10-35 (derived)	US	NCI PDQ Childhood RMS Treatment (HP)	2025	https://www.cancer.gov/types/soft-tissue-sarcoma/hp/rhabdomyosarcoma-treatment-pdq	medium	3% to 10% of all cases. Wide range reflects unstable classification (only separated as an entity in WHO 2013/2020). US cases DERIVED as 0.03-0.10 x 350. On the CTOS ultra-rare sarcoma list.
RMS - histology	RMS NOS / pleomorphic (legacy SEER category)	0-19	1.0	-	US	SEER Pediatric Monograph Table IX.2 (SEER 1975-95)	1999	https://seer.cancer.gov/archive/publications/childhood/childhood-monograph.pdf	high	CAUTION: in 1975-95 SEER, 22% of pediatric RMS was NOS/pleomorphic. This category has shrunk substantially with modern molecular classification, which inflates the apparent rise in alveolar RMS. Do not blend monograph subtype fractions with modern ones.
RMS - histology	Historical embryonal:alveolar ratio	0-14	-	-	US	SEER Pediatric Monograph	1999	https://seer.cancer.gov/archive/publications/childhood/childhood-monograph.pdf	medium	"Monograph states embryonal is ""about 75% of rhabdomyosarcoma cases"", vs PDQ's modern 57%. The difference is reclassification, not a real epidemiological shift. Cite whichever era you are using, and say so."
Ewing sarcoma	Ewing sarcoma and related sarcomas of bone	0-19	3.0	~250 (derived)	US	NCI PDQ Ewing Sarcoma Treatment (HP), citing National Childhood Cancer Registry (NCCR) 2016-2020	2025	https://www.cancer.gov/types/bone/hp/ewing-treatment-pdq	high	US cases DERIVED by us as 3.0 x ~82M. Age-specific rates per million: <1y 0.5; 1-4y 1.0; 5-9y 2.3; 10-14y 4.3; 15-19y 4.5. Male 3.5 vs female 2.5 (58:42 M:F).
Ewing sarcoma	Ewing sarcoma (ICCC VIIIc)	0-19	2.9	~200	US	SEER Pediatric Monograph, bone chapter (SEER 1975-95)	1999	https://seer.cancer.gov/archive/publications/childhood/childhood-monograph.pdf	high	Older SEER estimate. 34% of childhood malignant bone tumors; 1.9% of all cancer 0-19. Sex-specific: 3.3 male, 2.6 female.
Ewing sarcoma	Ewing sarcoma	0-14	~2.3-2.4 (derived)	~140 (derived)	US	DERIVED by us from NCCR age-specific rates reported in NCI PDQ Ewing Sarcoma Treatment (HP)	2025	https://www.cancer.gov/types/bone/hp/ewing-treatment-pdq	medium	DERIVED, NOT PUBLISHED AS SUCH: population-weighted average of the published <1/1-4/5-9/10-14 rates. Cross-check: monograph Table 1 gives Ewing as 1.7% of all cancer 0-14 vs 1.9% at 0-19.
Ewing sarcoma	Ewing sarcoma	all ages	~1.0-1.5 (derived)	~350-450 (derived)	US	DERIVED from Jawad et al. race-specific SEER rates, Cancer	2009	PMID 19548262	low	EXTRAPOLATION. Jawad reports race-specific all-ages SEER incidence per 100,000: Caucasian 0.155, Asian/Pacific Islander 0.082, African American 0.017 - i.e. ~1.55, 0.82 and 0.17 per million. Population-weighted US ~1.3/million. Roughly 25-30% of Ewing sarcoma occurs at age >=20, so all-ages case count exceeds the 0-19 count by that margin.
Ewing sarcoma	ANCESTRY DIFFERENCE - 9-fold White:Black	<40 / all ages (SEER)	White 1.55, Asian/PI 0.82, Black 0.17	-	US	Jawad et al., Ewing sarcoma demonstrates racial disparities in incidence-related and sex-related differences in outcome: an analysis of 1631 cases from the SEER database 1973-2005, Cancer	2009	PMID 19548262	high	"The difference in incidence between Caucasians and African Americans was 9-fold and significant (P<.001). Independently stated by NCI PDQ: ""nine times greater in White people than in Black people, with an intermediate incidence in Asian people."" SEER Pediatric Monograph reports a ~6-fold White:Black difference for children (1975-95) - CITE BOTH if you quote a fold-difference."
Ewing sarcoma	ANCESTRY DIFFERENCE - international comparison	0-49	-	-	Global (Cancer Incidence in Five Continents)	Spector et al., Comparative international incidence of Ewing sarcoma 1988 to 2012, Int J Cancer	2021	PMID 33961701	high	15,874 cases, CI5 1988-2012. Populations of predominantly African, East Asian and Southeast Asian ancestry had the LOWEST incidence; Pacific Islander, European and North African/Middle Eastern ancestry the HIGHEST. Male excess in most regions. Best citation for an ancestry (rather than US-race) framing.
Ewing sarcoma	Ethnic differences in presentation	<40	-	-	US	Worch et al., Ethnic and racial differences in patients with Ewing sarcoma, Cancer	2010	PMID 20052725	high	1,715 SEER patients <40y, 1973-2005. Black patients had significantly MORE soft-tissue (extraskeletal) primaries than White non-Hispanic patients (P<.0001); Asian and White Hispanic intermediate. Useful supporting citation but reports proportions, not incidence rates.
Ewing sarcoma	Bone vs extraskeletal split	0-19	-	-	US	NCI PDQ Ewing Sarcoma Treatment (HP), Table 2 primary site distribution	2025	https://www.cancer.gov/types/bone/hp/ewing-treatment-pdq	medium	Approximately 81% skeletal / 19% extraskeletal (soft tissue) in the pediatric PDQ site table. Extraskeletal share is HIGHER in adults and in Black patients, and has risen over time with better molecular ascertainment. Treat 19% as a pediatric lower bound; adult series report 20-30%.
Ewing sarcoma	Site distribution	0-19	-	-	US	SEER Pediatric Monograph, bone chapter	1999	https://seer.cancer.gov/archive/publications/childhood/childhood-monograph.pdf	high	"Ewing sarcomas occur ""roughly evenly between the extremities and the central axis"" (central axis 45%), in contrast to osteosarcoma where the lower-limb long bones account for 78%."
CIC-rearranged sarcoma	Most commonly CIC::DUX4	all ages	<=1 (ultra-rare class); no entity-specific published rate	~10-20 (very rough extrapolation)	Global	Stacchiotti et al. CTOS ultra-rare consensus (threshold); relative-frequency series below	2021	PMID 33910263	low	"NO POPULATION-BASED INCIDENCE HAS BEEN PUBLISHED FOR THIS ENTITY. Only bounded as ""ultra-rare"" (<=1/million/yr). Case estimate is OUR extrapolation from relative-frequency series and should be presented as an order of magnitude only."
CIC-rearranged sarcoma	As % of undifferentiated/small round cell sarcoma	all ages	-	-	Multiple referral series	Range across published series (see notes)	2017-2026	PMID 42125688 (PMC13158063); Indian J Med Res series (PMC7038815)	medium	RANGE, SOURCES DISAGREE BY DESIGN: 5/90 (5.6%) of all molecularly characterized small round cell sarcomas and 5/14 (36%) of NON-Ewing SRCS in a modern consecutive series; 7/32 (21.8%) of undifferentiated round cell sarcomas in a referral series; 6/200 (3%) in Machado et al. Referral series are enriched; consecutive series are lower.
CIC-rearranged sarcoma	Relative position among EWSR1-negative round cell sarcomas	all ages	-	-	-	Consensus of pathology literature	2025	PMID 42125688	high	"CIC-rearranged sarcoma is consistently ""the predominant abnormality among EWSR1-negative small round cell sarcomas"" - i.e. the single most common Ewing-like entity. Frequently quoted as ~two-thirds of EWSR1-negative URCS; that specific fraction traces to enriched referral series and should be given as ""the majority"" rather than a precise number."
CIC-rearranged sarcoma	Site and age skew	all ages	-	-	-	CIC-rearranged sarcoma clinicopathological series	2026	PMID 41686231	medium	Predominantly SOFT TISSUE (visceral ~12%); skews to young adults rather than children; markedly worse prognosis than Ewing sarcoma (~43% 5-yr OS). CNS CIC-rearranged sarcomas are a distinct pediatric-predominant group (CIC::LEUTX, CIC::NUTM1 >50% of CNS cases).
BCOR-CCNB3 sarcoma	BCOR::CCNB3 fusion	all ages	<=1 (ultra-rare class); no entity-specific published rate	<10 (very rough extrapolation)	Global	Stacchiotti et al. CTOS ultra-rare consensus (threshold)	2021	PMID 33910263	low	NO POPULATION-BASED INCIDENCE PUBLISHED. Case estimate is OUR order-of-magnitude extrapolation.
BCOR-CCNB3 sarcoma	As % of undifferentiated round cell sarcoma	all ages	-	-	Multiple referral series	Range across published series	2012-2026	PMID 42125688 (PMC13158063); Indian J Med Res series (PMC7038815)	medium	"PUBLISHED RANGE 1.4-16%: 1/90 (1.1%) of all molecularly characterized SRCS in a modern consecutive series; 5/32 (15.6%) in a referral URCS series; 5/200 (2.5%) in Machado et al.; the Indian J Med Res review cites ""1.4-13 percent in different studies"". Combined CIC+BCOR was 16/164 (9.7%) in Yamada et al."
BCOR-CCNB3 sarcoma	Demographics	all ages	-	-	-	Pathology literature consensus	2018-2026	PMID 42125688	medium	Strong male predominance, adolescent peak, bone-predominant - so its PAEDIATRIC share is higher than CIC-rearranged sarcoma even though its overall frequency is lower.
EWSR1-NFATC2 sarcoma	Round cell sarcoma with EWSR1-non-ETS fusion	all ages	<=1 (ultra-rare class); no published rate	not estimable	Global	Atlas of Genetics and Cytogenetics in Oncology and Haematology; CTOS ultra-rare list	2021-2025	https://atlasgeneticsoncology.org/solid-tumor/208983/round-cell-sarcoma-with-ewsr1-non-ets-fusions	low	Fewer than ~100 cases reported worldwide. Median age at presentation ~30 years - NOT primarily pediatric. Strong male predilection. ~80% arise in BONE, ~20% soft tissue. Only 1/90 (EWSR1::ATF1) and 1/90 (EWSR1::CREB1) non-ETS EWSR1 fusions in the modern consecutive SRCS series.
EWSR1-PATZ1 sarcoma	Round cell/spindle cell sarcoma with EWSR1::PATZ1	all ages	<=1 (ultra-rare class); no published rate	not estimable	Global	Atlas of Genetics and Cytogenetics in Oncology and Haematology; defining series of 9 cases (Mod Pathol)	2020-2025	https://atlasgeneticsoncology.org/solid-tumor/208983/round-cell-sarcoma-with-ewsr1-non-ets-fusions	low	Very few cases reported (defining series n=9). Median age ~40 years - predominantly ADULT, not pediatric. Equal sex distribution. Predilection for thoracoabdominal soft tissue; frequent co-expression of neural and skeletal-muscle markers (a diagnostic trap for RMS).
Non-Ewing small round cell sarcoma	All non-Ewing SRCS as a group	all ages	-	-	Single-institution consecutive molecular series	Clinicopathologic correlates of Ewing (FET::ETS-rearranged) sarcoma and non-Ewing undifferentiated small round cell sarcomas	2026	PMID 42125688	medium	"14/90 (16%) of molecularly characterized small round cell sarcomas were non-Ewing: CIC::DUX4 n=5, BCOR-altered n=1, EWSR1::ATF1 n=1, EWSR1::CREB1 n=1, YWHAE::NUTM2B n=1, fusion-negative n=5. Non-Ewing SRCS were 86% extraskeletal. BEST SINGLE ANCHOR for the size of the ""Ewing-like"" category relative to true Ewing sarcoma."
Osteosarcoma	All osteosarcoma	0-14	4.0 (95% CI 3.5-4.6)	~245 (derived)	US	Mirabello, Troisi & Savage, The epidemiology of osteosarcoma (SEER 1973-2004)	2009	PMID 20213383	high	US cases DERIVED by us as 4.0 x ~61M. Independently reproduced in StatPearls. 2.4% of childhood cancers.
Osteosarcoma	All osteosarcoma	0-19	5.0 (Mirabello, 95% CI 4.6-5.6) to 5.4 (PDQ/NCCR)	~440	US	NCI PDQ Osteosarcoma Treatment (HP) AND Mirabello et al.	2025 / 2009	https://www.cancer.gov/types/bone/hp/osteosarcoma-treatment-pdq ; PMID 20213383	high	"PDQ: ""an estimated osteosarcoma incidence rate of 5.4 cases per 1 million each year in people aged 0 to 19 years... 82 million people between the ages of 0 and 19 years, resulting in an incidence of roughly 440 cases per year"". SEER Pediatric Monograph gives 4.8/million and ~400 cases/yr. RANGE 4.8-5.4/million, 400-440 cases/yr. ~5% of childhood tumors; 56% of childhood malignant bone tumors."
Osteosarcoma	All osteosarcoma	all ages	~3.4 (worldwide); 4 per million <40y (PDQ)	-	Global / US	Ottaviani-type review (SICOT-J, Osteosarcoma: a comprehensive review) AND NCI PDQ	2018 / 2025	PMID 29629690	medium	"SICOT-J: ""worldwide incidence of 3.4 cases per million people per year"". PDQ: ""4 cases per 1 million each year in people younger than 40 years"". Mirabello all-ages sex-specific: 5.4 male, 4.0 female per million. Atlas Genet Cytogenet: 4/million at 0-24 and >60, but only 1.7/million at 25-59."
Osteosarcoma	BIMODAL AGE DISTRIBUTION	all ages	-	-	US	Mirabello et al., The epidemiology of osteosarcoma	2009	PMID 20213383	high	a bimodal age distribution, having the first peak during adolescence and the second peak in older adulthood. First peak at age 10-14, coinciding with the pubertal growth spurt; second peak >65y, largely secondary osteosarcoma (Paget disease, prior radiation). NOTE a 2024 SEER analysis argues the distribution has become effectively unimodal in the US - flag if the bimodality claim is load-bearing.
Osteosarcoma	Race/ethnicity (childhood and adolescent)	0-19	Black 6.8; Hispanic 6.5; White 4.6	-	US	Mirabello et al.	2009	PMID 20213383	high	OPPOSITE DIRECTION TO EWING SARCOMA - osteosarcoma incidence is HIGHER in Black and Hispanic children. Confirmed independently in the SEER Pediatric Monograph.
Osteosarcoma subtype	Conventional (central high-grade), all variants	all ages	-	~350 of the 440 pediatric cases (derived)	Global	SICOT-J, Osteosarcoma: a comprehensive review	2018	PMID 29629690	high	represents 80% of all osteosarcoma cases. US pediatric cases DERIVED as 0.80 x 440.
Osteosarcoma subtype	Conventional - OSTEOBLASTIC	all ages	-	~270-280 (derived)	Global	Update on Conventional Osteosarcoma	2024	PMID 39711636	medium	76-80% OF CONVENTIONAL osteosarcoma (i.e. ~61-64% of ALL osteosarcoma). US cases DERIVED as 0.80 x 0.78 x 440. A single Brazilian institutional series reported only 53.3% osteoblastic - institutional series vary widely.
Osteosarcoma subtype	Conventional - CHONDROBLASTIC	all ages	-	~35-46 (derived)	Global	Update on Conventional Osteosarcoma	2024	PMID 39711636	medium	10-13% OF CONVENTIONAL (i.e. ~8-10% of all osteosarcoma). US cases DERIVED as 0.80 x 0.10-0.13 x 440.
Osteosarcoma subtype	Conventional - FIBROBLASTIC	all ages	-	~35 (derived)	Global	Update on Conventional Osteosarcoma	2024	PMID 39711636	medium	10% OF CONVENTIONAL (i.e. ~8% of all osteosarcoma). US cases DERIVED as 0.80 x 0.10 x 440. Best prognosis of the three conventional variants (~83% 5-yr OS vs ~60-62%).
Osteosarcoma subtype	Telangiectatic	all ages	-	~18 (derived)	Global	SICOT-J, Osteosarcoma: a comprehensive review	2018	PMID 29629690	high	"accounts for 4% of OS. MDPI review states ""<4%"". US cases DERIVED as 0.04 x 440."
Osteosarcoma subtype	Small cell	all ages	-	~4-9 (derived)	Global	SICOT-J, Osteosarcoma: a comprehensive review	2018	PMID 29629690	high	constitutes 1-2% of all OS. US cases DERIVED as 0.01-0.02 x 440. Key differential against Ewing sarcoma.
Osteosarcoma subtype	Parosteal (low-grade surface)	all ages	-	~18-26 (derived, but see notes)	Global	SICOT-J, Osteosarcoma: a comprehensive review	2018	PMID 29629690	medium	represents 4-6% of OS. CAUTION: parosteal osteosarcoma peaks in the 3rd-4th decade, so applying this fraction to a PAEDIATRIC denominator overestimates pediatric cases. Excellent prognosis (>90% 10-yr OS).
Osteosarcoma subtype	Periosteal (intermediate-grade surface)	all ages	-	~4-9 (derived, low precision)	Global	SICOT-J, Osteosarcoma: a comprehensive review	2018	PMID 29629690	low	"Described only as ""less common than parosteal""; no percentage given in the source. Commonly quoted at 1-2% of osteosarcoma elsewhere. US case estimate is OUR extrapolation from that unsourced 1-2%; treat as indicative only."
Osteosarcoma subtype	High-grade surface	all ages	-	~4 (derived)	Global	SICOT-J, Osteosarcoma: a comprehensive review	2018	PMID 29629690	high	constitutes less than 1% of all OS. Behaves aggressively (<50% 10-yr OS).
Osteosarcoma subtype	Low-grade central	all ages	-	~4-9 (derived)	Global	SICOT-J, Osteosarcoma: a comprehensive review	2018	PMID 29629690	high	accounts for 1-2% of all OS.
Osteosarcoma subtype	Secondary osteosarcoma	all ages	-	-	Global	Osteosarcoma morphological/molecular review	2025	PMC12561861	medium	Arises on Paget disease of bone or prior radiation; concentrated in the >65y second peak, therefore essentially absent from a 0-19 denominator. No reliable percentage in the sources reviewed.
Chondrosarcoma	All chondrosarcoma of bone	all ages	2-4 (age-standardized; authors' preferred estimate)	~670-1,340 (derived)	International review (USA, England, Switzerland, France, Netherlands, others)	Thorkildsen & Myklebust, The national incidence of chondrosarcoma of bone; a review, Acta Oncol	2023	PMID 36856035	high	the most likely national incidence of CS of bone is between 2-4 per million per year; four studies (USA, England, Switzerland, France) report age-standardized 2.0-4.1/million; three modern reports 3.4-4.1. Crude national rates span 0.27 (Saudi Arabia) to 5.4 (Netherlands). US cases DERIVED by us as 2-4 x ~335M. SEE NOTE ON GRADE 1 BELOW.
Chondrosarcoma	Grade-1 / atypical cartilaginous tumor caveat	all ages	-	-	Netherlands	Thorkildsen & Myklebust, Acta Oncol	2023	PMID 36856035	high	"CRITICAL CAVEAT: the Netherlands' outlying 5.4/million was ""driven by a 10-fold increase in the incidence of ACT/grade 1 CS during the study period"" - i.e. reclassification, not real change. Whether ACT/grade 1 is counted as malignant is the single largest driver of between-country variation in chondrosarcoma incidence."
Chondrosarcoma	High-grade central chondrosarcoma only	all ages	1.5 (=0.15/100,000 ESR)	-	Netherlands	Goedhart et al., Bone sarcoma incidence in the Netherlands	2019	PMID 30903831	high	n=429, 2000-2014, European Standardized Rate. This is HIGH-GRADE ONLY and is therefore much lower than all-chondrosarcoma rates - do not compare directly with the 2-4/million figure above.
Chondrosarcoma	Pediatric chondrosarcoma (ICCC VIIIb)	0-19	0.5	~41 (derived)	US	SEER Pediatric Monograph, bone chapter (SEER 1975-95)	1999	https://seer.cancer.gov/archive/publications/childhood/childhood-monograph.pdf	high	0.3% of all cancer 0-19 and 0.2% at 0-14. Sex-specific 0.4 female / 0.6 male. Chondrosarcoma is overwhelmingly an ADULT tumor - it is only ~6% of pediatric bone tumors vs 56% osteosarcoma and 34% Ewing.
Mesenchymal chondrosarcoma	Distinct HEY1::NCOA2-driven entity	all ages	<=1 (ultra-rare class); no entity-specific rate published	not reliably estimable	Global	Dudzisz-Sledz et al., Mesenchymal Chondrosarcoma from Diagnosis to Clinical Trials, Cancers	2023	PMID 37760551	low	accounting for approximately 1-10% of all chondrosarcomas. WIDE AND UNSATISFACTORY RANGE - most sources cluster at 2-3%. Disproportionately affects children and young adults (unlike conventional chondrosarcoma), and ~1/3 arise in extraskeletal sites. ~20% metastatic at diagnosis; ~55% 5-yr survival. On the CTOS ultra-rare list.
Chordoma	All chordoma	all ages	~1	~335 (derived)	US	NCI PDQ Childhood Chordoma Treatment (HP)	2025	https://www.cancer.gov/types/bone/hp/child-chordoma-treatment-pdq	high	The incidence in the United States is approximately 1 case per 1 million people per year. US cases DERIVED by us as 1 x ~335M.
Chordoma	Pediatric chordoma	0-19	~0.2 (derived)	~17 (derived)	US	NCI PDQ Childhood Chordoma Treatment (HP)	2025	https://www.cancer.gov/types/bone/hp/child-chordoma-treatment-pdq	medium	Only 5% of all chordomas occur in patients younger than 20 years. Cases and rate DERIVED by us (0.05 x 335). PAEDIATRIC CHORDOMA IS EXCEPTIONALLY RARE.
Chordoma	Pediatric chordoma - registry corroboration	0-19	-	~2/year in SEER catchment	US	Pediatric Chordomas: A Population-Based Clinical Outcome Study Involving 86 Patients from SEER (1973-2011)	2016	PMID 26881831	high	Only 86 patients aged <=19 across 39 years of SEER, vs 1,272 adults (>=20y) - i.e. pediatric cases are 6.3% of SEER chordoma, closely matching the PDQ 5% figure. Pediatric chordomas are typically small, cranial, and male/Caucasian-predominant.
Giant cell tumor of bone	GCTB (locally aggressive, H3F3A-driven)	all ages	1.7	~570 (derived, assumes US rate = NL rate)	Netherlands (nationwide pathology registry)	Verschoor et al., Incidence and demographics of giant cell tumor of bone in The Netherlands: First nationwide Pathology Registry Study, Acta Orthop	2018	PMID 29987945	high	"138 first diagnoses 2009-2013; ""the incidence was 1.7 per million inhabitants per year""; M:F 1:1.38; MEDIAN AGE 35 (range 9-77); femur 35%, tibia 18%. US case count is OUR extrapolation of the Dutch rate to the US population - no equivalent US population figure exists because GCTB is not a reportable malignancy in SEER."
Giant cell tumor of bone	Age distribution - MOSTLY 20-40	all ages	-	-	International	Chakarun et al., Giant Cell Tumor of Bone: Review, Mimics, and New Developments in Treatment, RadioGraphics	2013	https://pubs.rsna.org/doi/10.1148/rg.331125089	high	"The prevalence of GCT peaks during the 3rd decade, with 80% of cases occurring between 20 and 50 years of age. ""Less than 3% of cases occur before the age of 14 years."" Only 13% occur >50y. GCTB represents 5% of all primary bone tumors and 20% of benign skeletal tumors (up to 20% of all primary bone tumors in southern India and China). CONFIRMS the tumor is essentially post-pediatric."
Chondroblastoma	Benign chondroid tumor (H3F3B-driven)	all ages	no population-based rate published	not estimable	International	Contemporary case-series literature citing standard bone-tumor registry proportions	2025	PMC12631651	low	Chondroblastoma constitutes approximately 1% of all primary bone tumors; predominantly adolescents and young adults; M:F ~2:1; epiphyseal/apophyseal predilection. NO POPULATION-BASED INCIDENCE FIGURE EXISTS - benign bone tumors are not captured by cancer registries. Any per-million figure quoted for chondroblastoma is an inference from surgical case-mix, not from a denominator-based study.
